node1,node2,length,startLon,startLat,endLon,endLat,endNodeL,startNodeL,startYear,endYear,greatCircleDist_km
501,502,12.7032213266926,-73.7972974934222,40.9432775779508,-74.2994185246303,41.2331498515139,12.7032213266926,0,1999,2011.70322132669,53.0686121333097
502,503,2.56744790774836,-74.2994185246303,41.2331498515139,-74.0669047776886,41.1792196037424,15.270669234441,12.7032213266926,2011.70322132669,2014.27066923444,20.3783653425067
502,504,3.01989319703663,-74.2994185246303,41.2331498515139,-74.552559399452,41.4549848651465,15.7231145237292,12.7032213266926,2011.70322132669,2014.72311452373,32.5188632717771
504,505,0.138463650671118,-74.552559399452,41.4549848651465,-74.4249101996084,41.4897472337913,15.8615781744003,15.7231145237292,2014.72311452373,2014.8615781744,11.3289570692968
505,506,0.269234523228653,-74.4249101996084,41.4897472337913,-74.3471552868049,41.4935293204199,16.130812697629,15.8615781744003,2014.8615781744,2015.13081269763,6.49743696905658
503,507,0.960960275216794,-74.0669047776886,41.1792196037424,-73.8907868803066,41.2105173815118,16.2316295096578,15.270669234441,2014.27066923444,2015.23162950966,15.1589377426591
504,509,0.57889403591324,-74.552559399452,41.4549848651465,-74.5842880801765,41.3999707144646,16.3020085596425,15.7231145237292,2014.72311452373,2015.30200855964,6.6724888061072
503,511,1.50023039742658,-74.0669047776886,41.1792196037424,-74.0588584830747,41.0246756115203,16.7708996318675,15.270669234441,2014.27066923444,2015.77089963187,17.2176711522263
506,512,0.712132309413967,-74.3471552868049,41.4935293204199,-74.3613924036792,41.515419121298,16.842945007043,16.130812697629,2015.13081269763,2015.84294500704,2.71056276350185
511,513,0.152977720033724,-74.0588584830747,41.0246756115203,-74.1154920640355,41.0498037141063,16.9238773519013,16.7708996318675,2015.77089963187,2015.9238773519,5.51724901155952
510,514,0.365721145252233,-74.0182804057487,40.5251031245836,-73.9819222090592,40.4696478625105,16.9552230114872,16.589501866235,2015.58950186623,2015.95522301149,6.89822009003789
511,515,0.332364248190738,-74.0588584830747,41.0246756115203,-74.151333519026,41.0527389189966,17.1032638800583,16.7708996318675,2015.77089963187,2016.10326388006,8.36983895231128
512,516,0.262687266503412,-74.3613924036792,41.515419121298,-74.2451053641387,41.6306931515689,17.1056322735464,16.842945007043,2015.84294500704,2016.10563227355,16.0770763360246
509,517,0.845622342524756,-74.5842880801765,41.3999707144646,-74.8065406490226,41.2903620106916,17.1476309021672,16.3020085596425,2015.30200855964,2016.14763090217,22.2242474759561
507,518,0.969457295130517,-73.8907868803066,41.2105173815118,-73.8184067516539,41.303696351354,17.2010868047883,16.2316295096578,2015.23162950966,2016.20108680479,12.0121609613714
507,519,0.983637367304297,-73.8907868803066,41.2105173815118,-73.7715895474737,41.1765033711425,17.2152668769621,16.2316295096578,2015.23162950966,2016.21526687696,10.6790279249135
516,520,0.142914787987699,-74.2451053641387,41.6306931515689,-74.3027175785177,41.6359594916205,17.2485470615341,17.1056322735464,2016.10563227355,2016.24854706153,4.8293291383049
518,521,0.0731352418898423,-73.8184067516539,41.303696351354,-73.679118513889,41.3958221071833,17.2742220466781,17.2010868047883,2016.20108680479,2016.27422204668,15.5137857325719
512,522,0.456133220808051,-74.3613924036792,41.515419121298,-74.3833176570342,41.5433708202627,17.299078227851,16.842945007043,2015.84294500704,2016.29907822785,3.6085136884913
519,523,0.122891559558449,-73.7715895474737,41.1765033711425,-73.837412184982,41.2195643957175,17.3381584365205,17.2152668769621,2016.21526687696,2016.33815843652,7.30611777940259
520,524,0.129145503978195,-74.3027175785177,41.6359594916205,-74.3243801324454,41.6676244892788,17.3776925655123,17.2485470615341,2016.24854706153,2016.37769256551,3.95891450611574
510,525,0.830645247647251,-74.0182804057487,40.5251031245836,-74.1090105657335,40.3688095313361,17.4201471138822,16.589501866235,2015.58950186623,2016.42014711388,19.0214242008112
520,526,0.184631593559713,-74.3027175785177,41.6359594916205,-74.4269257053008,41.7138778176868,17.4331786550938,17.2485470615341,2016.24854706153,2016.43317865509,13.4873834202743
518,527,0.23691019157573,-73.8184067516539,41.303696351354,-74.021777977157,41.2879629919928,17.437996996364,17.2010868047883,2016.20108680479,2016.43799699636,17.0996960255463
514,528,0.512445778543607,-73.9819222090592,40.4696478625105,-74.1027018408131,40.4610141188125,17.4676687900308,16.9552230114872,2015.95522301149,2016.46766879003,10.2744927403543
506,529,1.35026902014877,-74.3471552868049,41.4935293204199,-74.3245738929922,41.3689029995482,17.4810817177778,16.130812697629,2015.13081269763,2016.48108171778,14.0013208391306
528,531,0.0359943295817491,-74.1027018408131,40.4610141188125,-74.163944834289,40.5053865713434,17.5036631196126,17.4676687900308,2016.46766879003,2016.50366311961,7.16178755984976
513,532,0.594080242484814,-74.1154920640355,41.0498037141063,-74.257855494737,41.2060957035838,17.5179575943861,16.9238773519013,2015.9238773519,2016.51795759439,21.1005976572512
515,533,0.44457096172357,-74.151333519026,41.0527389189966,-74.2126879717175,41.0060912470069,17.5478348417818,17.1032638800583,2016.10326388006,2016.54783484178,7.31544794729635
517,534,0.413019407706368,-74.8065406490226,41.2903620106916,-74.966203118972,41.4030124107513,17.5606503098736,17.1476309021672,2016.14763090217,2016.56065030987,18.311737860956
525,536,0.157336807700338,-74.1090105657335,40.3688095313361,-74.2310784187218,40.3133924859794,17.5774839215826,17.4201471138822,2016.42014711388,2016.57748392158,12.0557140001374
526,537,0.171336270679857,-74.4269257053008,41.7138778176868,-74.3774840502859,41.6283549181683,17.6045149257736,17.4331786550938,2016.43317865509,2016.60451492577,10.3705274626163
534,539,0.0623367082005767,-74.966203118972,41.4030124107513,-74.911654459346,41.4130317513295,17.6229870180742,17.5606503098736,2016.56065030987,2016.62298701807,4.68912739477353
522,540,0.331769751648589,-74.3833176570342,41.5433708202627,-74.4028766347791,41.6826671794789,17.6308479794996,17.299078227851,2016.29907822785,2016.6308479795,15.5922241943834
534,541,0.108315994105341,-74.966203118972,41.4030124107513,-75.0496620818483,41.3778680311296,17.6689663039789,17.5606503098736,2016.56065030987,2016.66896630398,7.51134219751273
532,542,0.152026925440739,-74.257855494737,41.2060957035838,-74.2364775292347,41.2221001103403,17.6699845198268,17.5179575943861,2016.51795759439,2016.66998451983,2.52575196267057
537,544,0.0808517175706657,-74.3774840502859,41.6283549181683,-74.3984047033688,41.6376592146436,17.6853666433443,17.6045149257736,2016.60451492577,2016.68536664334,2.02556703160924
513,545,0.768103267398547,-74.1154920640355,41.0498037141063,-73.9492173481801,41.226262115124,17.6919806192998,16.9238773519013,2015.9238773519,2016.6919806193,24.0879396060358
505,546,1.83215466820131,-74.4249101996084,41.4897472337913,-74.6282698404315,41.5653972126699,17.6937328426017,15.8615781744003,2014.8615781744,2016.6937328426,18.9252798880253
529,547,0.215338179684809,-74.3245738929922,41.3689029995482,-74.1504833467502,41.1956329477058,17.6964198974626,17.4810817177778,2016.48108171778,2016.69641989746,24.1696558838677
543,548,0.0237710992049186,-74.3368809364415,41.6272787195189,-74.3220213757002,41.6367196406079,17.7017430194285,17.6779719202236,2016.67797192022,2016.70174301943,1.62274921188787
543,550,0.0265873335955967,-74.3368809364415,41.6272787195189,-74.3812153986995,41.597861583683,17.7045592538192,17.6779719202236,2016.67797192022,2016.70455925382,4.93363986035585
528,551,0.246218390794354,-74.1027018408131,40.4610141188125,-74.0979826791195,40.3327685159532,17.7138871808252,17.4676687900308,2016.46766879003,2016.71388718083,14.2824021217068
542,552,0.0473575873711322,-74.2364775292347,41.2221001103403,-74.2122372937405,41.1893549256974,17.717342107198,17.6699845198268,2016.66998451983,2016.7173421072,4.17255113442312
523,554,0.392951324085078,-73.837412184982,41.2195643957175,-73.722061515991,41.4811947268556,17.7311097606056,17.3381584365205,2016.33815843652,2016.73110976061,30.6794802326264
527,555,0.294600776686768,-74.021777977157,41.2879629919928,-73.9735752309708,41.2428677910104,17.7325977730508,17.437996996364,2016.43799699636,2016.73259777305,6.43982239018669
527,556,0.296580595059825,-74.021777977157,41.2879629919928,-73.9747631760837,41.2845658268828,17.7345775914238,17.437996996364,2016.43799699636,2016.73457759142,3.95098798947678
529,557,0.254316234298629,-74.3245738929922,41.3689029995482,-74.3253193246807,41.4884819001024,17.7353979520764,17.4810817177778,2016.48108171778,2016.73539795208,13.3121315740457
557,558,0.00064419869363247,-74.3253193246807,41.4884819001024,-74.3290294726217,41.4923461723623,17.73604215077,17.7353979520764,2016.73539795208,2016.73604215077,0.529885989895798
557,559,0.00510936809035047,-74.3253193246807,41.4884819001024,-74.3208303122623,41.490688325954,17.7405073201667,17.7353979520764,2016.73539795208,2016.74050732017,0.447730666375261
533,561,0.208420952079313,-74.2126879717175,41.0060912470069,-74.2523401244591,41.0690786643737,17.7562557938612,17.5478348417818,2016.54783484178,2016.75625579386,7.76235584956884
524,562,0.383993777162563,-74.3243801324454,41.6676244892788,-74.3371439492637,41.6349959970288,17.7616863426748,17.3776925655123,2016.37769256551,2016.76168634267,3.78431745780244
558,564,0.0335373664884036,-74.3290294726217,41.4923461723623,-74.384932641073,41.4645912205779,17.7695795172584,17.73604215077,2016.73604215077,2016.76957951726,5.59341888439412
539,565,0.150570497444827,-74.911654459346,41.4130317513295,-74.9136291388153,41.4241567327465,17.773557515519,17.6229870180742,2016.62298701807,2016.77355751552,1.24939904902392
551,566,0.0611323961136363,-74.0979826791195,40.3327685159532,-74.0985781832038,40.3740543676604,17.7750195769388,17.7138871808252,2016.71388718083,2016.77501957694,4.59637850429943
546,568,0.0881076573650627,-74.6282698404315,41.5653972126699,-74.65669507141,41.5714831881297,17.7818404999667,17.6937328426017,2016.6937328426,2016.78184049997,2.4625300987922
566,569,0.00714978202204867,-74.0985781832038,40.3740543676604,-74.1274837418025,40.3771734093036,17.7821693589608,17.7750195769388,2016.77501957694,2016.78216935896,2.47589386623237
566,570,0.00763144285048119,-74.0985781832038,40.3740543676604,-74.1128961139898,40.3844321460718,17.7826510197893,17.7750195769388,2016.77501957694,2016.78265101979,1.67601124347295
545,571,0.0998203717119514,-73.9492173481801,41.226262115124,-73.866571216875,41.2286475635001,17.7918009910118,17.6919806192998,2016.6919806193,2016.79180099101,6.92477260949194
540,572,0.163425354594635,-74.4028766347791,41.6826671794789,-74.373020118664,41.684784097162,17.7942733340942,17.6308479794996,2016.6308479795,2016.79427333409,2.49342305842349
533,573,0.248796177749612,-74.2126879717175,41.0060912470069,-74.287793092295,41.0339233747875,17.7966310195315,17.5478348417818,2016.54783484178,2016.79663101953,7.02804469087941
568,577,0.0281304203030954,-74.65669507141,41.5714831881297,-74.6480332820196,41.616090690666,17.8099709202698,17.7818404999667,2016.78184049997,2016.80997092027,5.01796889066492
577,578,0.00314891824005935,-74.6480332820196,41.616090690666,-74.6353557385687,41.6155544204506,17.8131198385099,17.8099709202698,2016.80997092027,2016.81311983851,1.05680611156382
562,579,0.0531982688612233,-74.3371439492637,41.6349959970288,-74.429502122209,41.5980075089974,17.8148846115361,17.7616863426748,2016.76168634267,2016.81488461154,8.72009101043865
522,580,0.516679043642696,-74.3833176570342,41.5433708202627,-74.4824262839942,41.5167646728369,17.8157572714937,17.299078227851,2016.29907822785,2016.81575727149,8.77452577928593
516,581,0.71120651051193,-74.2451053641387,41.6306931515689,-74.1401584343529,41.6985561508404,17.8168387840583,17.1056322735464,2016.10563227355,2016.81683878406,11.5433878982585
540,582,0.186326033583134,-74.4028766347791,41.6826671794789,-74.4698743377486,41.8006281940545,17.8171740130827,17.6308479794996,2016.6308479795,2016.81717401308,14.2624350826193
546,585,0.129507994254515,-74.6282698404315,41.5653972126699,-74.6382334227382,41.539802956722,17.8232408368562,17.6937328426017,2016.6937328426,2016.82324083686,2.9676971467478
514,586,0.87139084688396,-73.9819222090592,40.4696478625105,-74.1087592397831,40.4718260460673,17.8266138583712,16.9552230114872,2015.95522301149,2016.82661385837,10.7443419395117
587,588,0.00131972234270029,-74.2643554676598,41.2431423811911,-74.2609863336745,41.2418016167274,17.8436315077429,17.8423117854002,2016.8423117854,2016.84363150774,0.319083532776194
548,591,0.157361483458789,-74.3220213757002,41.6367196406079,-74.2169395028013,41.6757439677725,17.8591045028873,17.7017430194285,2016.70174301943,2016.85910450289,9.76035148989175
539,594,0.239945065074245,-74.911654459346,41.4130317513295,-75.0278167609273,41.3706783993674,17.8629320831484,17.6229870180742,2016.62298701807,2016.86293208315,10.7864448187388
552,595,0.14699400410355,-74.2122372937405,41.1893549256974,-74.2116625660578,41.1028126615085,17.8643361113015,17.717342107198,2016.7173421072,2016.8643361113,9.63434037447787
570,599,0.0888597097001958,-74.1128961139898,40.3844321460718,-74.0813848066581,40.342774753707,17.8715107294895,17.7826510197893,2016.78265101979,2016.87151072949,5.35260652458607
555,600,0.139074431915193,-73.9735752309708,41.2428677910104,-74.0195408759681,41.2499546279599,17.871672204966,17.7325977730508,2016.73259777305,2016.87167220497,3.92748537263785
544,601,0.186508826263633,-74.3984047033688,41.6376592146436,-74.3966009830131,41.5586303413738,17.871875469608,17.6853666433443,2016.68536664334,2016.87187546961,8.79908150291374
572,603,0.0820580587066079,-74.373020118664,41.684784097162,-74.3011744548033,41.7086868274743,17.8763313928009,17.7942733340942,2016.79427333409,2016.8763313928,6.53801347169157
562,604,0.118211737220381,-74.3371439492637,41.6349959970288,-74.4261594402365,41.6703826915008,17.8798980798952,17.7616863426748,2016.76168634267,2016.8798980799,8.38702702404672
579,606,0.0693381865925542,-74.429502122209,41.5980075089974,-74.3743072523191,41.5879562729626,17.8842227981286,17.8148846115361,2016.81488461154,2016.88422279813,4.72961655555754
594,607,0.0254223198857839,-75.0278167609273,41.3706783993674,-75.0257082866074,41.3839208032529,17.8883544030342,17.8629320831484,2016.86293208315,2016.88835440303,1.48468000800105
580,609,0.0747383492071086,-74.4824262839942,41.5167646728369,-74.4674985310107,41.5970794723091,17.8904956207008,17.8157572714937,2016.81575727149,2016.8904956207,9.02701698270507
556,611,0.156938120004397,-73.9747631760837,41.2845658268828,-74.0461798079996,41.2598335371275,17.8915157114282,17.7345775914238,2016.73457759142,2016.89151571143,6.57919166573537
600,615,0.0226985354550981,-74.0195408759681,41.2499546279599,-73.9959981624706,41.2361353197771,17.8943707404211,17.871672204966,2016.87167220497,2016.89437074042,2.50006335510038
588,616,0.0514959011020531,-74.2609863336745,41.2418016167274,-74.3005862138237,41.2495382354871,17.895127408845,17.8436315077429,2016.84363150774,2016.89512740884,3.42470726546057
594,619,0.0351864344073898,-75.0278167609273,41.3706783993674,-75.0104467655083,41.3869651340507,17.8981185175558,17.8629320831484,2016.86293208315,2016.89811851756,2.32220181677751
577,620,0.0882299682826891,-74.6480332820196,41.616090690666,-74.6063067113103,41.5683795639819,17.8982008885525,17.8099709202698,2016.80997092027,2016.89820088855,6.346648042674
578,623,0.085751792906894,-74.6353557385687,41.6155544204506,-74.5947936584659,41.6565653991948,17.8988716314168,17.8131198385099,2016.81311983851,2016.89887163142,5.67742697592394
621,624,0.0018467620720023,-74.2582266723768,41.5789886332241,-74.2675829826959,41.5812074752586,17.9001807312443,17.8983339691723,2016.89833396917,2016.90018073124,0.817349973034452
521,630,0.6296552893596,-73.679118513889,41.3958221071833,-73.4932363709815,41.4116742616763,17.9038773360377,17.2742220466781,2016.27422204668,2016.90387733604,15.6212398345803
573,631,0.108065016588329,-74.287793092295,41.0339233747875,-74.2246963840501,41.1006686617584,17.9046960361198,17.7966310195315,2016.79663101953,2016.90469603612,9.1244402560034
549,632,0.202719637016969,-74.2333183661235,40.6007602269898,-74.1881278837162,40.5781098280166,17.9048845042553,17.7021648672383,2016.70216486724,2016.90488450426,4.57744856517977
547,633,0.208731872309564,-74.1504833467502,41.1956329477058,-74.1088508854045,41.2106098872868,17.9051517697721,17.6964198974626,2016.69641989746,2016.90515176977,3.86514090117003
531,634,0.401726445563157,-74.163944834289,40.5053865713434,-74.0114185999495,40.5881411608725,17.9053895651757,17.5036631196126,2016.50366311961,2016.90538956518,15.8539210522888
556,636,0.172203411482166,-73.9747631760837,41.2845658268828,-73.8916817656257,41.2057940588452,17.906781002906,17.7345775914238,2016.73457759142,2016.90678100291,11.1919558640272
632,637,0.00322931279321595,-74.1881278837162,40.5781098280166,-74.1800060240831,40.5722386996432,17.9081138170485,17.9048845042553,2016.90488450426,2016.90811381705,0.948061950240432
579,641,0.0955641185588768,-74.429502122209,41.5980075089974,-74.3825010334671,41.6270623093819,17.9104487300949,17.8148846115361,2016.81488461154,2016.91044873009,5.07597280196109
605,643,0.0283051389294211,-74.7010041340933,41.5690158226454,-74.6817932454716,41.5266231715947,17.912248161738,17.8839430228085,2016.88394302281,2016.91224816174,4.98334275177103
633,646,0.00881859254450699,-74.1088508854045,41.2106098872868,-74.1323423063007,41.218307772582,17.9139703623167,17.9051517697721,2016.90515176977,2016.91397036232,2.14579601599483
585,647,0.0911312006085886,-74.6382334227382,41.539802956722,-74.6558791794413,41.4727819080747,17.9143720374648,17.8232408368562,2016.82324083686,2016.91437203746,7.60468898431645
545,649,0.223706885822284,-73.9492173481801,41.226262115124,-73.9376588082993,41.1995881111446,17.9156875051221,17.6919806192998,2016.6919806193,2016.91568750512,3.12323927394751
593,650,0.0551703877541863,-74.4494283271183,41.4449504057688,-74.445024702348,41.4279488767789,17.9161947858063,17.8610243980521,2016.86102439805,2016.91619478581,1.92802831324213
615,652,0.0256402309574589,-73.9959981624706,41.2361353197771,-73.9480295589158,41.1962491149341,17.9200109713785,17.8943707404211,2016.89437074042,2016.92001097138,5.98764953042667
631,653,0.0164242109047343,-74.2246963840501,41.1006686617584,-74.1892540328831,41.0719106224784,17.9211202470245,17.9046960361198,2016.90469603612,2016.92112024702,4.36957603694019
619,655,0.0241527641113861,-75.0104467655083,41.3869651340507,-74.9819448131935,41.3930538573555,17.9222712816672,17.8981185175558,2016.89811851756,2016.92227128167,2.47505202746061
555,656,0.18997490478952,-73.9735752309708,41.2428677910104,-73.9723400669591,41.2238725907401,17.9225726778403,17.7325977730508,2016.73259777305,2016.92257267784,2.11714606388211
600,657,0.051600382005582,-74.0195408759681,41.2499546279599,-74.0472016042475,41.2152462790819,17.9232725869715,17.871672204966,2016.87167220497,2016.92327258697,4.50468653943536
553,660,0.199437976870307,-74.3678743595788,41.6199266090184,-74.3561488163742,41.7221442088734,17.9255653562654,17.7261273793951,2016.7261273794,2016.92556535627,11.4209568991558
647,664,0.0129507285995446,-74.6558791794413,41.4727819080747,-74.6593994131405,41.4813108455787,17.9273227660643,17.9143720374648,2016.91437203746,2016.92732276606,0.993834966008026
634,666,0.0229581971163075,-74.0114185999495,40.5881411608725,-73.983696738882,40.5823905105985,17.928347762292,17.9053895651757,2016.90538956518,2016.92834776229,2.42956790749546
544,667,0.243167705847293,-74.3984047033688,41.6376592146436,-74.4416909341351,41.7080698319315,17.9285343491916,17.6853666433443,2016.68536664334,2016.92853434919,8.62531124692462
643,669,0.0164881688789802,-74.6817932454716,41.5266231715947,-74.6804780576837,41.5316449987752,17.9287363306169,17.912248161738,2016.91224816174,2016.92873633062,0.569692611556624
651,670,0.0121586365734368,-75.0332670188782,41.3507841252931,-75.0396710712755,41.3548965394854,17.9292217699398,17.9170631333664,2016.91706313337,2016.92922176994,0.704262805513999
641,672,0.0194632925745258,-74.3825010334671,41.6270623093819,-74.3592124202196,41.598476019094,17.9299120226695,17.9104487300949,2016.91044873009,2016.92991202267,3.7261821941455
607,673,0.0417042846508588,-75.0257082866074,41.3839208032529,-75.0815418794743,41.3716436006738,17.9300586876851,17.8883544030342,2016.88835440303,2016.93005868769,4.86012562139936
558,674,0.194481230221944,-74.3290294726217,41.4923461723623,-74.2554961886287,41.5712102336016,17.930523380992,17.73604215077,2016.73604215077,2016.93052338099,10.7065648816443
561,675,0.174483056009409,-74.2523401244591,41.0690786643737,-74.2549584001271,40.9610810857239,17.9307388498706,17.7562557938612,2016.75625579386,2016.93073884987,12.0247199791051
627,678,0.0298171364530277,-74.351287910848,41.5881545101474,-74.3842013151487,41.618368454146,17.9328810593665,17.9030639229135,2016.90306392291,2016.93288105937,4.33820466577182
650,681,0.0178783064853343,-74.445024702348,41.4279488767789,-74.4397993356054,41.3802931700181,17.9340730922917,17.9161947858063,2016.91619478581,2016.93407309229,5.32312962696863
666,683,0.0066777376327001,-73.983696738882,40.5823905105985,-73.9748953811778,40.6017760115272,17.9350254999247,17.928347762292,2016.92834776229,2016.93502549992,2.28272472035563
631,687,0.0310228134298626,-74.2246963840501,41.1006686617584,-74.262285746618,41.0921910283403,17.9357188495497,17.9046960361198,2016.90469603612,2016.93571884955,3.29172079418831
634,688,0.0315208153424356,-74.0114185999495,40.5881411608725,-74.031773264171,40.6330083536089,17.9369103805181,17.9053895651757,2016.90538956518,2016.93691038052,5.28271068389935
651,690,0.0208910009713447,-75.0332670188782,41.3507841252931,-75.0420001074751,41.3600899023316,17.9379541343377,17.9170631333664,2016.91706313337,2016.93795413434,1.26718224296081
664,698,0.0143093874418164,-74.6593994131405,41.4813108455787,-74.6688127144416,41.5058826365398,17.9416321535061,17.9273227660643,2016.92732276606,2016.94163215351,2.84581638495153
588,706,0.10145699355787,-74.2609863336745,41.2418016167274,-74.3058249633201,41.3329284462655,17.9450885013008,17.8436315077429,2016.84363150774,2016.9450885013,10.815766519498
646,708,0.0322576890898835,-74.1323423063007,41.218307772582,-74.150697069782,41.2459934596444,17.9462280514065,17.9139703623167,2016.91397036232,2016.94622805141,3.44391681105654
681,711,0.0128077190733371,-74.4397993356054,41.3802931700181,-74.4249860014213,41.359552169539,17.946880811365,17.9340730922917,2016.93407309229,2016.94688081136,2.61971361301155
582,713,0.130010950632742,-74.4698743377486,41.8006281940545,-74.5072348178944,41.7282521056798,17.9471849637155,17.8171740130827,2016.81717401308,2016.94718496372,8.63377871237667
587,715,0.105238715781453,-74.2643554676598,41.2431423811911,-74.2842125906715,41.3375550461344,17.9475505011817,17.8423117854002,2016.8423117854,2016.94755050118,10.6408164655047
656,718,0.0272424548459617,-73.9723400669591,41.2238725907401,-73.9729978255479,41.2423129412711,17.9498151326863,17.9225726778403,2016.92257267784,2016.94981513269,2.05358966229229
715,720,0.00377870194527003,-74.2842125906715,41.3375550461344,-74.2784125941663,41.3489122035734,17.9513292031269,17.9475505011817,2016.94755050118,2016.95132920313,1.35406703365465
721,723,0.00134060422984368,-73.8188369280519,41.1527791791607,-73.8230083942767,41.1439402191098,17.9529312385077,17.9515906342779,2016.95159063428,2016.95293123851,1.04427505627098
565,724,0.180029594438555,-74.9136291388153,41.4241567327465,-74.8714539755177,41.4357459855865,17.9535871099576,17.773557515519,2016.77355751552,2016.95358710996,3.74919938288403
653,726,0.0328089285773293,-74.1892540328831,41.0719106224784,-74.1946524838816,41.0775098375491,17.9539291756019,17.9211202470245,2016.92112024702,2016.9539291756,0.770576634944283
715,728,0.00874961773060691,-74.2842125906715,41.3375550461344,-74.3078946046591,41.3751499128324,17.9563001189123,17.9475505011817,2016.94755050118,2016.95630011891,4.62947048494705
672,729,0.0270372425320616,-74.3592124202196,41.598476019094,-74.3133299701865,41.5772479851225,17.9569492652015,17.9299120226695,2016.92991202267,2016.9569492652,4.49216826739742
697,736,0.0189409303982944,-74.2554033809846,41.2237509090372,-74.2411862657726,41.1993812186209,17.959516932115,17.9405760017167,2016.94057600172,2016.95951693212,2.96270198524501
699,737,0.0177145445146953,-73.7981883338954,41.0756897156265,-73.7940256288869,41.0839172861864,17.9599186279996,17.9422040834849,2016.94220408348,2016.959918628,0.980275262424679
541,739,0.292033999854904,-75.0496620818483,41.3778680311296,-74.9446653948567,41.2569219532271,17.9610003038338,17.6689663039789,2016.66896630398,2016.96100030383,16.0733780522843
568,741,0.179496683029856,-74.65669507141,41.5714831881297,-74.4016788928344,41.5467989992526,17.9613371829966,17.7818404999667,2016.78184049997,2016.961337183,21.4199541152277
713,742,0.0144057140058855,-74.5072348178944,41.7282521056798,-74.5102216986151,41.7257268760261,17.9615906777214,17.9471849637155,2016.94718496372,2016.96159067772,0.374982061332983
581,748,0.14637503992002,-74.1401584343529,41.6985561508404,-74.1328313010832,41.6894446053154,17.9632138239783,17.8168387840583,2016.81683878406,2016.96321382398,1.18315121563338
553,752,0.237915726295151,-74.3678743595788,41.6199266090184,-74.3592145473031,41.613933894995,17.9640431056903,17.7261273793951,2016.7261273794,2016.96404310569,0.982091643826769
657,755,0.0416760479152634,-74.0472016042475,41.2152462790819,-74.0546931001621,41.2751084415197,17.9649486348868,17.9232725869715,2016.92327258697,2016.96494863489,6.6935250833312
657,758,0.0423591992398007,-74.0472016042475,41.2152462790819,-74.0590249056018,41.1720599662514,17.9656317862113,17.9232725869715,2016.92327258697,2016.96563178621,4.90862823773906
650,761,0.050654895351813,-74.445024702348,41.4279488767789,-74.4641244763172,41.4635391528141,17.9668496811581,17.9161947858063,2016.91619478581,2016.96684968116,4.27060236765853
580,764,0.151914417117003,-74.4824262839942,41.5167646728369,-74.4972252824506,41.4084219566208,17.9676716886107,17.8157572714937,2016.81575727149,2016.96767168861,12.1241542348447
677,765,0.0353070732298705,-73.5072831146303,41.3890780060805,-73.4634012030557,41.3222770112482,17.9678164454899,17.93250937226,2016.93250937226,2016.96781644549,8.29144911584191
723,769,0.0157389708397641,-73.8230083942767,41.1439402191098,-73.8297098965482,41.1364816214784,17.9686702093475,17.9529312385077,2016.95293123851,2016.96867020935,1.00254558109024
742,772,0.00775489596719818,-74.5102216986151,41.7257268760261,-74.4933295175021,41.7465612668355,17.9693455736886,17.9615906777214,2016.96159067772,2016.96934557369,2.71083185798141
611,775,0.0786499878354413,-74.0461798079996,41.2598335371275,-74.1033562597845,41.2049934627553,17.9701656992637,17.8915157114282,2016.89151571143,2016.97016569926,7.75788895572527
521,783,0.69822428861009,-73.679118513889,41.3958221071833,-73.779792214113,41.3168110461798,17.9724463352882,17.2742220466781,2016.27422204668,2016.97244633529,12.1710877942001
653,789,0.0522561676351951,-74.1892540328831,41.0719106224784,-74.1664607477527,41.0386630560561,17.9733764146597,17.9211202470245,2016.92112024702,2016.97337641466,4.16658293908424
649,796,0.0585939240772948,-73.9376588082993,41.1995881111446,-73.9862468402399,41.1962815901114,17.9742814291994,17.9156875051221,2016.91568750512,2016.9742814292,4.08655823165431
586,803,0.148303642969603,-74.1087592397831,40.4718260460673,-74.2613469164612,40.4255884917318,17.9749175013408,17.8266138583712,2016.82661385837,2016.97491750134,13.9137565649475
754,806,0.0112102207136563,-74.1771699832433,41.0687017276512,-74.2035802099193,41.0817837255548,17.9752806653534,17.9640704446397,2016.96407044464,2016.97528066535,2.65202831055439
606,807,0.0911850474689351,-74.3743072523191,41.5879562729626,-74.3479785853258,41.6385100866851,17.9754078455976,17.8842227981286,2016.88422279813,2016.9754078456,6.03942735843727
671,811,0.0465382370447569,-74.1834409460126,41.3446814871913,-74.2884081007756,41.3736199338189,17.9763459145586,17.9298076775138,2016.92980767751,2016.97634591456,9.34374374874123
604,813,0.0967690876818375,-74.4261594402365,41.6703826915008,-74.4812526339556,41.608590199308,17.9766671675771,17.8798980798952,2016.8798980799,2016.97666716758,8.26616863331239
733,814,0.0183279512455103,-74.1045512849716,40.4853177841968,-74.1108543224293,40.5014223341475,17.9772306721506,17.9589027209051,2016.95890272091,2016.97723067215,1.87054797233687
595,823,0.114784466749338,-74.2116625660578,41.1028126615085,-74.1824756103032,41.1628548770934,17.9791205780508,17.8643361113015,2016.8643361113,2016.97912057805,7.11805355493038
688,829,0.0431773964806138,-74.031773264171,40.6330083536089,-74.0227813911711,40.6415984699626,17.9800877769988,17.9369103805181,2016.93691038052,2016.980087777,1.2212675366568
688,831,0.0434278113740913,-74.031773264171,40.6330083536089,-74.0122778512065,40.6729337353839,17.9803381918922,17.9369103805181,2016.93691038052,2016.98033819189,4.73983147154779
536,839,0.404093513714616,-74.2310784187218,40.3133924859794,-74.251876516582,40.4737058075258,17.9815774352972,17.5774839215826,2016.57748392158,2016.9815774353,17.9336047928316
687,841,0.0464378730953149,-74.262285746618,41.0921910283403,-74.2579512367778,41.0631191558644,17.982156722645,17.9357188495497,2016.93571884955,2016.98215672264,3.25677016166897
649,843,0.066761662674774,-73.9376588082993,41.1995881111446,-73.8860470670742,41.1852816749381,17.9824491677969,17.9156875051221,2016.91568750512,2016.9824491678,4.60759674196056
720,844,0.031235438727354,-74.2784125941663,41.3489122035734,-74.2745948895429,41.3500705129718,17.9825646418543,17.9513292031269,2016.95132920313,2016.98256464185,0.344118963562275
788,846,0.00987268702514306,-74.0828294195019,41.2711577230891,-74.0999837306519,41.2888379265445,17.9830151067999,17.9731424197748,2016.97314241977,2016.9830151068,2.43587473200694
559,854,0.243893054379383,-74.3208303122623,41.490688325954,-74.3792829646116,41.4678805144022,17.9844003745461,17.7405073201667,2016.74050732017,2016.98440037455,5.49671096084077
839,855,0.0028326585663116,-74.251876516582,40.4737058075258,-74.2259476721167,40.4694234162741,17.9844100938635,17.9815774352972,2016.9815774353,2016.98441009386,2.24699649733276
618,857,0.086806352073338,-74.3139199856449,41.6363850311608,-74.3420483324998,41.6021820125792,17.9847318659857,17.8979255139124,2016.89792551391,2016.98473186599,4.46965662407502
771,862,0.0160207088002316,-74.4587390852701,41.5896521199379,-74.4386558904667,41.5830838693442,17.9853220260192,17.969301317219,2016.96930131722,2016.98532202602,1.82510987551931
790,863,0.0119098365043817,-75.0288620652816,41.3927347409485,-75.0163026714248,41.3966472223326,17.9854918768906,17.9735820403862,2016.97358204039,2016.98549187689,1.13570062476647
659,866,0.0613286928315596,-74.1126572758997,40.436529784236,-74.0392406425724,40.4167771555828,17.9861291609383,17.9248004681068,2016.92480046811,2016.98612916094,6.59876578962991
857,867,0.00157266248729898,-74.3420483324998,41.6021820125792,-74.3464402999907,41.6003492889203,17.986304528473,17.9847318659857,2016.98473186599,2016.98630452847,0.418688936139168
678,875,0.054576994066239,-74.3842013151487,41.618368454146,-74.3647609383027,41.6422069288044,17.9874580534328,17.9328810593665,2016.93288105937,2016.98745805343,3.10793581931721
754,876,0.0234807479945242,-74.1771699832433,41.0687017276512,-74.1947443219102,41.0664442431543,17.9875511926342,17.9640704446397,2016.96407044464,2016.98755119263,1.49628756160722
783,886,0.0166627504364144,-73.779792214113,41.3168110461798,-73.8158409757496,41.3164601174456,17.9891090857246,17.9724463352882,2016.97244633529,2016.98910908572,3.01437285711137
637,887,0.0812440237468357,-74.1800060240831,40.5722386996432,-74.2508503117741,40.5951107235721,17.9893578407953,17.9081138170485,2016.90811381705,2016.9893578408,6.50831591830174
775,892,0.0203848916088668,-74.1033562597845,41.2049934627553,-74.1556468145061,41.208716032251,17.9905505908725,17.9701656992637,2016.97016569926,2016.99055059087,4.39905224893411
806,894,0.0158685425701136,-74.2035802099193,41.0817837255548,-74.2037869922705,41.0978042518286,17.9911492079235,17.9752806653534,2016.97528066535,2016.99114920792,1.78355140125249
803,897,0.0164760593460487,-74.2613469164612,40.4255884917318,-74.2779095041087,40.3894458191329,17.9913935606868,17.9749175013408,2016.97491750134,2016.99139356069,4.26145997678866
843,912,0.01020288685283,-73.8860470670742,41.1852816749381,-73.8818784058666,41.161535679546,17.9926520546497,17.9824491677969,2016.9824491678,2016.99265205465,2.6664758790513
886,916,0.00383777906904062,-73.8158409757496,41.3164601174456,-73.8281671892615,41.3077309519917,17.9929468647937,17.9891090857246,2016.98910908572,2016.99294686479,1.41656555568091
813,917,0.0164363297147997,-74.4812526339556,41.608590199308,-74.5088929580442,41.6280003294631,17.9931034972919,17.9766671675771,2016.97666716758,2016.99310349729,3.15605478154176
646,920,0.079400674676202,-74.1323423063007,41.218307772582,-74.0148093945252,41.2147354785322,17.9933710369929,17.9139703623167,2016.91397036232,2016.99337103699,9.85030590572751
837,929,0.013281879040726,-74.3373123121914,41.4407845825654,-74.3711850970428,41.4798606857247,17.994464688551,17.9811828095103,2016.98118280951,2016.99446468855,5.18741460999994
623,933,0.0960305276165158,-74.5947936584659,41.6565653991948,-74.5910307380322,41.6387409596526,17.9949021590333,17.8988716314168,2016.89887163142,2016.99490215903,2.00882379582702
669,935,0.0662806015063485,-74.6804780576837,41.5316449987752,-74.6715287124801,41.5273965436718,17.9950169321233,17.9287363306169,2016.92873633062,2016.99501693212,0.883143618130075
603,963,0.121119671909139,-74.3011744548033,41.7086868274743,-74.3329845120933,41.6484614666931,17.99745106471,17.8763313928009,2016.8763313928,2016.99745106471,7.20735963897529
928,966,0.00317698708562649,-74.1728404236487,40.5644093000903,-74.1843170769153,40.5726020543109,17.9975402123948,17.9943632253092,2016.99436322531,2016.99754021239,1.33182021441928
949,969,0.0013757640296656,-74.7605453979979,41.6187517241515,-74.7525681027601,41.6230821709884,17.9978324797418,17.9964567157122,2016.99645671571,2016.99783247974,0.820448402736925
917,972,0.00493273781456025,-74.5088929580442,41.6280003294631,-74.5090703881003,41.6358432567973,17.9980362351064,17.9931034972919,2016.99310349729,2016.99803623511,0.873229840682566
855,980,0.0141391170772793,-74.2259476721167,40.4694234162741,-74.2381386799646,40.4529721188384,17.9985492109408,17.9844100938635,2016.98441009386,2016.99854921094,2.10245858096595
837,987,0.0177215352754644,-74.3373123121914,41.4407845825654,-74.3309833280052,41.4531910677734,17.9989043447858,17.9811828095103,2016.98118280951,2016.99890434479,1.47866633750998
811,988,0.0226508446613144,-74.2884081007756,41.3736199338189,-74.2843511350425,41.3944168139427,17.9989967592199,17.9763459145586,2016.97634591456,2016.99899675922,2.33985641716814
970,990,0.00121410156479458,-73.4080385098445,41.3384138244587,-73.4104162547956,41.3475061057604,17.9990767536103,17.9978626520456,2016.99786265205,2016.99907675361,1.03151220285952
961,992,0.00182697178254253,-74.5588752231914,41.6906432843876,-74.5543678270681,41.6944602616143,17.9992066437026,17.9973796719201,2016.99737967192,2016.9992066437,0.566526020673543
551,434,0.286112819174832,-74.0979826791195,40.3327685159532,-74.1819236366071,40.2195125769379,18,17.7138871808252,2016.71388718083,2017,14.4841915396863
554,13,0.268890239394415,-73.722061515991,41.4811947268556,-73.7021358118334,41.3756088047885,18,17.7311097606056,2016.73110976061,2017,11.8713163968943
559,206,0.259492679833241,-74.3208303122623,41.490688325954,-74.4542455903601,41.409192412228,18,17.7405073201667,2016.74050732017,2017,14.3609708461346
561,100,0.24374420613883,-74.2523401244591,41.0690786643737,-74.0790558342735,41.1073707165629,18,17.7562557938612,2016.75625579386,2017,15.1513817899202
564,178,0.230420482741556,-74.384932641073,41.4645912205779,-74.356937132436,41.7099945301985,18,17.7695795172584,2016.76957951726,2017,27.4185132652666
565,383,0.226442484480992,-74.9136291388153,41.4241567327465,-75.0126192061534,41.522166825774,18,17.773557515519,2016.77355751552,2017,13.6829430836502
571,158,0.208199008988228,-73.866571216875,41.2286475635001,-73.7836284675953,41.15758177812,18,17.7918009910118,2016.79180099101,2017,10.5292858299825
573,96,0.203368980468531,-74.287793092295,41.0339233747875,-74.2953002090477,41.0480688267237,18,17.7966310195315,2016.79663101953,2017,1.69619719715044
581,210,0.18316121594168,-74.1401584343529,41.6985561508404,-74.1629892399154,41.6777618998526,18,17.8168387840583,2016.81683878406,2017,2.99352758795396
585,372,0.176759163143819,-74.6382334227382,41.539802956722,-74.6835792871225,41.5834873324524,18,17.8232408368562,2016.82324083686,2017,6.15767827294604
590,455,0.145713327506339,-74.1191961638838,40.3973551427282,-74.0870592002775,40.3217351790113,18,17.8542866724937,2016.85428667249,2017,8.84870872675618
609,297,0.109504379299167,-74.4674985310107,41.5970794723091,-74.5092529582886,41.6657156209121,18,17.8904956207008,2016.8904956207,2017,8.39362982353692
611,29,0.108484288571768,-74.0461798079996,41.2598335371275,-73.9324594006611,41.3127352339995,18,17.8915157114282,2016.89151571143,2017,11.1882627849045
616,107,0.104872591155015,-74.3005862138237,41.2495382354871,-74.193368481496,41.2734237869815,18,17.895127408845,2016.89512740884,2017,9.35802583561049
616,108,0.104872591155015,-74.3005862138237,41.2495382354871,-74.3260158962501,41.3362980101433,18,17.895127408845,2016.89512740884,2017,9.88986886095789
621,268,0.101666030827669,-74.2582266723768,41.5789886332241,-74.3148372641759,41.5711855268463,18,17.8983339691723,2016.89833396917,2017,4.79388516868206
623,354,0.101128368583223,-74.5947936584659,41.6565653991948,-74.6337143600888,41.6551310323847,18,17.8988716314168,2016.89887163142,2017,3.24119213912932
624,273,0.0998192687556667,-74.2675829826959,41.5812074752586,-74.3379273164892,41.6049257145136,18,17.9001807312443,2016.90018073124,2017,6.42432546219152
630,53,0.0961226639622778,-73.4932363709815,41.4116742616763,-73.4639550216386,41.3542158110236,18,17.9038773360377,2016.90387733604,2017,6.8481425106508
637,484,0.0918861829515165,-74.1800060240831,40.5722386996432,-74.1031055892535,40.5734693012922,18,17.9081138170485,2016.90811381705,2017,6.50409244894358
647,362,0.0856279625352303,-74.6558791794413,41.4727819080747,-74.6742819615263,41.4360660617368,18,17.9143720374648,2016.91437203746,2017,4.36623546712872
655,411,0.0777287183327984,-74.9819448131935,41.3930538573555,-75.0050930840111,41.4152092690834,18,17.9222712816672,2016.92227128167,2017,3.13357334567634
660,414,0.0744346437345797,-74.3561488163742,41.7221442088734,-74.3289402154032,41.6767570103413,18,17.9255653562654,2016.92556535627,2017,5.53572231233723
664,371,0.0726772339356857,-74.6593994131405,41.4813108455787,-74.7007383402697,41.5101342045183,18,17.9273227660643,2016.92732276606,2017,4.70927305672451
670,396,0.0707782300601819,-75.0396710712755,41.3548965394854,-75.0674407066145,41.2534963791666,18,17.9292217699398,2016.92922176994,2017,11.5246679640893
671,176,0.07019232248614,-74.1834409460126,41.3446814871913,-74.1297049109424,41.3556792329435,18,17.9298076775138,2016.92980767751,2017,4.65458339088545
672,256,0.070087977330527,-74.3592124202196,41.598476019094,-74.3288522481168,41.5789961956746,18,17.9299120226695,2016.92991202267,2017,3.33057934346896
675,99,0.0692611501294211,-74.2549584001271,40.9610810857239,-74.2760292545854,40.9610395738325,18,17.9307388498706,2016.93073884987,2017,1.77136552772669
683,470,0.0649745000752721,-73.9748953811778,40.6017760115272,-73.9714244296732,40.5865261195725,18,17.9350254999247,2016.93502549992,2017,1.72284516224049
683,471,0.0649745000752721,-73.9748953811778,40.6017760115272,-73.951497527079,40.6122045721138,18,17.9350254999247,2016.93502549992,2017,2.29309728594579
691,19,0.061784972721506,-73.8774773987806,41.1922647910761,-73.8863435692849,41.1892135379028,18,17.9382150272785,2016.93821502728,2017,0.816737189761087
697,139,0.0594239982832414,-74.2554033809846,41.2237509090372,-74.2403849602652,41.20991348604,18,17.9405760017167,2016.94057600172,2017,1.988621043812
708,168,0.0537719485934574,-74.150697069782,41.2459934596444,-74.1516296148776,41.2405566759756,18,17.9462280514065,2016.94622805141,2017,0.610256837082436
711,183,0.0531191886349962,-74.4249860014213,41.359552169539,-74.4184521421956,41.336552709611,18,17.946880811365,2016.94688081136,2017,2.61796855999688
711,184,0.0531191886349962,-74.4249860014213,41.359552169539,-74.4152098812622,41.3592717845371,18,17.946880811365,2016.94688081136,2017,0.817463306872963
718,34,0.0501848673137416,-73.9729978255479,41.2423129412711,-73.977519729608,41.2630996852262,18,17.9498151326863,2016.94981513269,2017,2.34480434871411
720,114,0.048670796873046,-74.2784125941663,41.3489122035734,-74.2478331030604,41.3200040404045,18,17.9513292031269,2016.95132920313,2017,4.10978948346022
721,151,0.0484093657221334,-73.8188369280519,41.1527791791607,-73.8269255709542,41.1096881747744,18,17.9515906342779,2016.95159063428,2017,4.84476585497256
722,274,0.047932159317678,-74.2723460467369,41.6883860243716,-74.2995994329985,41.6478774768467,18,17.9520678406823,2016.95206784068,2017,5.04705021135023
722,275,0.047932159317678,-74.2723460467369,41.6883860243716,-74.2323825986694,41.5979309579222,18,17.9520678406823,2016.95206784068,2017,10.6044460684179
724,381,0.0464128900424372,-74.8714539755177,41.4357459855865,-74.8894437028595,41.3983785359931,18,17.9535871099576,2016.95358710996,2017,4.42269245687532
724,382,0.0464128900424372,-74.8714539755177,41.4357459855865,-74.8959439240254,41.3734915521117,18,17.9535871099576,2016.95358710996,2017,7.22579400049017
726,95,0.0460708243981381,-74.1946524838816,41.0775098375491,-74.1765778710462,41.0523058899674,18,17.9539291756019,2016.9539291756,2017,3.18967966949937
728,113,0.0436998810877091,-74.3078946046591,41.3751499128324,-74.3075298602616,41.4014862911503,18,17.9563001189123,2016.95630011891,2017,2.93202585812735
729,255,0.0430507347984654,-74.3133299701865,41.5772479851225,-74.287788899066,41.5904505905378,18,17.9569492652015,2016.9569492652,2017,2.58521911943507
733,422,0.0410972790949011,-74.1045512849716,40.4853177841968,-74.0919166330604,40.5112158585329,18,17.9589027209051,2016.95890272091,2017,3.07507566146948
736,140,0.040483067884947,-74.2411862657726,41.1993812186209,-74.2530593972186,41.2268140088372,18,17.959516932115,2016.95951693212,2017,3.21171555121452
736,141,0.040483067884947,-74.2411862657726,41.1993812186209,-74.1842397161439,41.1811597011093,18,17.959516932115,2016.95951693212,2017,5.18400252143127
737,5,0.0400813720004298,-73.7940256288869,41.0839172861864,-73.7868597905438,41.0891403184438,18,17.9599186279996,2016.959918628,2017,0.836420128072199
738,397,0.0393266613088139,-75.0749864256335,41.3826265911868,-75.0544775837298,41.4247008283476,18,17.9606733386912,2016.96067333869,2017,4.98710987760289
738,398,0.0393266613088139,-75.0749864256335,41.3826265911868,-75.091493802997,41.3242434191661,18,17.9606733386912,2016.96067333869,2017,6.64421437526389
739,375,0.0389996961661509,-74.9446653948567,41.2569219532271,-74.9690960253942,41.2543092898315,18,17.9610003038338,2016.96100030383,2017,2.06519588570464
739,376,0.0389996961661509,-74.9446653948567,41.2569219532271,-74.9365832870327,41.3387038903323,18,17.9610003038338,2016.96100030383,2017,9.12934105785274
741,330,0.0386628170034158,-74.4016788928344,41.5467989992526,-74.3730980470942,41.6143114730021,18,17.9613371829966,2016.961337183,2017,7.88358652602311
748,211,0.0367861760216603,-74.1328313010832,41.6894446053154,-74.1327281402367,41.7102046001582,18,17.9632138239783,2016.96321382398,2017,2.31109890478854
752,417,0.0359568943097363,-74.3592145473031,41.613933894995,-74.3561299734895,41.6413115611044,18,17.9640431056903,2016.96404310569,2017,3.05857677908045
755,38,0.0350513651131843,-74.0546931001621,41.2751084415197,-74.1146497416538,41.2732872953255,18,17.9649486348868,2016.96494863489,2017,5.02047004384894
755,39,0.0350513651131843,-74.0546931001621,41.2751084415197,-74.0178635974073,41.195198637071,18,17.9649486348868,2016.96494863489,2017,9.41503482633977
758,40,0.034368213788647,-74.0590249056018,41.1720599662514,-74.0568714727274,41.1836613266588,18,17.9656317862113,2016.96563178621,2017,1.30405179655148
758,41,0.034368213788647,-74.0590249056018,41.1720599662514,-74.0114721150968,41.1969231377383,18,17.9656317862113,2016.96563178621,2017,4.8511558073445
763,185,0.0326227833170389,-74.4119970618626,41.4065835041357,-74.4627826956024,41.3617126833179,18,17.967377216683,2016.96737721668,2017,6.55329603834454
764,296,0.0323283113892725,-74.4972252824506,41.4084219566208,-74.468251204606,41.407444290891,18,17.9676716886107,2016.96767168861,2017,2.42163978670301
765,64,0.0321835545100746,-73.4634012030557,41.3222770112482,-73.4440767455534,41.2778824654702,18,17.9678164454899,2016.96781644549,2017,5.19971965685867
771,301,0.0306986827809784,-74.4587390852701,41.5896521199379,-74.4938376956711,41.6287586299337,18,17.969301317219,2016.96930131722,2017,5.24288206070635
772,305,0.0306544263114218,-74.4933295175021,41.7465612668355,-74.4776651261709,41.7127346460456,18,17.9693455736886,2016.96934557369,2017,3.9842469112272
772,306,0.0306544263114218,-74.4933295175021,41.7465612668355,-74.5170633147042,41.8190242452728,18,17.9693455736886,2016.96934557369,2017,8.30396436497186
774,243,0.0298541627140708,-74.3298612136513,41.6368198904367,-74.3056608302658,41.6089973172779,18,17.9701458372859,2016.97014583729,2017,3.69448433283736
774,244,0.0298541627140708,-74.3298612136513,41.6368198904367,-74.2987575791068,41.7159678907016,18,17.9701458372859,2016.97014583729,2017,9.18278003761817
775,28,0.0298343007363265,-74.1033562597845,41.2049934627553,-74.1368615479575,41.2358592239474,18,17.9701656992637,2016.97016569926,2017,4.43599633568084
776,241,0.0291173952906225,-74.4471040334492,41.5174066897508,-74.4442994770943,41.5040207416508,18,17.9708826047094,2016.97088260471,2017,1.50840436008105
784,270,0.0271434538729385,-74.2160727206136,41.5775491548105,-74.2860312558679,41.5534047222257,18,17.9728565461271,2016.97285654613,2017,6.41705194154405
784,271,0.0271434538729385,-74.2160727206136,41.5775491548105,-74.2446018579882,41.5255170341394,18,17.9728565461271,2016.97285654613,2017,6.26108066334737
789,84,0.0266235853402722,-74.1664607477527,41.0386630560561,-74.1608403035225,41.049229168692,18,17.9733764146597,2016.97337641466,2017,1.26739005141548
796,146,0.0257185708006002,-73.9862468402399,41.1962815901114,-73.9557491837431,41.1634985867359,18,17.9742814291994,2016.9742814292,2017,4.45519282040723
796,147,0.0257185708006002,-73.9862468402399,41.1962815901114,-74.0403779152215,41.2145366572816,18,17.9742814291994,2016.9742814292,2017,4.96837189755543
807,261,0.0245921544024402,-74.3479785853258,41.6385100866851,-74.3674127259178,41.6455938530992,18,17.9754078455976,2016.9754078456,2017,1.79886125252787
813,250,0.0233328324229343,-74.4812526339556,41.608590199308,-74.5483171063376,41.6306195152995,18,17.9766671675771,2016.97666716758,2017,6.09629431497719
814,423,0.0227693278493908,-74.1108543224293,40.5014223341475,-74.0739636600741,40.4663465892022,18,17.9772306721506,2016.97723067215,2017,5.00040487176139
814,424,0.0227693278493908,-74.1108543224293,40.5014223341475,-74.1153445863205,40.5541501931824,18,17.9772306721506,2016.97723067215,2017,5.88215337597904
818,102,0.0218354889137177,-74.330713497665,41.3184814309529,-74.3301060576544,41.2886467565413,18,17.9781645110863,2016.97816451109,2017,3.32169993337086
818,103,0.0218354889137177,-74.330713497665,41.3184814309529,-74.27277606797,41.3157584072677,18,17.9781645110863,2016.97816451109,2017,4.85372083327206
820,435,0.0214318243723401,-73.9178109852329,40.3164856548661,-73.9019529079245,40.3086089788623,18,17.9785681756277,2016.97856817563,2017,1.60655231981606
823,120,0.0208794219491525,-74.1824756103032,41.1628548770934,-74.1692115390816,41.2125333297865,18,17.9791205780508,2016.97912057805,2017,5.64093358357205
823,121,0.0208794219491525,-74.1824756103032,41.1628548770934,-74.205105174504,41.1488045133098,18,17.9791205780508,2016.97912057805,2017,2.45851062192791
824,333,0.0207718608139091,-74.7021726695045,41.5574654306364,-74.734410206814,41.5536842169883,18,17.9792281391861,2016.97922813919,2017,2.71833934483947
831,476,0.0196618081077529,-74.0122778512065,40.6729337353839,-73.9742523041324,40.68863054558,18,17.9803381918922,2016.98033819189,2017,3.65500223397189
843,145,0.0175508322031211,-73.8860470670742,41.1852816749381,-73.8655516101314,41.1889694952105,18,17.9824491677969,2016.9824491678,2017,1.76546993273562
844,117,0.017435358145692,-74.2745948895429,41.3500705129718,-74.2579792919587,41.3592233159553,18,17.9825646418543,2016.98256464185,2017,1.72221486738607
846,51,0.016984893200072,-74.0999837306519,41.2888379265445,-74.0988890484063,41.2721373973538,18,17.9830151067999,2016.9830151068,2017,1.86142173097667
846,52,0.016984893200072,-74.0999837306519,41.2888379265445,-74.0612312258491,41.3173284156346,18,17.9830151067999,2016.9830151068,2017,4.53460801248719
849,79,0.0162714772902651,-74.2416414060335,41.1006301391194,-74.2618154782063,41.1259765273604,18,17.9837285227097,2016.98372852271,2017,3.29010542334888
852,58,0.0160757062826704,-73.515587662777,41.381369961514,-73.5117060966559,41.3965519616546,18,17.9839242937173,2016.98392429372,2017,1.72092971687763
852,59,0.0160757062826704,-73.515587662777,41.381369961514,-73.5284410561498,41.384891987182,18,17.9839242937173,2016.98392429372,2017,1.14296016217153
853,392,0.0157716510395458,-75.1082850064889,41.4772953034334,-75.1065405043975,41.4763560176688,18,17.9842283489604,2016.98422834896,2017,0.179178328763113
853,393,0.0157716510395458,-75.1082850064889,41.4772953034334,-75.0852341634378,41.5012984332043,18,17.9842283489604,2016.98422834896,2017,3.29168053710688
854,209,0.0155996254538579,-74.3792829646116,41.4678805144022,-74.3922852658161,41.4679198364994,18,17.9844003745461,2016.98440037455,2017,1.0846343295754
859,317,0.0148583742546558,-74.2778202281134,41.6514314604178,-74.2537404438253,41.6831119471163,18,17.9851416257453,2016.98514162575,2017,4.0556472939583
859,318,0.0148583742546558,-74.2778202281134,41.6514314604178,-74.300473749933,41.6757517244218,18,17.9851416257453,2016.98514162575,2017,3.29842318983869
862,300,0.0146779739807468,-74.4386558904667,41.5830838693442,-74.4341590874024,41.5610935808572,18,17.9853220260192,2016.98532202602,2017,2.47652538033765
866,447,0.0138708390616559,-74.0392406425724,40.4167771555828,-74.0032660289086,40.4499852734841,18,17.9861291609383,2016.98612916094,2017,4.79155583483883
866,448,0.0138708390616559,-74.0392406425724,40.4167771555828,-74.0402059409532,40.4286201211936,18,17.9861291609383,2016.98612916094,2017,1.3209404627195
867,320,0.0136954715269831,-74.3464402999907,41.6003492889203,-74.3355271907378,41.6134489269263,18,17.986304528473,2016.98630452847,2017,1.71808828210058
867,321,0.0136954715269831,-74.3464402999907,41.6003492889203,-74.3103683175755,41.5825410675984,18,17.986304528473,2016.98630452847,2017,3.59862484555036
875,287,0.0125419465672176,-74.3647609383027,41.6422069288044,-74.3710285839524,41.6677850833378,18,17.9874580534328,2016.98745805343,2017,2.89478862101156
875,288,0.0125419465672176,-74.3647609383027,41.6422069288044,-74.3598906330167,41.6318079755965,18,17.9874580534328,2016.98745805343,2017,1.22652039562534
876,92,0.0124488073657626,-74.1947443219102,41.0664442431543,-74.191220711237,41.0664788828294,18,17.9875511926342,2016.98755119263,2017,0.29577031260196
883,370,0.0116815034039462,-74.6772463391982,41.457479887372,-74.7056820854071,41.4352119151595,18,17.988318496596,2016.9883184966,2017,3.43155925094309
887,485,0.0106421592046808,-74.2508503117741,40.5951107235721,-74.238283453226,40.6029177098496,18,17.9893578407953,2016.9893578408,2017,1.37246984271487
887,486,0.0106421592046808,-74.2508503117741,40.5951107235721,-74.2539155162348,40.6035160466481,18,17.9893578407953,2016.9893578408,2017,0.970920285465929
892,26,0.00944940912745965,-74.1556468145061,41.208716032251,-74.1766320007834,41.200275480893,18,17.9905505908725,2016.99055059087,2017,1.99303646643975
892,27,0.00944940912745965,-74.1556468145061,41.208716032251,-74.1287595938258,41.1988112267293,18,17.9905505908725,2016.99055059087,2017,2.50744506078175
894,88,0.00885079207651687,-74.2037869922705,41.0978042518286,-74.1845128742869,41.107130118858,18,17.9911492079235,2016.99114920792,2017,1.92145891292795
894,89,0.00885079207651687,-74.2037869922705,41.0978042518286,-74.2057434114339,41.0945313261978,18,17.9911492079235,2016.99114920792,2017,0.39961725624404
912,142,0.00734794535029113,-73.8818784058666,41.161535679546,-73.8738601713887,41.1713644282711,18,17.9926520546497,2016.99265205465,2017,1.28403858831429
916,69,0.00705313520633339,-73.8281671892615,41.3077309519917,-73.8085598429547,41.3117650360341,18,17.9929468647937,2016.99294686479,2017,1.69998000083443
916,70,0.00705313520633339,-73.8281671892615,41.3077309519917,-73.8185241019194,41.3023136359692,18,17.9929468647937,2016.99294686479,2017,1.00698636808743
920,163,0.00662896300713899,-74.0148093945252,41.2147354785322,-74.0348697431896,41.2268830379154,18,17.9933710369929,2016.99337103699,2017,2.156462244182
928,461,0.0056367746907977,-74.1728404236487,40.5644093000903,-74.1662746842615,40.5562255145176,18,17.9943632253092,2016.99436322531,2017,1.06694417567456
929,193,0.00553531144896986,-74.3711850970428,41.4798606857247,-74.3476963257853,41.4855619987458,18,17.994464688551,2016.99446468855,2017,2.05919195430116
929,194,0.00553531144896986,-74.3711850970428,41.4798606857247,-74.3671591714826,41.4666128694367,18,17.994464688551,2016.99446468855,2017,1.51254618832691
933,352,0.00509784096670726,-74.5910307380322,41.6387409596526,-74.592897266379,41.6452625178238,18,17.9949021590333,2016.99490215903,2017,0.742425934585489
933,353,0.00509784096670726,-74.5910307380322,41.6387409596526,-74.5890321499245,41.6259871217093,18,17.9949021590333,2016.99490215903,2017,1.4295120516783
935,348,0.00498306787669978,-74.6715287124801,41.5273965436718,-74.6580609775469,41.5254031783244,18,17.9950169321233,2016.99501693212,2017,1.14416255737755
935,349,0.00498306787669978,-74.6715287124801,41.5273965436718,-74.6671361551551,41.5187654052268,18,17.9950169321233,2016.99501693212,2017,1.02823626277248
941,384,0.00460042495974684,-75.1023458398675,41.4162557772482,-75.1182572270309,41.4204709749996,18,17.9953995750402,2016.99539957504,2017,1.40875929652652
941,385,0.00460042495974684,-75.1023458398675,41.4162557772482,-75.1038777260882,41.4227690783841,18,17.9953995750402,2016.99539957504,2017,0.736276714337516
949,340,0.00354328428781664,-74.7605453979979,41.6187517241515,-74.7759301495271,41.6315274554448,18,17.9964567157122,2016.99645671571,2017,1.91358586187973
953,310,0.00319517247292527,-74.3971076955444,41.7459594921612,-74.4099427125085,41.7416802043388,18,17.9968048275271,2016.99680482753,2017,1.16769776610627
953,311,0.00319517247292527,-74.3971076955444,41.7459594921612,-74.4088459766053,41.7441387162396,18,17.9968048275271,2016.99680482753,2017,0.99583328748863
954,229,0.00293417253516192,-74.4774596816363,41.7061428326822,-74.4751607238689,41.6919797305762,18,17.9970658274648,2016.99706582746,2017,1.58822878746404
954,230,0.00293417253516192,-74.4774596816363,41.7061428326822,-74.4679131215769,41.7006497728231,18,17.9970658274648,2016.99706582746,2017,1.00175555957426
960,159,0.00262981638316229,-73.995522547655,41.2062853125079,-74.0015054829927,41.2027410531025,18,17.9973701836168,2016.99737018362,2017,0.637797675119009
960,160,0.00262981638316229,-73.995522547655,41.2062853125079,-73.9948857889124,41.2009703101799,18,17.9973701836168,2016.99737018362,2017,0.594085421679142
961,228,0.00262032807989514,-74.5588752231914,41.6906432843876,-74.5502890692987,41.6860698019453,18,17.9973796719201,2016.99737967192,2017,0.876772442091168
963,326,0.00254893529000021,-74.3329845120933,41.6484614666931,-74.3360928938815,41.6453562092859,18,17.99745106471,2016.99745106471,2017,0.431698390284062
963,327,0.00254893529000021,-74.3329845120933,41.6484614666931,-74.3231384802662,41.6450896748886,18,17.99745106471,2016.99745106471,2017,0.900979890077929
966,462,0.00245978760517122,-74.1843170769153,40.5726020543109,-74.1835964920332,40.5882712335915,18,17.9975402123948,2016.99754021239,2017,1.74541734889908
966,463,0.00245978760517122,-74.1843170769153,40.5726020543109,-74.1887225014535,40.5702198956948,18,17.9975402123948,2016.99754021239,2017,0.457278147552265
968,245,0.00218660897682357,-74.5293203662525,41.6078634233386,-74.518625822802,41.5994129837282,18,17.9978133910232,2016.99781339102,2017,1.29519222993833
968,246,0.00218660897682357,-74.5293203662525,41.6078634233386,-74.5277665662412,41.6123142855016,18,17.9978133910232,2016.99781339102,2017,0.512087755563049
969,338,0.00216752025815104,-74.7525681027601,41.6230821709884,-74.7480679039542,41.6270407887988,18,17.9978324797418,2016.99783247974,2017,0.57831330580688
969,339,0.00216752025815104,-74.7525681027601,41.6230821709884,-74.7535726026455,41.6094306713661,18,17.9978324797418,2016.99783247974,2017,1.5220355237733
970,63,0.00213734795443919,-73.4080385098445,41.3384138244587,-73.4126955354953,41.342260238698,18,17.9978626520456,2016.99786265205,2017,0.57867381941363
972,248,0.00196376489357435,-74.5090703881003,41.6358432567973,-74.5077353981459,41.6396178321892,18,17.9980362351064,2016.99803623511,2017,0.434631864724463
972,249,0.00196376489357435,-74.5090703881003,41.6358432567973,-74.5045229863685,41.6309248795464,18,17.9980362351064,2016.99803623511,2017,0.665546686977008
980,499,0.00145078905922993,-74.2381386799646,40.4529721188384,-74.2352057814541,40.4484824208765,18,17.9985492109408,2016.99854921094,2017,0.558158577512039
980,500,0.00145078905922993,-74.2381386799646,40.4529721188384,-74.2421661421085,40.4450834127267,18,17.9985492109408,2016.99854921094,2017,0.942150426687605
986,493,0.00121034310135578,-74.0717978535297,40.3274327629369,-74.0801883182405,40.3257861373966,18,17.9987896568986,2016.9987896569,2017,0.735311933343952
986,494,0.00121034310135578,-74.0717978535297,40.3274327629369,-74.0730276399708,40.3263738490806,18,17.9987896568986,2016.9987896569,2017,0.157447210367702
987,191,0.00109565521423149,-74.3309833280052,41.4531910677734,-74.3319647906423,41.4631709421148,18,17.9989043447858,2016.99890434479,2017,1.11401170969097
987,192,0.00109565521423149,-74.3309833280052,41.4531910677734,-74.3325010211893,41.4517175224658,18,17.9989043447858,2016.99890434479,2017,0.207232470059374
988,172,0.00100324078006866,-74.2843511350425,41.3944168139427,-74.2789897483427,41.3976618417083,18,17.9989967592199,2016.99899675922,2017,0.575294869895141
988,173,0.00100324078006866,-74.2843511350425,41.3944168139427,-74.2819746038369,41.3953741255548,18,17.9989967592199,2016.99899675922,2017,0.225271484465387
989,285,0.000936261725540906,-74.343991064129,41.5923054954618,-74.3409376362024,41.5986638361693,18,17.9990637382745,2016.99906373827,2017,0.752098856068933
989,286,0.000936261725540906,-74.343991064129,41.5923054954618,-74.3472695993999,41.5861089636797,18,17.9990637382745,2016.99906373827,2017,0.741869521666725
990,61,0.000923246389644608,-73.4104162547956,41.3475061057604,-73.4128346491095,41.347011881494,18,17.9990767536103,2016.99907675361,2017,0.209467269493924
990,62,0.000923246389644608,-73.4104162547956,41.3475061057604,-73.4053335323474,41.3494881609553,18,17.9990767536103,2016.99907675361,2017,0.478660896830442
992,223,0.000793356297352603,-74.5543678270681,41.6944602616143,-74.5523680023867,41.6977379820745,18,17.9992066437026,2016.9992066437,2017,0.400970064814925
501,510,16.5895018662349,-73.7972974934222,40.9432775779508,-74.0182804057487,40.5251031245836,16.589501866235,0,1999,2015.58950186623,37.421331965224
524,543,0.300279354711281,-74.3243801324454,41.6676244892788,-74.3368809364415,41.6272787195189,17.6779719202236,17.3776925655123,2016.37769256551,2016.67797192022,4.70077502172668
509,553,1.42411881975263,-74.5842880801765,41.3999707144646,-74.3678743595788,41.6199266090184,17.7261273793951,16.3020085596425,2015.30200855964,2016.7261273794,26.7934837612034
531,549,0.198501747625735,-74.163944834289,40.5053865713434,-74.2333183661235,40.6007602269898,17.7021648672383,17.5036631196126,2016.50366311961,2016.70216486724,1.54506614106903
548,621,0.196590949743847,-74.3220213757002,41.6367196406079,-74.2582266723768,41.5789886332241,17.8983339691723,17.7017430194285,2016.70174301943,2016.89833396917,5.70504674075336
542,697,0.270591481889932,-74.2364775292347,41.2221001103403,-74.2554033809846,41.2237509090372,17.9405760017167,17.6699845198268,2016.66998451983,2016.94057600172,3.81952595002407
532,587,0.324354191014143,-74.257855494737,41.2060957035838,-74.2643554676598,41.2431423811911,17.8423117854002,17.5179575943861,2016.51795759439,2016.8423117854,6.56877861473937
541,380,0.331033696021055,-75.0496620818483,41.3778680311296,-75.0863261571465,41.4623965277101,18,17.6689663039789,2016.66896630398,2017,5.67867952157552
572,618,0.103652179818127,-74.373020118664,41.684784097162,-74.3139199856449,41.6363850311608,17.8979255139124,17.7942733340942,2016.79427333409,2016.89792551391,2.54762820545785
569,590,0.0721173135328079,-74.1274837418025,40.3771734093036,-74.1191961638838,40.3973551427282,17.8542866724937,17.7821693589608,2016.78216935896,2016.85428667249,2.34732129555642
564,593,0.0914448807937017,-74.384932641073,41.4645912205779,-74.4494283271183,41.4449504057688,17.8610243980521,17.7695795172584,2016.76957951726,2016.86102439805,4.16288911108245
578,605,0.0708231842986674,-74.6353557385687,41.6155544204506,-74.7010041340933,41.5690158226454,17.8839430228085,17.8131198385099,2016.81311983851,2016.88394302281,2.77757748122552
536,986,0.421305735316081,-74.2310784187218,40.3133924859794,-74.0717978535297,40.3274327629369,17.9987896568986,17.5774839215826,2016.57748392158,2016.9987896569,5.39671835757193
526,215,0.566821344906198,-74.4269257053008,41.7138778176868,-74.3457629447999,41.5826667899176,18,17.4331786550938,2016.43317865509,2017,10.402860161781
607,651,0.0287087303321718,-75.0257082866074,41.3839208032529,-75.0332670188782,41.3507841252931,17.9170631333664,17.8883544030342,2016.88835440303,2016.91706313337,1.40255545530918
570,659,0.142149448317499,-74.1128961139898,40.3844321460718,-74.1126572758997,40.436529784236,17.9248004681068,17.7826510197893,2016.78265101979,2016.92480046811,5.33817675773498
519,16,0.784733123037942,-73.7715895474737,41.1765033711425,-73.7446487973616,41.1244580189135,18,17.2152668769621,2016.21526687696,2017,7.34142013070927
550,627,0.198504669094354,-74.3812153986995,41.597861583683,-74.351287910848,41.5881545101474,17.9030639229135,17.7045592538192,2016.70455925382,2016.90306392291,3.166739357437
523,699,0.604045646964368,-73.837412184982,41.2195643957175,-73.7981883338954,41.0756897156265,17.9422040834849,17.3381584365205,2016.33815843652,2016.94220408348,10.9388840671313
630,677,0.0286320362223327,-73.4932363709815,41.4116742616763,-73.5072831146303,41.3890780060805,17.93250937226,17.9038773360377,2016.90387733604,2016.93250937226,0.969487779232372
547,671,0.233387780051271,-74.1504833467502,41.1956329477058,-74.1834409460126,41.3446814871913,17.9298076775138,17.6964198974626,2016.69641989746,2016.92980767751,12.85141120921
609,771,0.0788056965181888,-74.4674985310107,41.5970794723091,-74.4587390852701,41.5896521199379,17.969301317219,17.8904956207008,2016.8904956207,2016.96930131722,1.6812259009149
619,790,0.0754635228304338,-75.0104467655083,41.3869651340507,-75.0288620652816,41.3927347409485,17.9735820403862,17.8981185175558,2016.89811851756,2016.97358204039,2.52661644195422
571,721,0.159789643266094,-73.866571216875,41.2286475635001,-73.8188369280519,41.1527791791607,17.9515906342779,17.7918009910118,2016.79180099101,2016.95159063428,6.98386232047678
591,722,0.092963337795049,-74.2169395028013,41.6757439677725,-74.2723460467369,41.6883860243716,17.9520678406823,17.8591045028873,2016.85910450289,2016.95206784068,3.74080496836021
636,691,0.0314340243724934,-73.8916817656257,41.2057940588452,-73.8774773987806,41.1922647910761,17.9382150272785,17.906781002906,2016.90678100291,2016.93821502728,2.28804462253229
517,373,0.852369097832765,-74.8065406490226,41.2903620106916,-74.9756244545571,41.0897941537198,18,17.1476309021672,2016.14763090217,2017,21.6925153691551
599,439,0.128489270510519,-74.0813848066581,40.342774753707,-74.0636174657609,40.3171316655093,18,17.8715107294895,2016.87151072949,2017,4.54841991450231
667,954,0.0685314782732205,-74.4416909341351,41.7080698319315,-74.4774596816363,41.7061428326822,17.9970658274648,17.9285343491916,2016.92853434919,2016.99706582746,2.22746791810968
606,264,0.115777201871375,-74.3743072523191,41.5879562729626,-74.409823894231,41.5843436920823,18,17.8842227981286,2016.88422279813,2017,4.54748304513882
673,941,0.0653408873551849,-75.0815418794743,41.3716436006738,-75.1023458398675,41.4162557772482,17.9953995750402,17.9300586876851,2016.93005868769,2016.99539957504,1.39258061375788
525,488,0.579852886117775,-74.1090105657335,40.3688095313361,-74.1882365643036,40.3609450916021,18,17.4201471138822,2016.42014711388,2017,9.74214488430363
601,776,0.09900713510142,-74.3966009830131,41.5586303413738,-74.4471040334492,41.5174066897508,17.9708826047094,17.871875469608,2016.87187546961,2016.97088260471,3.77630882217091
674,199,0.0694766190080148,-74.2554961886287,41.5712102336016,-74.2524646819956,41.564325406755,18,17.930523380992,2016.93052338099,2017,0.766749705714887
655,413,0.0777287183327984,-74.9819448131935,41.3930538573555,-74.9701961547426,41.3713022640108,18,17.9222712816672,2016.92227128167,2017,5.40370383160667
706,104,0.0549114986991988,-74.3058249633201,41.3329284462655,-74.3732211415976,41.3194657327594,18,17.9450885013008,2016.9450885013,2017,1.67348842486901
670,738,0.0314515687513681,-75.0396710712755,41.3548965394854,-75.0749864256335,41.3826265911868,17.9606733386912,17.9292217699398,2016.92922176994,2016.96067333869,3.30512839587639
615,788,0.0787716793537164,-73.9959981624706,41.2361353197771,-74.0828294195019,41.2711577230891,17.9731424197748,17.8943707404211,2016.89437074042,2016.97314241977,6.62596704192084
537,221,0.395485074226341,-74.3774840502859,41.6283549181683,-74.4212449587839,41.6861173624313,18,17.6045149257736,2016.60451492577,2017,12.4693276747346
698,883,0.0466863430899232,-74.6688127144416,41.5058826365398,-74.6772463391982,41.457479887372,17.988318496596,17.9416321535061,2016.94163215351,2016.9883184966,0.560734714327118
690,394,0.062045865662274,-75.0420001074751,41.3600899023316,-75.1242015874874,41.3758906652251,18,17.9379541343377,2016.93795413434,2017,5.46102384500026
742,304,0.0384093222786199,-74.5102216986151,41.7257268760261,-74.4909314842311,41.6848224137614,18,17.9615906777214,2016.96159067772,2017,1.04824470693576
681,763,0.0333041243912944,-74.4397993356054,41.3802931700181,-74.4119970618626,41.4065835041357,17.967377216683,17.9340730922917,2016.93407309229,2016.96737721668,3.17877061944642
687,849,0.048009673160074,-74.262285746618,41.0921910283403,-74.2416414060335,41.1006301391194,17.9837285227097,17.9357188495497,2016.93571884955,2016.98372852271,3.51085287229074
726,754,0.0101412690378513,-74.1946524838816,41.0775098375491,-74.1771699832433,41.0687017276512,17.9640704446397,17.9539291756019,2016.9539291756,2016.96407044464,1.83261673263015
706,818,0.0330760097854811,-74.3058249633201,41.3329284462655,-74.330713497665,41.3184814309529,17.9781645110863,17.9450885013008,2016.9450885013,2016.97816451109,3.9813171138864
620,361,0.101799111447487,-74.6063067113103,41.5683795639819,-74.6277972976997,41.5631535129234,18,17.8982008885525,2016.89820088855,2017,2.31479234837042
752,419,0.0359568943097362,-74.3592145473031,41.613933894995,-74.3623224132135,41.6492946578627,18,17.9640431056903,2016.96404310569,2017,1.41642728314085
675,98,0.0692611501294211,-74.2549584001271,40.9610810857239,-74.1631036470425,40.9666972833134,18,17.9307388498706,2016.93073884987,2017,4.80923312435816
604,774,0.0902477573907009,-74.4261594402365,41.6703826915008,-74.3298612136513,41.6368198904367,17.9701458372859,17.8798980798952,2016.8798980799,2016.97014583729,8.62242608003259
761,179,0.0331503188418546,-74.4641244763172,41.4635391528141,-74.4514496711768,41.4313071083844,18,17.9668496811581,2016.96684968116,2017,0.280903648696837
783,65,0.0275536647117884,-73.779792214113,41.3168110461798,-73.7840816190209,41.274023160145,18,17.9724463352882,2016.97244633529,2017,0.256151481497947
737,6,0.0400813720004298,-73.7940256288869,41.0839172861864,-73.7484515098276,41.086905327178,18,17.9599186279996,2016.959918628,2017,1.72147666170576
690,853,0.0462742146227282,-75.0420001074751,41.3600899023316,-75.1082850064889,41.4772953034334,17.9842283489604,17.9379541343377,2016.93795413434,2016.98422834896,12.1789319317176
605,824,0.0952851163775405,-74.7010041340933,41.5690158226454,-74.7021726695045,41.5574654306364,17.9792281391861,17.8839430228085,2016.88394302281,2016.97922813919,1.59019960608181
678,989,0.0661826789079156,-74.3842013151487,41.618368454146,-74.343991064129,41.5923054954618,17.9990637382745,17.9328810593665,2016.93288105937,2016.99906373827,4.37809119195122
599,820,0.107057446138179,-74.0813848066581,40.342774753707,-73.9178109852329,40.3164856548661,17.9785681756277,17.8715107294895,2016.87151072949,2016.97856817563,13.27563554717
618,859,0.0872161118329642,-74.3139199856449,41.6363850311608,-74.2778202281134,41.6514314604178,17.9851416257453,17.8979255139124,2016.89792551391,2016.98514162575,4.68078642895053
603,324,0.123668607199139,-74.3011744548033,41.7086868274743,-74.3465367948754,41.7065199346076,18,17.8763313928009,2016.8763313928,2017,3.36865346532712
667,961,0.0688453227284873,-74.4416909341351,41.7080698319315,-74.5588752231914,41.6906432843876,17.9973796719201,17.9285343491916,2016.92853434919,2016.99737967192,11.5442021011562
632,483,0.0951154957447325,-74.1881278837162,40.5781098280166,-74.175186415688,40.5697634849284,18,17.9048845042553,2016.90488450426,2017,2.07304563534123
829,473,0.0199122230012303,-74.0227813911711,40.6415984699626,-74.0228817564754,40.6392776559023,18,17.9800877769988,2016.980087777,2017,0.308132632263362
723,156,0.0470687614922897,-73.8230083942767,41.1439402191098,-73.7134990698241,41.1512162344961,18,17.9529312385077,2016.95293123851,2017,6.320632514189
788,49,0.0268575802252151,-74.0828294195019,41.2711577230891,-74.0331521001111,41.2843424644694,18,17.9731424197748,2016.97314241977,2017,0.846641070465945
765,970,0.0300462065556354,-73.4634012030557,41.3222770112482,-73.4080385098445,41.3384138244587,17.9978626520456,17.9678164454899,2016.96781644549,2016.99786265205,1.53422969186036
549,480,0.297835132761702,-74.2333183661235,40.6007602269898,-74.1799371168508,40.80714534771,18,17.7021648672383,2016.70216486724,2017,23.6802542640851
591,277,0.140895497112727,-74.2169395028013,41.6757439677725,-74.2385299731551,41.6757189844269,18,17.8591045028873,2016.85910450289,2017,1.85494205393828
844,115,0.017435358145692,-74.2745948895429,41.3500705129718,-74.2967618351909,41.3597015430074,18,17.9825646418543,2016.98256464185,2017,1.63260641285753
820,437,0.0214318243723401,-73.9178109852329,40.3164856548661,-73.9163795061014,40.3282632276729,18,17.9785681756277,2016.97856817563,2017,1.21625871843482
582,953,0.179630814444323,-74.4698743377486,41.8006281940545,-74.3971076955444,41.7459594921612,17.9968048275271,17.8171740130827,2016.81717401308,2016.99680482753,7.58235715675541
841,82,0.0178432773550242,-74.2579512367778,41.0631191558644,-74.2510044859187,41.07507987545,18,17.982156722645,2016.98215672264,2017,2.08298103200518
741,328,0.0386628170034158,-74.4016788928344,41.5467989992526,-74.4239878524854,41.545563812691,18,17.9613371829966,2016.961337183,2017,3.66115229213238
849,78,0.0162714772902651,-74.2416414060335,41.1006301391194,-74.2231585990011,41.0929609687201,18,17.9837285227097,2016.98372852271,2017,2.72618829402233
841,80,0.0178432773550243,-74.2579512367778,41.0631191558644,-74.2558698945457,41.0676602414551,18,17.982156722645,2016.98215672264,2017,2.21985642356618
554,14,0.268890239394414,-73.722061515991,41.4811947268556,-73.8660784788663,41.4318913666872,18,17.7311097606056,2016.73110976061,2017,13.1246507156717
601,232,0.128124530392043,-74.3966009830131,41.5586303413738,-74.3946959114045,41.5514802268358,18,17.871875469608,2016.87187546961,2017,3.64898509875532
897,430,0.00860643931318168,-74.2779095041087,40.3894458191329,-74.2713779745237,40.3919431672742,18,17.9913935606868,2016.99139356069,2017,0.111268357140848
854,208,0.0155996254538579,-74.3792829646116,41.4678805144022,-74.3383342919434,41.4800940614113,18,17.9844003745461,2016.98440037455,2017,2.84873344410262
876,94,0.0124488073657626,-74.1947443219102,41.0664442431543,-74.2199225243693,41.0665800566714,18,17.9875511926342,2016.98755119263,2017,1.62150972972168
652,43,0.0799890286214727,-73.9480295589158,41.1962491149341,-74.0177561631866,41.1786290914535,18,17.9200109713785,2016.92001097138,2017,5.80821906627786
769,155,0.0313297906525256,-73.8297098965482,41.1364816214784,-73.8174253290903,41.1645201047516,18,17.9686702093475,2016.96867020935,2017,1.75816410326814
824,331,0.0207718608139092,-74.7021726695045,41.5574654306364,-74.7055971826027,41.5757843671563,18,17.9792281391861,2016.97922813919,2017,5.16146944046925
761,181,0.0331503188418547,-74.4641244763172,41.4635391528141,-74.4785699536555,41.4820764706887,18,17.9668496811581,2016.96684968116,2017,2.73479316052609
839,495,0.0184225647028208,-74.251876516582,40.4737058075258,-74.2621037463613,40.4825463257025,18,17.9815774352972,2016.9815774353,2017,1.36586348342114
920,960,0.0039991466239767,-74.0148093945252,41.2147354785322,-73.995522547655,41.2062853125079,17.9973701836168,17.9933710369929,2016.99337103699,2016.99737018362,0.277447629397076
862,298,0.0146779739807468,-74.4386558904667,41.5830838693442,-74.4392578897298,41.5762574472436,18,17.9853220260192,2016.98532202602,2017,0.957154756325378
660,416,0.0744346437345797,-74.3561488163742,41.7221442088734,-74.3482879377128,41.8173252271099,18,17.9255653562654,2016.92556535627,2017,9.52461604493042
769,153,0.0313297906525257,-73.8297098965482,41.1364816214784,-73.8531689073515,41.128116865401,18,17.9686702093475,2016.96867020935,2017,1.42768834841211
829,475,0.0199122230012304,-74.0227813911711,40.6415984699626,-74.0740903021897,40.6220352450419,18,17.9800877769988,2016.980087777,2017,3.49350265669568
673,388,0.0699413123149317,-75.0815418794743,41.3716436006738,-75.1438655322395,41.2898470349968,18,17.9300586876851,2016.93005868769,2017,8.12401516050561
806,90,0.0247193346466304,-74.2035802099193,41.0817837255548,-74.1899806527607,41.0980599640828,18,17.9752806653534,2016.97528066535,2017,1.38653183996571
897,428,0.00860643931318168,-74.2779095041087,40.3894458191329,-74.2751939462171,40.3861438672235,18,17.9913935606868,2016.99139356069,2017,0.720867519030507
693,459,0.0612305662618101,-74.1691740661434,40.572003117374,-74.1655166488422,40.6023158380113,18,17.9387694337382,2016.93876943374,2017,2.68571390523663
917,968,0.00470989373131103,-74.5088929580442,41.6280003294631,-74.5293203662525,41.6078634233386,17.9978133910232,17.9931034972919,2016.99310349729,2016.99781339102,2.20905356612022
831,477,0.0196618081077529,-74.0122778512065,40.6729337353839,-74.0249427613689,40.6739684466265,18,17.9803381918922,2016.98033819189,2017,1.29462288252452
912,143,0.00734794535029113,-73.8818784058666,41.161535679546,-73.8603754148104,41.1562754042456,18,17.9926520546497,2016.99265205465,2017,0.889468986606329
886,67,0.010890914275374,-73.8158409757496,41.3164601174456,-73.8257888652649,41.2953680126655,18,17.9891090857246,2016.98910908572,2017,2.03029728633923
807,263,0.0245921544024402,-74.3479785853258,41.6385100866851,-74.3496357706551,41.6012864415726,18,17.9754078455976,2016.9754078456,2017,4.48930826397094
764,294,0.0323283113892724,-74.4972252824506,41.4084219566208,-74.488219643484,41.432548093739,18,17.9676716886107,2016.96767168861,2017,2.83188823370689
789,85,0.0266235853402722,-74.1664607477527,41.0386630560561,-74.1697179395041,41.0577028071263,18,17.9733764146597,2016.97337641466,2017,1.80316597343978
863,406,0.0145081231093691,-75.0163026714248,41.3966472223326,-74.9991996563434,41.4018908360612,18,17.9854918768906,2016.98549187689,2017,1.20043870975717
857,323,0.015268134014282,-74.3420483324998,41.6021820125792,-74.3180398424785,41.622181098471,18,17.9847318659857,2016.98473186599,2017,2.30890057166958
855,498,0.0155899061365092,-74.2259476721167,40.4694234162741,-74.2346339451005,40.4886293679287,18,17.9844100938635,2016.98441009386,2017,3.17680887811631
811,175,0.0236540854413831,-74.2884081007756,41.3736199338189,-74.2989877550258,41.3774806712582,18,17.9763459145586,2016.97634591456,2017,0.81801532357783
550,290,0.295440746180838,-74.3812153986995,41.597861583683,-74.4326845267865,41.6128324199205,18,17.7045592538192,2016.70455925382,2017,5.8883120843295
569,693,0.156600074777337,-74.1274837418025,40.3771734093036,-74.1691740661434,40.572003117374,17.9387694337382,17.7821693589608,2016.78216935896,2016.93876943374,14.3593991661016
624,784,0.0726758148827282,-74.2675829826959,41.5812074752586,-74.2160727206136,41.5775491548105,17.9728565461271,17.9001807312443,2016.90018073124,2016.97285654613,2.30018172797757
590,453,0.145713327506339,-74.1191961638838,40.3973551427282,-74.135258786283,40.5280603056985,18,17.8542866724937,2016.85428667249,2017,12.3361548070169
633,170,0.094848230227848,-74.1088508854045,41.2106098872868,-74.069997558114,41.1766383690978,18,17.9051517697721,2016.90515176977,2017,1.78235287089452
515,73,0.896736119941714,-74.151333519026,41.0527389189966,-74.4315955868471,41.0807680362815,18,17.1032638800583,2016.10326388006,2017,28.2580386395141
656,33,0.0774273221597033,-73.9723400669591,41.2238725907401,-74.060641549684,41.256542921708,18,17.9225726778403,2016.92257267784,2017,0.954868274912502
586,733,0.132288862533932,-74.1087592397831,40.4718260460673,-74.1045512849716,40.4853177841968,17.9589027209051,17.8266138583712,2016.82661385837,2016.95890272091,2.483229952821
669,345,0.0712636693830483,-74.6804780576837,41.5316449987752,-74.6412771704991,41.5340769183454,18,17.9287363306169,2016.92873633062,2017,3.91205140087549
674,201,0.0694766190080147,-74.2554961886287,41.5712102336016,-74.2179263821615,41.6557005352029,18,17.930523380992,2016.93052338099,2017,2.45917857201703
593,837,0.120158411458158,-74.4494283271183,41.4449504057688,-74.3373123121914,41.4407845825654,17.9811828095103,17.8610243980521,2016.86102439805,2016.98118280951,9.48564530242883
691,20,0.061784972721506,-73.8774773987806,41.1922647910761,-73.8784469012588,41.2029625093174,18,17.9382150272785,2016.93821502728,2017,1.19683518722761
652,47,0.0799890286214727,-73.9480295589158,41.1962491149341,-74.00042061568,41.232532625949,18,17.9200109713785,2016.92001097138,2017,4.37619436564
641,258,0.0895512699050529,-74.3825010334671,41.6270623093819,-74.3532994441078,41.6300543413583,18,17.9104487300949,2016.91044873009,2017,4.46344602617489
699,10,0.0577959165151251,-73.7981883338954,41.0756897156265,-73.7680351613538,41.1363887508897,18,17.9422040834849,2016.94220408348,2017,0.918660034463209
627,279,0.0969360770864843,-74.351287910848,41.5881545101474,-74.384428721415,41.6323039593612,18,17.9030639229135,2016.90306392291,2017,2.53604323162655
677,852,0.0514149214572748,-73.5072831146303,41.3890780060805,-73.515587662777,41.381369961514,17.9839242937173,17.93250937226,2016.93250937226,2016.98392429372,1.84606524404168
693,928,0.0555937915710124,-74.1691740661434,40.572003117374,-74.1728404236487,40.5644093000903,17.9943632253092,17.9387694337382,2016.93876943374,2016.99436322531,1.12942992294194
728,110,0.0436998810877091,-74.3078946046591,41.3751499128324,-74.3350373916827,41.442433483101,18,17.9563001189123,2016.95630011891,2017,1.87728239449704
620,357,0.101799111447487,-74.6063067113103,41.5683795639819,-74.5067645164363,41.5619623253765,18,17.8982008885525,2016.89820088855,2017,5.65750081902163
763,187,0.0326227833170389,-74.4119970618626,41.4065835041357,-74.4556819616357,41.4107748091208,18,17.967377216683,2016.96737721668,2017,0.940340035723525
713,307,0.0528150362845055,-74.5072348178944,41.7282521056798,-74.4504508727395,41.7894971195408,18,17.9471849637155,2016.94718496372,2017,1.45105390678487
718,35,0.0501848673137415,-73.9729978255479,41.2423129412711,-73.9894934911333,41.2817357732211,18,17.9498151326863,2016.94981513269,2017,4.60833577173328
729,254,0.0430507347984654,-74.3133299701865,41.5772479851225,-74.3022949216695,41.5744905030581,18,17.9569492652015,2016.9569492652,2017,1.01869943765084
708,166,0.0537719485934574,-74.150697069782,41.2459934596444,-74.1506462589128,41.2045342014275,18,17.9462280514065,2016.94622805141,2017,8.89825917555578
748,214,0.0367861760216602,-74.1328313010832,41.6894446053154,-74.1205882899146,41.6462378126949,18,17.9632138239783,2016.96321382398,2017,2.48723493163727
698,364,0.0583678464938694,-74.6688127144416,41.5058826365398,-74.6829076819918,41.4815278636321,18,17.9416321535061,2016.94163215351,2017,1.74091794760933
776,239,0.0291173952906225,-74.4471040334492,41.5174066897508,-74.4295350499598,41.4778400701941,18,17.9708826047094,2016.97088260471,2017,2.93162722271325
790,410,0.0264179596137508,-75.0288620652816,41.3927347409485,-75.0279160949078,41.3874087995707,18,17.9735820403862,2016.97358204039,2017,0.812252201047687
659,446,0.0751995318932155,-74.1126572758997,40.436529784236,-74.1720081467928,40.4831972561939,18,17.9248004681068,2016.92480046811,2017,4.50843375655811
636,23,0.0932189970939994,-73.8916817656257,41.2057940588452,-73.7917972543591,41.2741558160627,18,17.906781002906,2016.90678100291,2017,9.30619853326732
666,466,0.0716522377079722,-73.983696738882,40.5823905105985,-73.9580045208696,40.5131998039927,18,17.928347762292,2016.92834776229,2017,5.18231709961213
883,368,0.0116815034039462,-74.6772463391982,41.457479887372,-74.6811477491875,41.4740454226101,18,17.988318496596,2016.9883184966,2017,2.02464311137138
803,433,0.0250824986592304,-74.2613469164612,40.4255884917318,-74.2652498656233,40.4489043430239,18,17.9749175013408,2016.97491750134,2017,1.37730719294653
863,404,0.0145081231093691,-75.0163026714248,41.3966472223326,-75.0250434761565,41.386515769813,18,17.9854918768906,2016.98549187689,2017,1.07699975737126
992,224,0.000793356297352603,-74.5543678270681,41.6944602616143,-74.5512531795587,41.6893183174144,18,17.9992066437026,2016.9992066437,2017,0.0538705318243245
552,131,0.282657892802042,-74.2122372937405,41.1893549256974,-74.2500739532798,41.0800072363187,18,17.717342107198,2016.7173421072,2017,7.25238872709555
595,122,0.135663888698491,-74.2116625660578,41.1028126615085,-74.1468592126056,41.0949744739787,18,17.8643361113015,2016.8643361113,2017,3.54910149282467
643,949,0.0842085539742119,-74.6817932454716,41.5266231715947,-74.7605453979979,41.6187517241515,17.9964567157122,17.912248161738,2016.91224816174,2016.99645671571,1.5372996159666
