node1,node2,length,startLat,startLon,endLat,endLon,endNodeL,startNodeL,startYear,endYear,greatCircleDist_km
445,446,219.176739249731,10.5127309837131,-6.99740719152331,10.3866440668262,-6.83122516452067,1019.08339599839,799.906656748657,1670.88867934422,1890.06541859395,22.9785787304473
446,447,97.756477512552,10.3866440668262,-6.83122516452067,10.4099796542807,-6.89153972534811,1116.83987351094,1019.08339599839,1890.06541859395,1987.82189610651,7.09674340219838
447,448,3.80130679806571,10.4099796542807,-6.89153972534811,10.408578838532,-6.89268260513126,1120.64118030901,1116.83987351094,1987.82189610651,1991.62320290457,0.199943962120186
448,449,7.79332834886774,10.408578838532,-6.89268260513126,10.4147424015938,-6.89402974956636,1128.43450865787,1120.64118030901,1991.62320290457,1999.41653125344,0.701826496300163
449,450,5.3316737524584,10.4147424015938,-6.89402974956636,10.4128555724752,-6.89375683044936,1133.76618241033,1128.43450865787,1999.41653125344,2004.7482050059,0.212164001012845
450,194,4.43337672415476,10.4128555724752,-6.89375683044936,10.4155748048568,-6.89375106973898,1138.19955913449,1133.76618241033,2004.7482050059,2009.18158173005,0.302716113275432
450,193,7.42111170942627,10.4128555724752,-6.89375683044936,10.4083995487082,-6.87475496533897,1141.18729411976,1133.76618241033,2004.7482050059,2012.16931671532,2.1388585533287
449,192,9.62511196510792,10.4147424015938,-6.89402974956636,10.4175759592926,-6.89232876519888,1138.05962062298,1128.43450865787,1999.41653125344,2009.04164321855,0.36631848798834
448,190,18.3226836055406,10.408578838532,-6.89268260513126,10.4077570314582,-6.89142517267496,1138.96386391455,1120.64118030901,1991.62320290457,2009.94588651011,0.165303740614644
447,191,24.3474206088181,10.4099796542807,-6.89153972534811,10.412051942053,-6.89326490774331,1141.18729411976,1116.83987351094,1987.82189610651,2012.16931671532,0.298161835181968
446,451,70.8977527467674,10.3866440668262,-6.83122516452067,10.3570297545365,-6.84824771110452,1089.98114874516,1019.08339599839,1890.06541859395,1960.96317134072,3.78727411008397
451,195,51.2016900651564,10.3570297545365,-6.84824771110452,10.357597453593,-6.84533282847531,1141.18283881031,1089.98114874516,1960.96317134072,2012.16486140588,0.325404608068689
451,196,51.2561546997091,10.3570297545365,-6.84824771110452,10.4140630019829,-6.82797255397837,1141.23730344486,1089.98114874516,1960.96317134072,2012.21932604043,6.72613090704859
445,452,85.0112915777966,10.5127309837131,-6.99740719152331,12.4601380284209,-5.15339355701401,884.917948326454,799.906656748657,1670.88867934422,1755.89997092202,295.744038634951
452,453,57.927424728881,12.4601380284209,-5.15339355701401,12.7167810907038,-4.87982486202215,942.845373055335,884.917948326454,1755.89997092202,1813.8273956509,41.2274849689243
453,197,189.651712309546,12.7167810907038,-4.87982486202215,7.56874944790466,-7.21996171890753,1132.49708536488,942.845373055335,1813.8273956509,2003.47910796045,627.818335976546
453,454,51.0438920330788,12.7167810907038,-4.87982486202215,12.7274306706586,-4.87030212243403,993.889265088414,942.845373055335,1813.8273956509,1864.87128768398,1.57316899054513
454,455,18.1402637877916,12.7274306706586,-4.87030212243403,12.7335504689239,-4.86933872871109,1012.02952887621,993.889265088414,1864.87128768398,1883.01155147177,0.689264578219714
455,456,64.80636814609,12.7335504689239,-4.86933872871109,12.7334460744483,-4.85094541097233,1076.8358970223,1012.02952887621,1883.01155147177,1947.81791961786,1.9972897791385
456,457,2.86520525590045,12.7334460744483,-4.85094541097233,11.9294432468565,-5.84107913655092,1079.7011022782,1076.8358970223,1947.81791961786,1950.68312487376,140.022757644952
457,458,6.59917107829403,11.9294432468565,-5.84107913655092,11.9044546461083,-5.84529282575125,1086.30027335649,1079.7011022782,1950.68312487376,1957.28229595205,2.81943671087521
458,459,24.1594758718317,11.9044546461083,-5.84529282575125,11.9030238955586,-5.85034297515979,1110.45974922832,1086.30027335649,1957.28229595205,1981.44177182389,0.572706416390313
459,198,29.7882829706341,11.9030238955586,-5.85034297515979,11.9096400914653,-5.85330384095754,1140.24803219896,1110.45974922832,1981.44177182389,2011.23005479452,0.804060668556579
459,460,2.8051956514829,11.9030238955586,-5.85034297515979,11.898876856012,-5.8507438452694,1113.2649448798,1110.45974922832,1981.44177182389,1984.24696747537,0.463725054051258
460,200,28.2310924093525,11.898876856012,-5.8507438452694,11.3839338204724,-5.14864395374603,1141.49603728916,1113.2649448798,1984.24696747537,2012.47805988472,95.6372037212221
460,199,25.7967859492882,11.898876856012,-5.8507438452694,12.0559602637324,-5.75532807434922,1139.06173082909,1113.2649448798,1984.24696747537,2010.04375342466,20.3413023343438
458,461,20.5623920493026,11.9044546461083,-5.84529282575125,12.0737675514448,-5.75566772973412,1106.86266540579,1086.30027335649,1957.28229595205,1977.84468800136,21.2254958735171
461,201,34.4011314462061,12.0737675514448,-5.75566772973412,12.0816177807801,-5.76231313050468,1141.263796852,1106.86266540579,1977.84468800136,2012.24581944756,1.13448827776933
461,462,25.8053104752238,12.0737675514448,-5.75566772973412,12.0402821183353,-5.70261809900927,1132.66797588102,1106.86266540579,1977.84468800136,2003.64999847658,6.87396082380966
462,202,9.77457686588453,12.0402821183353,-5.70261809900927,12.6589917850698,-5.7668711386685,1142.4425527469,1132.66797588102,2003.64999847658,2013.42457534247,69.230669041031
462,203,9.8786864549257,12.0402821183353,-5.70261809900927,12.0403052345155,-5.70216175286337,1142.54666233594,1132.66797588102,2003.64999847658,2013.52868493151,0.0497511539158871
457,204,24.8482720090697,11.9294432468565,-5.84107913655092,11.9288599126743,-5.83824956660107,1104.54937428727,1079.7011022782,1950.68312487376,1975.53139688283,0.31496322091324
456,463,10.813811133708,12.7334460744483,-4.85094541097233,12.7365061581987,-4.84569941336557,1087.649708156,1076.8358970223,1947.81791961786,1958.63173075157,0.6637298448195
463,464,11.7169311192079,12.7365061581987,-4.84569941336557,12.7160394470918,-4.85342423516596,1099.36663927521,1087.649708156,1958.63173075157,1970.34866187078,2.42794085908728
464,465,8.17476643735905,12.7160394470918,-4.85342423516596,12.7152541834595,-4.85251724506069,1107.54140571257,1099.36663927521,1970.34866187078,1978.52342830814,0.131692647554325
465,209,31.6326538836455,12.7152541834595,-4.85251724506069,12.6984613686102,-4.85671060605432,1139.17405959622,1107.54140571257,1978.52342830814,2010.15608219178,1.92410717039342
465,210,34.2442490629254,12.7152541834595,-4.85251724506069,12.696370365798,-4.90254225045938,1141.7856547755,1107.54140571257,1978.52342830814,2012.76767737106,5.82516347796534
464,466,0.257574663892107,12.7160394470918,-4.85342423516596,12.7165231233204,-4.8530337230847,1099.6242139391,1099.36663927521,1970.34866187078,1970.60623653467,0.0685391923271079
466,467,12.1552475153977,12.7165231233204,-4.8530337230847,12.7213177180369,-4.85127464063821,1111.7794614545,1099.6242139391,1970.60623653467,1982.76148405007,0.566905408087817
467,468,20.1264510596293,12.7213177180369,-4.85127464063821,12.6444376603712,-4.85169629270154,1131.90591251413,1111.7794614545,1982.76148405007,2002.8879351097,8.55870818166479
468,211,9.0763662601678,12.6444376603712,-4.85169629270154,12.6457043539237,-4.85044738170762,1140.9822787743,1131.90591251413,2002.8879351097,2011.96430136986,0.195675025292003
468,212,8.55307858893481,12.6444376603712,-4.85169629270154,12.6480448383962,-4.85020105899389,1140.45899110307,1131.90591251413,2002.8879351097,2011.44101369863,0.433167141517793
467,469,5.66985848185117,12.7213177180369,-4.85127464063821,12.7392451198283,-4.84892998234632,1117.44931993635,1111.7794614545,1982.76148405007,1988.43134253192,2.01192207599396
469,470,0.811196501616283,12.7392451198283,-4.84892998234632,12.7393432836111,-4.85148026405892,1118.26051643797,1117.44931993635,1988.43134253192,1989.24253903353,0.277133999408529
470,471,18.4234660938721,12.7393432836111,-4.85148026405892,12.8061560292647,-4.75746890219041,1136.68398253184,1118.26051643797,1989.24253903353,2007.66600512741,12.6292914791815
471,215,2.27089898218349,12.8061560292647,-4.75746890219041,12.80602291331,-4.76695979406337,1138.95488151402,1136.68398253184,2007.66600512741,2009.93690410959,1.03038824200357
471,216,4.56888535840919,12.8061560292647,-4.75746890219041,13.0737989394337,-4.58616224953392,1141.25286789025,1136.68398253184,2007.66600512741,2012.23489048581,35.1168309579982
470,472,8.82382549792197,12.7393432836111,-4.85148026405892,12.7144220217043,-4.83276800277526,1127.08434193589,1118.26051643797,1989.24253903353,1998.06636453146,3.43885180433895
472,213,14.0155204898785,12.7144220217043,-4.83276800277526,12.7258734401596,-4.83234755411509,1141.09986242577,1127.08434193589,1998.06636453146,2012.08188502133,1.27563357576014
472,214,13.218484783613,12.7144220217043,-4.83276800277526,12.6457380342395,-4.65759380185818,1140.3028267195,1127.08434193589,1998.06636453146,2011.28484931507,20.5044343652252
469,473,0.667858129901152,12.7392451198283,-4.84892998234632,12.7398793009324,-4.85664098389845,1118.11717806625,1117.44931993635,1988.43134253192,1989.09920066182,0.840257619260104
473,217,24.3144157765377,12.7398793009324,-4.85664098389845,12.7307165076192,-4.85842600453152,1142.43159384279,1118.11717806625,1989.09920066182,2013.41361643836,1.03828974209349
473,474,12.2028261629206,12.7398793009324,-4.85664098389845,12.7439408380026,-4.85832892566497,1130.32000422917,1118.11717806625,1989.09920066182,2001.30202682474,0.487880973849792
474,475,2.45446178998183,12.7439408380026,-4.85832892566497,12.7177171028658,-4.95293222353254,1132.77446601916,1130.32000422917,2001.30202682474,2003.75648861472,10.6794562715953
475,218,8.30353848311585,12.7177171028658,-4.95293222353254,12.7166947333721,-4.94923648402265,1141.07800450227,1132.77446601916,2003.75648861472,2012.06002709784,0.417157487661307
475,219,8.80080624267872,12.7177171028658,-4.95293222353254,12.6617488270458,-4.83389345880619,1141.57527226183,1132.77446601916,2003.75648861472,2012.5572948574,14.3512327125302
474,220,11.8184389286858,12.7439408380026,-4.85832892566497,12.7553427409158,-4.86882880431081,1142.13844315786,1130.32000422917,2001.30202682474,2013.12046575342,1.70613149443718
466,476,16.506445250027,12.7165231233204,-4.8530337230847,12.7209526013376,-4.85172961459978,1116.13065918913,1099.6242139391,1970.60623653467,1987.1126817847,0.513039253017757
476,477,11.0926820997929,12.7209526013376,-4.85172961459978,12.7160720566171,-4.85356649896384,1127.22334128892,1116.13065918913,1987.1126817847,1998.20536388449,0.578780424313742
477,478,10.3023042976296,12.7160720566171,-4.85356649896384,12.7228531947282,-4.84779706794419,1137.52564558655,1127.22334128892,1998.20536388449,2008.50766818212,0.981018575604817
478,205,3.60153924358783,12.7228531947282,-4.84779706794419,12.7246687660221,-4.84565383141737,1141.12718483014,1137.52564558655,2008.50766818212,2012.10920742571,0.308247168439011
478,206,1.26211263979999,12.7228531947282,-4.84779706794419,12.6646338620456,-5.00174814207192,1138.78775822635,1137.52564558655,2008.50766818212,2009.76978082192,17.9317875062681
477,207,14.62242277619,12.7160720566171,-4.85356649896384,12.3927851147473,-5.38441512880162,1141.84576406511,1127.22334128892,1998.20536388449,2012.82778666068,67.9895629093459
476,208,26.3831264344828,12.7209526013376,-4.85172961459978,12.7164654726762,-4.85809372688985,1142.51378562361,1116.13065918913,1987.1126817847,2013.49580821918,0.852722096493291
463,479,6.12421304110176,12.7365061581987,-4.84569941336557,12.7491550499313,-4.83688852846509,1093.7739211971,1087.649708156,1958.63173075157,1964.75594379267,1.70237860317577
479,480,0.868393332308528,12.7491550499313,-4.83688852846509,12.747301150959,-4.83586003457845,1094.64231452941,1093.7739211971,1964.75594379267,1965.62433712498,0.234659343880858
480,481,26.8279652206996,12.747301150959,-4.83586003457845,12.7453584155588,-4.83341408872479,1121.47027975011,1094.64231452941,1965.62433712498,1992.45230234568,0.34250210468785
481,229,19.4709031337738,12.7453584155588,-4.83341408872479,12.7432813886631,-4.83445771469385,1140.94118288389,1121.47027975011,1992.45230234568,2011.92320547945,0.257497479505906
481,482,13.9075581055913,12.7453584155588,-4.83341408872479,12.8576017853953,-4.75321914402105,1135.3778378557,1121.47027975011,1992.45230234568,2006.35986045127,15.2290325430213
482,230,5.09759160352488,12.8576017853953,-4.75321914402105,12.858767595683,-4.75022684936128,1140.47542945923,1135.3778378557,2006.35986045127,2011.45745205479,0.349732713360376
482,483,2.17138811052681,12.8576017853953,-4.75321914402105,12.8576818596218,-4.75140171713872,1137.54922596623,1135.3778378557,2006.35986045127,2008.5312485618,0.197451274390827
483,231,1.12346376697075,12.8576818596218,-4.75140171713872,12.8609207684675,-4.74947931453021,1138.6726897332,1137.54922596623,2008.5312485618,2009.65471232877,0.416582058802583
483,484,0.713374695155535,12.8576818596218,-4.75140171713872,12.8617884920738,-4.74979744591438,1138.26260066139,1137.54922596623,2008.5312485618,2009.24462325695,0.489200060435282
484,232,0.859404140308426,12.8617884920738,-4.74979744591438,12.421868419873,-4.00964116045379,1139.1220048017,1138.26260066139,2009.24462325695,2010.10402739726,94.1406282356416
484,233,0.755294551267253,12.8617884920738,-4.74979744591438,12.860791627492,-4.7503965281859,1139.01789521265,1138.26260066139,2009.24462325695,2009.99991780822,0.128619132804063
480,485,31.0796196243343,12.747301150959,-4.83586003457845,12.3793659405545,-4.44272915992132,1125.72193415375,1094.64231452941,1965.62433712498,1996.70395674931,59.1814988459855
485,221,14.9836322917829,12.3793659405545,-4.44272915992132,12.8475063486692,-4.69746792707611,1140.70556644553,1125.72193415375,1996.70395674931,2011.6875890411,59.0071574369502
485,222,16.3918514698651,12.3793659405545,-4.44272915992132,12.3771725634156,-4.44214570042204,1142.11378562361,1125.72193415375,1996.70395674931,2013.09580821918,0.252282723755316
479,486,3.29802299647918,12.7491550499313,-4.83688852846509,12.7460328146128,-4.83021725396021,1097.07194419358,1093.7739211971,1964.75594379267,1968.05396678915,0.803441403772485
486,487,14.3789789820976,12.7460328146128,-4.83021725396021,12.7486281099939,-4.78444890199411,1111.45092317568,1097.07194419358,1968.05396678915,1982.43294577125,4.97792040008792
487,226,26.8929994342326,12.7486281099939,-4.78444890199411,12.7570680839673,-4.784079681039,1138.34392260991,1111.45092317568,1982.43294577125,2009.32594520548,0.940425435986612
487,488,4.25582230772204,12.7486281099939,-4.78444890199411,12.7457883938032,-4.78897649915118,1115.7067454834,1111.45092317568,1982.43294577125,1986.68876807897,0.584477846712523
488,227,25.18512233199,12.7457883938032,-4.78897649915118,12.7622171922987,-4.80121745901648,1140.89186781539,1115.7067454834,1986.68876807897,2011.87389041096,2.26084407074873
488,228,22.6344374004832,12.7457883938032,-4.78897649915118,13.0796111999726,-4.86217203805224,1138.34118288389,1115.7067454834,1986.68876807897,2009.32320547945,38.0016870361069
486,489,0.948338993926576,12.7460328146128,-4.83021725396021,12.7316582371473,-4.80834878195687,1098.02028318751,1097.07194419358,1968.05396678915,1969.00230578308,2.86343799835971
489,223,43.112366123504,12.7316582371473,-4.80834878195687,12.8097384592399,-4.84465484664756,1141.13264931101,1098.02028318751,1969.00230578308,2012.11467190658,9.54419187192271
489,490,27.7110577968963,12.7316582371473,-4.80834878195687,12.7332123805629,-4.80984766642025,1125.73134098441,1098.02028318751,1969.00230578308,1996.71336357997,0.237537154683649
490,224,15.1660062830414,12.7332123805629,-4.80984766642025,12.7328220558123,-4.80689068719016,1140.89734726745,1125.73134098441,1996.71336357997,2011.87936986301,0.32401386711826
490,225,15.1879240912608,12.7332123805629,-4.80984766642025,13.004081717955,-4.51612149312712,1140.91926507567,1125.73134098441,1996.71336357997,2011.90128767123,43.8799105951939
455,491,14.4691780269365,12.7335504689239,-4.86933872871109,11.9387296528307,-4.94519604755582,1026.49870690314,1012.02952887621,1883.01155147177,1897.48072949871,88.8662777635191
491,234,114.770554429731,11.9387296528307,-4.94519604755582,11.942195589157,-4.94100015865028,1141.26926133287,1026.49870690314,1897.48072949871,2012.25128392844,0.598096089400871
491,492,14.018368994742,11.9387296528307,-4.94519604755582,11.9362710510777,-4.94073549164023,1040.51707589788,1026.49870690314,1897.48072949871,1911.49909849345,0.557620541274715
492,235,100.656557019688,11.9362710510777,-4.94073549164023,11.9442815825691,-4.94420586392243,1141.17363291757,1040.51707589788,1911.49909849345,2012.15565551314,0.968559823051591
492,493,15.3015220448132,11.9362710510777,-4.94073549164023,11.9392282313125,-4.93630206658879,1055.8185979427,1040.51707589788,1911.49909849345,1926.80062053826,0.584415285646524
493,494,70.8169379843247,11.9392282313125,-4.93630206658879,11.9510272691486,-4.93979125296966,1126.63553592702,1055.8185979427,1926.80062053826,1997.61755852259,1.36738246345264
494,236,15.9166058609749,11.9510272691486,-4.93979125296966,12.0512224155036,-4.99627292697367,1142.552141788,1126.63553592702,1997.61755852259,2013.53416438356,12.737376416016
494,237,13.5467428472764,11.9510272691486,-4.93979125296966,11.9599688437831,-4.93504320766962,1140.1822787743,1126.63553592702,1997.61755852259,2011.16430136986,1.12171320098841
493,495,68.8510572526962,11.9392282313125,-4.93630206658879,11.9394162474601,-4.93204899848876,1124.66965519539,1055.8185979427,1926.80062053826,1995.65167779096,0.463698218797452
495,238,16.9083493068784,11.9394162474601,-4.93204899848876,11.9172083527184,-4.92403247404337,1141.57800450227,1124.66965519539,1995.65167779096,2012.56002709784,2.62193096018072
495,496,2.89887892024923,11.9394162474601,-4.93204899848876,11.9408904195552,-4.93180544709183,1127.56853411564,1124.66965519539,1995.65167779096,1998.55055671121,0.166240578123265
496,239,13.9329676543887,11.9408904195552,-4.93180544709183,11.9424397302906,-5.04588811205738,1141.50150177003,1127.56853411564,1998.55055671121,2012.4835243656,12.4264746373705
496,497,0.947400293162332,11.9408904195552,-4.93180544709183,11.9402781726981,-4.931204651239,1128.5159344088,1127.56853411564,1998.55055671121,1999.49795700437,0.0944844378218305
497,240,12.5429444104067,11.9402781726981,-4.931204651239,11.9474656580636,-4.93290072300334,1141.05887881921,1128.5159344088,1999.49795700437,2012.04090141478,0.821185418273878
497,498,1.96691657470945,11.9402781726981,-4.931204651239,11.9368875394814,-4.93561930007002,1130.48285098351,1128.5159344088,1999.49795700437,2001.46487357908,0.611283958935624
498,241,12.1186058729754,11.9368875394814,-4.93561930007002,11.9814858534776,-4.83641051446317,1142.60145685649,1130.48285098351,2001.46487357908,2013.58347945205,11.8907131060011
498,242,11.1716562509978,11.9368875394814,-4.93561930007002,11.9348243172257,-4.93399865071626,1141.65450723451,1130.48285098351,2001.46487357908,2012.63652983008,0.289678462109642
454,499,28.2046452314926,12.7274306706586,-4.87030212243403,12.7161160549553,-4.87551810836072,1022.09391031991,993.889265088414,1864.87128768398,1893.07593291547,1.38107860049494
499,500,85.1731659393442,12.7161160549553,-4.87551810836072,11.9896987229807,-2.91296399353598,1107.26707625925,1022.09391031991,1893.07593291547,1978.24909885482,228.226169658746
500,501,5.9319357794041,11.9896987229807,-2.91296399353598,11.9952780186719,-2.91280903282437,1113.19901203865,1107.26707625925,1978.24909885482,1984.18103463422,0.621337972442062
501,502,29.506286618136,11.9952780186719,-2.91280903282437,11.9852285106681,-2.90302469707739,1142.70529865679,1113.19901203865,1984.18103463422,2013.68732125236,1.5449337911391
502,243,0.660541761342996,11.9852285106681,-2.90302469707739,11.9851473947139,-2.90191144233535,1143.36584041813,1142.70529865679,2013.68732125236,2014.3478630137,0.121566134847478
502,244,0.663281487370353,11.9852285106681,-2.90302469707739,11.9854285477621,-2.91228434757962,1143.36858014416,1142.70529865679,2013.68732125236,2014.35060273973,1.00859496983296
501,503,1.79526733154207,11.9952780186719,-2.91280903282437,11.9957932625167,-2.91224106705523,1114.9942793702,1113.19901203865,1984.18103463422,1985.97630196576,0.0843514831068119
503,245,28.3770404999918,11.9957932625167,-2.91224106705523,11.9968232107151,-2.91475104384937,1143.37131987019,1114.9942793702,1985.97630196576,2014.35334246575,0.296393643258735
503,504,8.29509010720943,11.9957932625167,-2.91224106705523,11.9984307957915,-2.90921628258296,1123.28936947741,1114.9942793702,1985.97630196576,1994.27139207297,0.441249847962691
504,246,20.0792106667548,11.9984307957915,-2.90921628258296,12.0152502841412,-2.90021654640455,1143.36858014416,1123.28936947741,1994.27139207297,2014.35060273973,2.11335198623442
504,247,20.0792106667548,11.9984307957915,-2.90921628258296,11.9918724594896,-2.89979408229905,1143.36858014416,1123.28936947741,1994.27139207297,2014.35060273973,1.25926473398303
500,248,36.0987641588831,11.9896987229807,-2.91296399353598,11.9932741037353,-2.91399162898855,1143.36584041813,1107.26707625925,1978.24909885482,2014.3478630137,0.413456853796189
499,249,117.976039687268,12.7161160549553,-4.87551810836072,12.7232530885478,-4.88122923297621,1140.06995000717,1022.09391031991,1893.07593291547,2011.05197260274,1.00791411123522
452,505,132.244950636846,12.4601380284209,-5.15339355701401,12.4051544688592,-5.18449439553558,1017.1628989633,884.917948326454,1755.89997092202,1888.14492155887,6.99271731011979
505,506,69.5810319967605,12.4051544688592,-5.18449439553558,12.4018502171521,-5.18328668169706,1086.74393096006,1017.1628989633,1888.14492155887,1957.72595355563,0.390576401464098
506,250,58.5553850176212,12.4018502171521,-5.18328668169706,12.9269025662731,-5.15304724763302,1145.29931597768,1086.74393096006,1957.72595355563,2016.28133857325,58.5430672896489
506,251,59.6109505539637,12.4018502171521,-5.18328668169706,12.3943768081182,-5.18729829707909,1146.35488151402,1086.74393096006,1957.72595355563,2017.33690410959,0.939371987294276
505,507,111.246781336967,12.4051544688592,-5.18449439553558,12.4186586688075,-5.21113704533327,1128.40968030027,1017.1628989633,1888.14492155887,1999.39170289583,3.2635198312383
507,508,4.76011006903249,12.4186586688075,-5.21113704533327,12.4223305042758,-5.21358700677246,1133.1697903693,1128.40968030027,1999.39170289583,2004.15181296486,0.487885825029289
508,254,12.965913062533,12.4223305042758,-5.21358700677246,12.4310757105102,-5.22571539982595,1146.13570343183,1133.1697903693,2004.15181296486,2017.1177260274,1.63901442571752
508,509,2.00968892328884,12.4223305042758,-5.21358700677246,12.4219794411965,-5.20932101821839,1135.17947929259,1133.1697903693,2004.15181296486,2006.16150188815,0.465432139912009
509,253,5.12060770088787,12.4219794411965,-5.20932101821839,12.4270182478306,-5.20117917463607,1140.30008699348,1135.17947929259,2006.16150188815,2011.28210958904,1.0479272156856
509,252,9.99142138454685,12.4219794411965,-5.20932101821839,12.4188658367616,-5.21093655921436,1145.17090067714,1135.17947929259,2006.16150188815,2016.1529232727,0.388578791024747
507,255,11.7452012137572,12.4186586688075,-5.21113704533327,12.445544700159,-5.19923115509855,1140.15488151402,1128.40968030027,1999.39170289583,2011.13690410959,3.26093305805309
413,414,372.310623923746,7.73251574487712,4.61707886773448,7.79301683482551,4.29074849995474,1086.1231674103,713.812543486553,1584.79456608212,1957.10519000586,36.620140330138
414,2,58.9302469280382,7.79301683482551,4.29074849995474,7.79700469580305,4.27702688474433,1145.05341433834,1086.1231674103,1957.10519000586,2016.0354369339,1.57719739006216
414,3,61.9385634187935,7.79301683482551,4.29074849995474,7.72744295526411,5.07862817707951,1148.06173082909,1086.1231674103,1957.10519000586,2019.04375342466,87.2125845203646
413,4,427.407537518451,7.73251574487712,4.61707886773448,7.72984381921915,4.59367968795832,1141.220081005,713.812543486553,1584.79456608212,2012.20210360057,2.59829117115488
257,258,90.2833570188398,6.05917397386529,8.0752369469083,6.06155137810062,8.08068734187056,972.34984416991,882.06648715107,1753.04850974664,1843.33186676548,0.6588617921546
258,259,43.6977612190337,6.06155137810062,8.08068734187056,6.30430430757808,8.12823971019513,1016.04760538894,972.34984416991,1843.33186676548,1887.02962798451,27.5318989217732
259,260,58.9411540626692,6.30430430757808,8.12823971019513,6.29657138272504,8.13792564946755,1074.98875945161,1016.04760538894,1887.02962798451,1945.97078204718,1.37468384507474
260,261,7.14806256912385,6.29657138272504,8.13792564946755,8.44005617283847,-2.90262390690406,1082.13682202074,1074.98875945161,1945.97078204718,1953.1188446163,1241.96044718897
261,262,20.6584385112145,8.44005617283847,-2.90262390690406,8.44531900724501,-2.89786464033488,1102.79526053195,1082.13682202074,1953.1188446163,1973.77728312752,0.786074131042743
262,5,39.3979771464562,8.44531900724501,-2.89786464033488,8.45840944890107,-2.89736563826885,1142.19323767841,1102.79526053195,1973.77728312752,2013.17526027397,1.4583141910477
262,263,9.49665857642766,8.44531900724501,-2.89786464033488,8.4490133828481,-2.89281189267478,1112.29191910838,1102.79526053195,1973.77728312752,1983.27394170394,0.691891581368659
263,6,34.8191267892067,8.4490133828481,-2.89281189267478,8.44583427975992,-2.8915272620032,1147.11104589759,1112.29191910838,1983.27394170394,2018.09306849315,0.381133640354584
263,7,28.8298012408871,8.4490133828481,-2.89281189267478,8.45589073436887,-2.89685008787329,1141.12172034927,1112.29191910838,1983.27394170394,2012.10374294483,0.885375907890464
261,264,39.0205686171283,8.44005617283847,-2.90262390690406,8.43698589945303,-2.89267002797284,1121.15739063787,1082.13682202074,1953.1188446163,1992.13941323343,1.14816206228637
264,8,19.9697941922754,8.43698589945303,-2.89267002797284,8.43292372252649,-2.8840528254662,1141.12718483014,1121.15739063787,1992.13941323343,2012.10920742571,1.05116910136708
264,9,23.8714335365378,8.43698589945303,-2.89267002797284,10.957777533919,-2.22856964745403,1145.0288241744,1121.15739063787,1992.13941323343,2016.01084676997,289.9304284048
260,10,28.1343474861155,6.29657138272504,8.13792564946755,6.26908561088708,8.11048316403456,1103.12310693773,1074.98875945161,1945.97078204718,1974.10512953329,4.31089153949598
259,265,53.9561191278524,6.30430430757808,8.12823971019513,6.23946762638459,8.10002635364839,1070.0037245168,1016.04760538894,1887.02962798451,1940.98574711236,7.86413812255118
265,266,47.4768345761108,6.23946762638459,8.10002635364839,6.25616749139856,8.09626582548965,1117.48055909291,1070.0037245168,1940.98574711236,1988.46258168847,1.90510104220883
266,267,22.1344490847373,6.25616749139856,8.09626582548965,6.26086186334146,8.09579508033756,1139.61500817764,1117.48055909291,1988.46258168847,2010.59703077321,0.525185569516218
267,11,7.53165415829756,6.26086186334146,8.09579508033756,6.25837388368349,8.09596330047732,1147.14666233594,1139.61500817764,2010.59703077321,2018.12868493151,0.277596371308495
267,12,7.54261306240722,6.26086186334146,8.09579508033756,6.2619834255274,8.09943366510235,1147.15762124005,1139.61500817764,2010.59703077321,2018.13964383562,0.42155921107616
266,13,30.5784320101583,6.25616749139856,8.09626582548965,6.91818211290871,8.74214262925336,1148.05899110307,1117.48055909291,1988.46258168847,2019.04101369863,102.631059431111
265,268,7.12425473929672,6.23946762638459,8.10002635364839,6.24317966441969,8.10428342570131,1077.12797925609,1070.0037245168,1940.98574711236,1948.11000185166,0.626662352430627
268,269,41.8076897441734,6.24317966441969,8.10428342570131,6.26456440678809,8.09878519975651,1118.93566900027,1077.12797925609,1948.11000185166,1989.91769159583,2.45715505952551
269,14,29.0877056644427,6.26456440678809,8.09878519975651,6.06178720653895,7.59027515066039,1148.02337466471,1118.93566900027,1989.91769159583,2019.00539726027,60.6403804087927
269,15,29.2411303219769,6.26456440678809,8.09878519975651,6.27452777995507,8.0962958485176,1148.17679932224,1118.93566900027,1989.91769159583,2019.15882191781,1.14285636988964
268,270,13.2931947616425,6.24317966441969,8.10428342570131,6.23813334402631,8.09965321866575,1090.42117401774,1077.12797925609,1948.11000185166,1961.4031966133,0.760357773908723
270,271,2.90492881403069,6.23813334402631,8.09965321866575,6.23928654156538,8.07389597294598,1093.32610283177,1090.42117401774,1961.4031966133,1964.30812542733,2.85330445859179
271,272,14.3615396640999,6.23928654156538,8.07389597294598,6.60200224894954,8.17047960599233,1107.68764249587,1093.32610283177,1964.30812542733,1978.66966509143,41.7686211331187
272,16,39.3987458674732,6.60200224894954,8.17047960599233,7.03410205567601,8.25061486838821,1147.08638836334,1107.68764249587,1978.66966509143,2018.0684109589,48.9117829187296
272,17,39.3795677852814,6.60200224894954,8.17047960599233,6.60700218212404,8.17095892828777,1147.06721028115,1107.68764249587,1978.66966509143,2018.04923287671,0.559130092243573
271,273,24.0031680421245,6.23928654156538,8.07389597294598,6.25632073593336,8.0871318121294,1117.32927087389,1093.32610283177,1964.30812542733,1988.31129346946,2.39611890519349
273,274,11.813595636871,6.25632073593336,8.0871318121294,6.16045040290119,7.98178713445263,1129.14286651076,1117.32927087389,1988.31129346946,2000.12488910633,15.8059632541952
274,18,17.9517410306599,6.16045040290119,7.98178713445263,6.15957880043124,7.98565967403663,1147.09460754142,1129.14286651076,2000.12488910633,2018.07663013699,0.439462544565228
274,19,17.9900971950434,6.16045040290119,7.98178713445263,6.15155216497589,7.97222046878965,1147.1329637058,1129.14286651076,2000.12488910633,2018.11498630137,1.44997913241795
273,20,24.0929959234632,6.25632073593336,8.0871318121294,6.27367966268067,8.09311587205284,1141.42226679735,1117.32927087389,1988.31129346946,2012.40428939292,2.04276990078505
270,275,6.71807744711269,6.23813334402631,8.09965321866575,6.21583477278175,8.47644077139487,1097.13925146485,1090.42117401774,1961.4031966133,1968.12127406041,41.7717940812517
275,276,2.61286843474075,6.21583477278175,8.47644077139487,6.21572970275177,8.47598752652854,1099.75211989959,1097.13925146485,1968.12127406041,1970.73414249515,0.0515059190819714
276,277,2.39872651351988,6.21572970275177,8.47598752652854,6.21763974430011,8.47540698563662,1102.15084641311,1099.75211989959,1970.73414249515,1973.13286900867,0.222127618916844
277,278,1.89567228977877,6.21763974430011,8.47540698563662,5.84965690956688,7.77231348870986,1104.04651870289,1102.15084641311,1973.13286900867,1975.02854129845,87.9591204827745
278,86,44.0946641809997,5.84965690956688,7.77231348870986,5.85254357794587,7.77754599954028,1148.14118288389,1104.04651870289,1975.02854129845,2019.12320547945,0.662610746133137
278,279,13.1494722649123,5.84965690956688,7.77231348870986,5.80518500077753,7.72217574197673,1117.1959909678,1104.04651870289,1975.02854129845,1988.17801356336,7.43925876896576
279,280,1.54471036216552,5.80518500077753,7.72217574197673,5.82776800323687,7.66245334953282,1118.74070132997,1117.1959909678,1988.17801356336,1989.72272392553,7.07596494533771
280,281,2.06063718669191,5.82776800323687,7.66245334953282,5.82221955537953,7.65897755388331,1120.80133851666,1118.74070132997,1989.72272392553,1991.78336111222,0.727806065010078
281,282,5.89643703963813,5.82221955537953,7.65897755388331,5.82198838751757,7.65829988497602,1126.6977755563,1120.80133851666,1991.78336111222,1997.67979815186,0.0793410979387492
282,47,16.9255991084138,5.82198838751757,7.65829988497602,5.82168997950005,7.65599471836222,1143.62337466471,1126.6977755563,1997.67979815186,2014.60539726027,0.257448727916803
282,283,18.9118803344053,5.82198838751757,7.65829988497602,5.81760486655942,7.6615324829615,1145.6096558907,1126.6977755563,1997.67979815186,2016.59167848627,0.605232402185546
283,48,2.46577356852911,5.81760486655942,7.6615324829615,5.81647443498024,7.66429313481468,1148.07542945923,1145.6096558907,2016.59167848627,2019.05745205479,0.330629790814368
283,49,1.52056808907694,5.81760486655942,7.6615324829615,5.81825133620374,7.65986213180301,1147.13022397978,1145.6096558907,2016.59167848627,2018.11224657534,0.198497940474682
281,284,7.39185633168166,5.82221955537953,7.65897755388331,5.73160490053049,7.70836623199187,1128.19319484834,1120.80133851666,1991.78336111222,1999.1752174439,11.4752955052006
284,285,10.1122010128153,5.73160490053049,7.70836623199187,5.73660192451621,7.7001116079959,1138.30539586115,1128.19319484834,1999.1752174439,2009.28741845672,1.07026700836839
285,286,0.158630457082857,5.73660192451621,7.7001116079959,5.73636687954748,7.70007362294948,1138.46402631824,1138.30539586115,2009.28741845672,2009.4460489138,0.026502158414576
286,64,8.64975930537614,5.73636687954748,7.70007362294948,5.72254208112459,7.70214256902852,1147.11378562361,1138.46402631824,2009.4460489138,2018.09580821918,1.55599923710877
286,65,8.6607182094858,5.73636687954748,7.70007362294948,5.73522381033647,7.69777908107056,1147.12474452772,1138.46402631824,2009.4460489138,2018.10676712329,0.284234531178931
285,287,0.483264446942584,5.73660192451621,7.7001116079959,5.73889718038001,7.7011055419603,1138.7886603081,1138.30539586115,2009.28741845672,2009.77068290366,0.278225725720967
287,288,0.0755278311127476,5.73889718038001,7.7011055419603,5.73896596257189,7.70126667687632,1138.86418813921,1138.7886603081,2009.77068290366,2009.84621073477,0.0194213801980355
288,289,1.12858046616735,5.73896596257189,7.70126667687632,5.73884603049431,7.70027103033248,1139.99276860538,1138.86418813921,2009.84621073477,2010.97479120094,0.111088909329261
289,63,7.14841427851035,5.73884603049431,7.70027103033248,5.31830290962857,7.93604406561189,1147.14118288389,1139.99276860538,2010.97479120094,2018.12320547945,53.6124970223404
289,290,0.355332936222944,5.73884603049431,7.70027103033248,5.73958479744484,7.69774306877848,1140.3481015416,1139.99276860538,2010.97479120094,2011.33012413716,0.291839722491943
290,291,0.0469078366565769,5.73958479744484,7.69774306877848,5.73906668767077,7.69735904541908,1140.39500937826,1140.3481015416,2011.33012413716,2011.37703197382,0.0716668064387094
291,292,2.02294488540916,5.73906668767077,7.69735904541908,5.73825060014374,7.69929690188155,1142.41795426367,1140.39500937826,2011.37703197382,2013.39997685923,0.233083093137076
292,293,0.221600283560964,5.73825060014374,7.69929690188155,5.7403026199635,7.70065636825994,1142.63955454723,1142.41795426367,2013.39997685923,2013.62157714279,0.273604389416797
293,60,5.47423107638667,5.7403026199635,7.70065636825994,5.74032055343079,7.70380414859964,1148.11378562361,1142.63955454723,2013.62157714279,2019.09580821918,0.348671605201119
293,61,4.4221762818662,5.7403026199635,7.70065636825994,5.74141504404076,7.69882575817408,1147.06173082909,1142.63955454723,2013.62157714279,2018.04375342466,0.237594706675674
292,62,2.3067902640572,5.73825060014374,7.69929690188155,5.73715568277915,7.69947020144503,1144.72474452772,1142.41795426367,2013.39997685923,2015.70676712329,0.123392745564289
291,294,0.0305014160414947,5.73906668767077,7.69735904541908,5.738948726331,7.69744202941429,1140.4255107943,1140.39500937826,2011.37703197382,2011.40753338986,0.0160294546595771
294,295,2.90456548705032,5.738948726331,7.69744202941429,5.74043614132537,7.69770913933401,1143.33007628135,1140.4255107943,2011.40753338986,2014.31209887691,0.168207298311417
295,54,3.81110660253901,5.74043614132537,7.69770913933401,5.76229528378042,7.71870548767579,1147.14118288389,1143.33007628135,2014.31209887691,2018.12320547945,3.36603624624806
295,55,3.81110660253901,5.74043614132537,7.69770913933401,5.74050183385965,7.69704619661942,1147.14118288389,1143.33007628135,2014.31209887691,2018.12320547945,0.0737945268723892
294,296,0.465341560267309,5.738948726331,7.69744202941429,5.73512157271311,7.69429821429027,1140.89085235456,1140.4255107943,2011.40753338986,2011.87287495013,0.550258884273586
296,57,7.30238532384249,5.73512157271311,7.69429821429027,5.73664188980158,7.68924450946145,1148.19323767841,1140.89085235456,2011.87287495013,2019.17526027397,0.584807397044064
296,297,0.754915289803577,5.73512157271311,7.69429821429027,5.73555538561466,7.69471901230231,1141.64576764437,1140.89085235456,2011.87287495013,2012.62779023993,0.067117927641276
297,58,6.44883989705269,5.73555538561466,7.69471901230231,5.7358543198469,7.6937728572785,1148.09460754142,1141.64576764437,2012.62779023993,2019.07663013699,0.109959010961929
297,56,6.53103167787454,5.73555538561466,7.69471901230231,5.72738823342043,7.6925320746514,1148.17679932224,1141.64576764437,2012.62779023993,2019.15882191781,0.940916399483907
290,59,7.73006764365727,5.73958479744484,7.69774306877848,5.74282432621589,7.68947555012599,1148.07816918526,1140.3481015416,2011.33012413716,2019.06019178082,0.984208859985454
288,298,3.81385462128498,5.73896596257189,7.70126667687632,5.74429570542958,7.70157519837291,1142.67804276049,1138.86418813921,2009.84621073477,2013.66006535606,0.594310928549211
298,50,4.3699894384612,5.74429570542958,7.70157519837291,5.74211062270545,7.70309890469571,1147.04803219896,1142.67804276049,2013.66006535606,2018.03005479452,0.296067466031759
298,299,0.0801584402251025,5.74429570542958,7.70157519837291,5.74470570273593,7.70173647829125,1142.75820120072,1142.67804276049,2013.66006535606,2013.74022379628,0.0490140319315884
299,51,4.36654332700324,5.74470570273593,7.70173647829125,5.74981177273111,7.69900793198565,1147.12474452772,1142.75820120072,2013.74022379628,2018.10676712329,0.643777941999631
299,52,5.30626935440047,5.74470570273593,7.70173647829125,5.742643865728,7.69535773966747,1148.06447055512,1142.75820120072,2013.74022379628,2019.04649315069,0.742889458846048
287,53,9.34430339770815,5.73889718038001,7.7011055419603,5.74390178003939,7.7041323547367,1148.1329637058,1138.7886603081,2009.77068290366,2019.11498630137,0.650229817949654
284,300,3.4408687233282,5.73160490053049,7.70836623199187,5.71485141653617,7.70212994293883,1131.63406357167,1128.19319484834,1999.1752174439,2002.61608616723,1.9888805375931
300,301,1.02189152447269,5.71485141653617,7.70212994293883,5.71612657494673,7.70400878512972,1132.65595509614,1131.63406357167,2002.61608616723,2003.6379776917,0.251923407688343
301,302,0.125660740831403,5.71612657494673,7.70400878512972,5.7184666626436,7.70174644433139,1132.78161583697,1132.65595509614,2003.6379776917,2003.76363843254,0.361475341182767
302,303,1.23291868414161,5.7184666626436,7.70174644433139,5.71541646169441,7.69800032265557,1134.01453452111,1132.78161583697,2003.76363843254,2004.99655711668,0.536182497070278
303,304,3.24181267731157,5.71541646169441,7.69800032265557,5.71584811241559,7.69773149458698,1137.25634719842,1134.01453452111,2004.99655711668,2008.23836979399,0.0565317150695729
304,66,10.8108630827231,5.71584811241559,7.69773149458698,6.39727250292797,8.28522723568704,1148.06721028115,1137.25634719842,2008.23836979399,2019.04923287671,99.921710854979
304,67,10.9094932197093,5.71584811241559,7.69773149458698,6.19783147428623,6.94691880026037,1148.16584041813,1137.25634719842,2008.23836979399,2019.1478630137,98.9438681213422
303,305,4.55188188041923,5.71541646169441,7.69800032265557,5.71537155868372,7.69884653413657,1138.56641640153,1134.01453452111,2004.99655711668,2009.5484389971,0.0938684244120819
305,73,6.6154132373519,5.71537155868372,7.69884653413657,5.7160857232044,7.6991050123882,1145.18182963888,1138.56641640153,2009.5484389971,2016.16385223445,0.0845020849373192
305,306,0.526692714893214,5.71537155868372,7.69884653413657,5.71438588240379,7.69731280183235,1139.09310911643,1138.56641640153,2009.5484389971,2010.07513171199,0.202247227766208
306,72,8.04259431540726,5.71438588240379,7.69731280183235,5.70558725738917,7.70293629032658,1147.13570343183,1139.09310911643,2010.07513171199,2018.1177260274,1.16079566858924
306,307,1.03178287105613,5.71438588240379,7.69731280183235,5.7133366650894,7.69528615242987,1140.12489198748,1139.09310911643,2010.07513171199,2011.10691458305,0.25306178523932
307,308,2.20573290222825,5.7133366650894,7.69528615242987,5.7083472103381,7.69586316355814,1142.33062488971,1140.12489198748,2011.10691458305,2013.31264748527,0.559110825199181
308,70,3.73658539143781,5.7083472103381,7.69586316355814,5.70549870012153,7.69481937496337,1146.06721028115,1142.33062488971,2013.31264748527,2017.04923287671,0.337528614306228
308,71,4.72562648732815,5.7083472103381,7.69586316355814,5.70574112695652,7.69307232485731,1147.05625137704,1142.33062488971,2013.31264748527,2018.0382739726,0.42395881358432
307,309,0.929977186570591,5.7133366650894,7.69528615242987,5.71424517674613,7.69606675546984,1141.05486917405,1140.12489198748,2011.10691458305,2012.03689176962,0.133063203397032
309,68,7.02877946325984,5.71424517674613,7.69606675546984,5.71500869106581,7.69666405265117,1148.08364863731,1141.05486917405,2012.03689176962,2019.06567123288,0.107713013609009
309,69,6.07809453175296,5.71424517674613,7.69606675546984,5.71173525044302,7.69660382672084,1147.1329637058,1141.05486917405,2012.03689176962,2018.11498630137,0.285677898410556
302,74,14.2828547181489,5.7184666626436,7.70174644433139,5.8460357455998,7.10979346800828,1147.06447055512,1132.78161583697,2003.76363843254,2018.04649315069,67.083631108765
301,310,1.37035031546493,5.71612657494673,7.70400878512972,5.7223173197965,7.70081618612301,1134.0263054116,1132.65595509614,2003.6379776917,2005.00832800717,0.774615688937583
310,311,2.86233784980666,5.7223173197965,7.70081618612301,5.72408613931341,7.70426184877908,1136.88864326141,1134.0263054116,2005.00832800717,2007.87066585698,0.429474256088805
311,312,0.444268633607313,5.72408613931341,7.70426184877908,5.72401035435139,7.70507277877885,1137.33291189502,1136.88864326141,2007.87066585698,2008.31493449058,0.090221055202388
312,75,9.78635318064922,5.72401035435139,7.70507277877885,5.72046685149695,7.70643702556208,1147.11926507567,1137.33291189502,2008.31493449058,2018.10128767123,0.4224308805663
312,76,10.7425175642111,5.72401035435139,7.70507277877885,5.71507678194318,7.70961353097636,1148.07542945923,1137.33291189502,2008.31493449058,2019.05745205479,1.11447575326064
311,77,10.2224026361745,5.72408613931341,7.70426184877908,5.72708997724475,7.70663742810308,1147.11104589759,1136.88864326141,2007.87066585698,2018.09306849315,0.425517213830429
310,313,2.24554782290541,5.7223173197965,7.70081618612301,5.72801799167084,7.70364367243886,1136.27185323451,1134.0263054116,2005.00832800717,2007.25387583008,0.70769750958997
313,78,10.0665899233498,5.72801799167084,7.70364367243886,5.73006225971785,7.70366664692873,1146.33844315786,1136.27185323451,2007.25387583008,2017.32046575342,0.227590046060602
313,314,8.99156700494897,5.72801799167084,7.70364367243886,5.73211611915617,7.70310195378535,1145.26342023946,1136.27185323451,2007.25387583008,2016.24544283502,0.460148627840499
314,79,1.87228319237342,5.73211611915617,7.70310195378535,5.73225404809724,7.70455050171015,1147.13570343183,1145.26342023946,2016.24544283502,2018.1177260274,0.161184648147354
314,80,2.91611880881159,5.73211611915617,7.70310195378535,6.16184505116117,7.98781921150572,1148.17953904827,1145.26342023946,2016.24544283502,2019.16156164384,57.292361883871
300,315,2.11228274567963,5.71485141653617,7.70212994293883,5.71360966178387,7.70742693686799,1133.74634631735,1131.63406357167,2002.61608616723,2004.72836891291,0.602815876748766
315,316,1.21882804536389,5.71360966178387,7.70742693686799,5.71359395780014,7.70566125448741,1134.96517436271,1133.74634631735,2004.72836891291,2005.94719695828,0.195593893979848
316,81,13.1239537266561,5.71359395780014,7.70566125448741,6.06272022882633,7.84400964220283,1148.08912808937,1134.96517436271,2005.94719695828,2019.07115068493,41.7765630170016
316,82,13.0499811239163,5.71359395780014,7.70566125448741,5.72015000786786,7.71062234281456,1148.01515548663,1134.96517436271,2005.94719695828,2018.99717808219,0.913601912474279
315,83,14.3400420459924,5.71360966178387,7.70742693686799,5.7160627536903,7.69889417571048,1148.08638836334,1133.74634631735,2004.72836891291,2019.0684109589,0.98383937630475
280,317,6.49711918084634,5.82776800323687,7.66245334953282,5.82208871135638,7.66297230865448,1125.23782051081,1118.74070132997,1989.72272392553,1996.21984310638,0.634847754320538
317,84,19.6266500443084,5.82208871135638,7.66297230865448,5.82298425189208,7.66151111763102,1144.86447055512,1125.23782051081,1996.21984310638,2015.84649315069,0.190070553514983
317,85,21.9389788114317,5.82208871135638,7.66297230865448,5.94966330881032,7.63641710424406,1147.17679932224,1125.23782051081,1996.21984310638,2018.15882191781,14.5033434030201
279,46,30.8438220530736,5.80518500077753,7.72217574197673,5.83096571826807,6.62033378398268,1148.03981302087,1117.1959909678,1988.17801356336,2019.02183561644,122.063181858616
277,318,4.53322505173342,6.21763974430011,8.47540698563662,6.22033728615148,8.47997964907942,1106.68407146484,1102.15084641311,1973.13286900867,1977.66609406041,0.588445508043137
318,44,30.4917690618122,6.22033728615148,8.47997964907942,6.07840746222659,8.49607583626197,1137.17584052665,1106.68407146484,1977.66609406041,2008.15786312222,15.9003028914249
318,45,40.4543716930177,6.22033728615148,8.47997964907942,6.0570936228013,8.32725867778317,1147.13844315786,1106.68407146484,1977.66609406041,2018.12046575342,24.8193467350797
276,319,0.479121084358908,6.21572970275177,8.47598752652854,6.22957053677619,8.47764176657926,1100.23124098395,1099.75211989959,1970.73414249515,1971.21326357951,1.55165289648196
319,143,46.8304898451449,6.22957053677619,8.47764176657926,6.44021025360226,8.54622401470613,1147.06173082909,1100.23124098395,1971.21326357951,2018.04375342466,24.6464477386245
319,320,3.41457453840523,6.22957053677619,8.47764176657926,6.2622192108352,8.48794250440455,1103.64581552235,1100.23124098395,1971.21326357951,1974.62783811792,3.80913981467964
320,321,2.16689131839481,6.2622192108352,8.48794250440455,6.26194567742604,8.49731952654351,1105.81270684075,1103.64581552235,1974.62783811792,1976.79472943631,1.03810461839179
321,322,1.22604504295656,6.26194567742604,8.49731952654351,6.70219301263339,8.73164237222029,1107.0387518837,1105.81270684075,1976.79472943631,1978.02077447927,55.4416195748503
322,323,0.851344089120005,6.70219301263339,8.73164237222029,6.70206508043768,8.73181083097769,1107.89009597282,1107.0387518837,1978.02077447927,1978.87211856839,0.0234463698740366
323,324,0.790336016743687,6.70206508043768,8.73181083097769,6.48134541267442,8.65754181164093,1108.68043198957,1107.89009597282,1978.87211856839,1979.66245458513,25.9077142340346
324,325,0.887679102675079,6.48134541267442,8.65754181164093,6.4806798711413,8.65796935291218,1109.56811109224,1108.68043198957,1979.66245458513,1980.55013368781,0.0878970989484094
325,326,0.606802408682292,6.4806798711413,8.65796935291218,6.48060383164051,8.64113068170982,1110.17491350093,1109.56811109224,1980.55013368781,1981.15693609649,1.86258703928457
326,96,34.8511784330402,6.48060383164051,8.64113068170982,6.79570369930586,8.623876027319,1145.02609193397,1110.17491350093,1981.15693609649,2016.00811452953,35.1299883021685
326,327,0.841104133235191,6.48060383164051,8.64113068170982,6.48008849047381,8.64110333317957,1111.01601763416,1110.17491350093,1981.15693609649,1981.99804022973,0.0574494925537246
327,328,4.76736075940783,6.48008849047381,8.64110333317957,6.49195798367363,8.63817208120677,1115.78337839357,1111.01601763416,1981.99804022973,1986.76540098913,1.36055565586058
328,99,30.5130155998838,6.49195798367363,8.63817208120677,6.4795270756388,8.6282893807719,1146.29639399345,1115.78337839357,1986.76540098913,2017.27841658902,1.76352295589764
328,329,14.8575078723691,6.49195798367363,8.63817208120677,6.49645743757747,8.6379050537358,1130.64088626594,1115.78337839357,1986.76540098913,2001.6229088615,0.501766674980799
329,100,17.4756390837029,6.49645743757747,8.6379050537358,6.49911086847182,8.64153675816426,1148.11652534964,1130.64088626594,2001.6229088615,2019.09854794521,0.498614979851659
329,101,17.4318034672648,6.49645743757747,8.6379050537358,6.49632895203636,8.6379545575692,1148.0726897332,1130.64088626594,2001.6229088615,2019.05471232877,0.0153155844075992
327,330,0.107396243927354,6.48008849047381,8.64110333317957,6.45687005332993,8.65015308374323,1111.12341387809,1111.01601763416,1981.99804022973,1982.10543647365,2.77184010668851
330,331,17.110310978264,6.45687005332993,8.65015308374323,6.46257526092781,8.6477790378587,1128.23372485635,1111.12341387809,1982.10543647365,1999.21574745192,0.687276379994122
331,97,19.9430744658913,6.46257526092781,8.6477790378587,6.46155253198992,8.646729646059,1148.17679932224,1128.23372485635,1999.21574745192,2019.15882191781,0.162595686862181
331,98,19.8307456987681,6.46257526092781,8.6477790378587,6.47561318369678,8.65496053871942,1148.06447055512,1128.23372485635,1999.21574745192,2019.04649315069,1.65459899052181
330,332,33.8109742059188,6.45687005332993,8.65015308374323,6.45599301774724,8.66063499326431,1144.93438808401,1111.12341387809,1982.10543647365,2015.91641067957,1.16358937924998
332,102,2.14926055330501,6.45599301774724,8.66063499326431,6.45439725666356,8.65913125631434,1147.08364863731,1144.93438808401,2015.91641067957,2018.06567123288,0.243366717385314
332,103,3.23693178618181,6.45599301774724,8.66063499326431,6.46021177049824,8.6519027767378,1148.17131987019,1144.93438808401,2015.91641067957,2019.15334246575,1.07405800316449
325,333,3.2081656400381,6.4806798711413,8.65796935291218,6.47994521271892,8.65985585130453,1112.77627673228,1109.56811109224,1980.55013368781,1983.75829932785,0.224125307378582
333,334,9.69780306106954,6.47994521271892,8.65985585130453,6.48486841772876,8.65906600461797,1122.47407979335,1112.77627673228,1983.75829932785,1993.45610238892,0.554990015990176
334,90,24.6808017206734,6.48486841772876,8.65906600461797,6.32042241431507,8.74153714245828,1147.15488151402,1122.47407979335,1993.45610238892,2018.13690410959,20.4543464140953
334,91,24.6945003508105,6.48486841772876,8.65906600461797,6.47005121761377,8.65432670792499,1147.16858014416,1122.47407979335,1993.45610238892,2018.15060273973,1.73080697633173
333,335,10.9749840938769,6.47994521271892,8.65985585130453,6.47714892537628,8.65629913545121,1123.75126082616,1112.77627673228,1983.75829932785,1994.73328342172,0.501679295715744
335,92,24.3296480851263,6.47714892537628,8.65629913545121,6.48017352181125,8.65683317263146,1148.08090891128,1123.75126082616,1994.73328342172,2019.06293150685,0.341852165541258
335,336,1.76842192246278,6.47714892537628,8.65629913545121,6.47767805647219,8.6558796976865,1125.51968274862,1123.75126082616,1994.73328342172,1996.50170534419,0.0749820768476174
336,93,22.5393083544445,6.47767805647219,8.6558796976865,6.46913672032343,8.6516245309824,1148.05899110307,1125.51968274862,1996.50170534419,2019.04101369863,1.0609738439918
336,337,11.9774038833536,6.47767805647219,8.6558796976865,6.47642804495751,8.65369452338206,1137.49708663197,1125.51968274862,1996.50170534419,2008.47910922754,0.278904694289937
337,94,10.5591647450633,6.47642804495751,8.65369452338206,6.47505225276616,8.65135695425459,1148.05625137704,1137.49708663197,2008.47910922754,2019.0382739726,0.300523491356916
337,95,10.5290277587621,6.47642804495751,8.65369452338206,6.49083551911091,8.72474281546132,1148.02611439074,1137.49708663197,2008.47910922754,2019.0081369863,8.02078329170276
324,338,26.5674206997733,6.48134541267442,8.65754181164093,6.47883000547351,8.64765001697647,1135.24785268934,1108.68043198957,1979.66245458513,2006.22987528491,1.12942224045815
338,104,12.8220973178334,6.47883000547351,8.64765001697647,6.48428629735927,8.64739738947269,1148.06995000717,1135.24785268934,2006.22987528491,2019.05197260274,0.608057969707422
338,339,4.49897168519571,6.47883000547351,8.64765001697647,6.46394566677462,8.6465345385092,1139.74682437454,1135.24785268934,2006.22987528491,2010.7288469701,1.66156994926617
339,105,8.3751804271584,6.46394566677462,8.6465345385092,6.45435348307306,8.64070184247818,1148.1220048017,1139.74682437454,2010.7288469701,2019.10402739726,1.24762128791404
339,106,7.31216672852827,6.46394566677462,8.6465345385092,7.48973389337006,9.58705763565179,1147.05899110307,1139.74682437454,2010.7288469701,2018.04101369863,154.405406157461
323,340,24.9417956544667,6.70206508043768,8.73181083097769,6.69963314461806,8.7349238826163,1132.83189162729,1107.89009597282,1978.87211856839,2003.81391422286,0.437907026700469
340,341,3.64173194154051,6.69963314461806,8.7349238826163,7.02136818393372,9.06292543190622,1136.47362356883,1132.83189162729,2003.81391422286,2007.4556461644,50.9619040678163
341,112,7.12509356163086,7.02136818393372,9.06292543190622,7.02392547208463,9.06305000142904,1143.59871713046,1136.47362356883,2007.4556461644,2014.58073972603,0.285019740572216
341,342,0.376582294459155,7.02136818393372,9.06292543190622,7.02249048865392,9.06329752964311,1136.85020586329,1136.47362356883,2007.4556461644,2007.83222845886,0.131529802196188
342,111,10.3293331849799,7.02249048865392,9.06329752964311,6.65322203199223,9.0487645592705,1147.17953904827,1136.85020586329,2007.83222845886,2018.16156164384,41.1397673354681
342,343,2.38306755979964,7.02249048865392,9.06329752964311,7.019418639768,9.06129680224277,1139.23327342309,1136.85020586329,2007.83222845886,2010.21529601866,0.407198312746146
343,113,4.15722452928994,7.019418639768,9.06129680224277,7.02279061023184,9.06060916582673,1143.39049795238,1139.23327342309,2010.21529601866,2014.37252054795,0.382992345244076
343,114,8.78736151559124,7.019418639768,9.06129680224277,6.99921193183424,9.0691676366286,1148.02063493868,1139.23327342309,2010.21529601866,2019.00265753425,2.41174515626304
340,115,14.2818939963221,6.69963314461806,8.7349238826163,6.69847892839383,8.73823207412274,1147.11378562361,1132.83189162729,2003.81391422286,2018.09580821918,0.387679138372691
322,344,18.321110187521,6.70219301263339,8.73164237222029,6.70881404940996,8.73501434741715,1125.35986207123,1107.0387518837,1978.02077447927,1996.34188466679,0.826000012652044
344,345,17.9335593763813,6.70881404940996,8.73501434741715,6.71099398051389,8.73378865656228,1143.29342144761,1125.35986207123,1996.34188466679,2014.27544404317,0.277951164853727
345,107,4.76830938148607,6.71099398051389,8.73378865656228,6.72045607182995,8.73235498502444,1148.06173082909,1143.29342144761,2014.27544404317,2019.04375342466,1.06521576426505
345,108,1.92392731696015,6.71099398051389,8.73378865656228,7.00021034600212,9.85275541530246,1145.21734876457,1143.29342144761,2014.27544404317,2016.19937136013,127.799073904496
344,346,1.39322923229608,6.70881404940996,8.73501434741715,6.73568456789143,8.02199938983239,1126.75309130352,1125.35986207123,1996.34188466679,1997.73511389909,78.8866270754352
346,109,20.2922011694069,6.73568456789143,8.02199938983239,6.73277511177934,8.01943193388967,1147.04529247293,1126.75309130352,1997.73511389909,2018.02731506849,0.430668324453676
346,110,21.2620641831055,6.73568456789143,8.02199938983239,6.73153254032665,8.04992156063107,1148.01515548663,1126.75309130352,1997.73511389909,2018.99717808219,3.1213754502953
321,347,1.59749566963282,6.26194567742604,8.49731952654351,6.26027925449312,8.48423247254761,1107.41020251038,1105.81270684075,1976.79472943631,1978.39222510595,1.46004492972261
347,89,40.6597474967941,6.26027925449312,8.48423247254761,6.31510357076654,8.57850217421364,1148.06995000717,1107.41020251038,1978.39222510595,2019.05197260274,12.0856337289297
347,348,24.4764793195695,6.26027925449312,8.48423247254761,6.25654939499601,8.48584570751756,1131.88668182995,1107.41020251038,1978.39222510595,2002.86870442552,0.451972869268547
348,87,16.2599805059918,6.25654939499601,8.48584570751756,6.24864657403452,8.48049493047479,1148.14666233594,1131.88668182995,2002.86870442552,2019.12868493151,1.0604776581452
348,88,16.1586106429782,6.25654939499601,8.48584570751756,6.43364361259592,8.5768133330246,1148.04529247293,1131.88668182995,2002.86870442552,2019.02731506849,22.1353718190667
320,349,6.08773213051024,6.2622192108352,8.48794250440455,6.25706465374101,8.49130339092633,1109.73354765286,1103.64581552235,1974.62783811792,1980.71557024843,0.683810725459164
349,350,0.714943404146034,6.25706465374101,8.49130339092633,6.25519365435105,8.49100236979803,1110.44849105701,1109.73354765286,1980.71557024843,1981.43051365257,0.210933811684866
350,351,2.19491581592374,6.25519365435105,8.49100236979803,6.25560079219773,8.48804582935552,1112.64340687293,1110.44849105701,1981.43051365257,1983.6254294685,0.330298407985859
351,352,18.3010300205045,6.25560079219773,8.48804582935552,5.84582654081755,8.90187843657502,1130.94443689344,1112.64340687293,1983.6254294685,2001.926459489,64.6511665621485
352,141,17.1666090041483,5.84582654081755,8.90187843657502,5.84382433427322,8.89105028352334,1148.11104589759,1130.94443689344,2001.926459489,2019.09306849315,1.21970440906843
352,142,17.1556501000386,5.84582654081755,8.90187843657502,9.02290478787946,7.88928336663235,1148.10008699348,1130.94443689344,2001.926459489,2019.08210958904,370.923000011336
351,353,0.122401488757127,6.25560079219773,8.48804582935552,6.25744329205607,8.48493201385358,1112.76580836169,1112.64340687293,1983.6254294685,1983.74783095726,0.401005502037385
353,354,3.05225654145314,6.25744329205607,8.48493201385358,6.25626400931919,8.48213603877253,1115.81806490314,1112.76580836169,1983.74783095726,1986.80008749871,0.336104627895991
354,140,21.296277276792,6.25626400931919,8.48213603877253,6.25676821706403,8.4795628235648,1137.11434217994,1115.81806490314,1986.80008749871,2008.0963647755,0.290233553590272
354,355,0.43308597708111,6.25626400931919,8.48213603877253,6.2352743295003,8.55352915245875,1116.25115088022,1115.81806490314,1986.80008749871,1987.23317347579,8.23888062453812
355,137,30.9174292639368,6.2352743295003,8.55352915245875,6.45392108580845,8.74470082891672,1147.16858014416,1116.25115088022,1987.23317347579,2018.15060273973,32.2467922797561
355,356,25.3430190309254,6.2352743295003,8.55352915245875,6.23279660367633,8.48780516388146,1141.59416991115,1116.25115088022,1987.23317347579,2012.57619250671,7.27861113347229
356,138,5.56345132890179,6.23279660367633,8.48780516388146,6.2330192280171,8.48773194794835,1147.15762124005,1141.59416991115,2012.57619250671,2018.13964383562,0.0260739833034411
356,139,6.44016365766889,6.23279660367633,8.48780516388146,6.23091931267532,8.48812095481922,1148.03433356882,1141.59416991115,2012.57619250671,2019.01635616438,0.211889127736518
353,136,34.2986621934299,6.25744329205607,8.48493201385358,6.2699468825557,8.48571542936253,1147.06447055512,1112.76580836169,1983.74783095726,2018.04649315069,1.3946451372949
350,357,0.688535122222021,6.25519365435105,8.49100236979803,6.24604649911744,8.48570932003614,1111.13702617923,1110.44849105701,1981.43051365257,1982.1190487748,1.17474226563661
357,358,2.46998389814769,6.24604649911744,8.48570932003614,6.23642373231742,8.48695273043566,1113.60701007738,1111.13702617923,1982.1190487748,1984.58903267294,1.0800448889666
358,359,2.66169225535796,6.23642373231742,8.48695273043566,6.23591812551925,8.48569727950779,1116.26870233274,1113.60701007738,1984.58903267294,1987.2507249283,0.149903149740747
359,133,31.8149463045748,6.23591812551925,8.48569727950779,6.23734526317208,8.48931472275309,1148.08364863731,1116.26870233274,1987.2507249283,2019.06567123288,0.430697983256626
359,134,30.8971380853967,6.23591812551925,8.48569727950779,6.23450905130072,8.48552500306075,1147.16584041813,1116.26870233274,1987.2507249283,2018.1478630137,0.158017895125186
358,135,33.5259536284259,6.23642373231742,8.48695273043566,5.86858324179879,8.51662602740404,1147.1329637058,1113.60701007738,1984.58903267294,2018.11498630137,41.0809731795081
357,360,0.393022864599331,6.24604649911744,8.48570932003614,6.24490881909579,8.48580584354282,1111.53004904383,1111.13702617923,1982.1190487748,1982.5120716394,0.127100597510576
360,361,4.88664112895645,6.24490881909579,8.48580584354282,6.23859623675654,8.46457608465865,1116.41669017279,1111.53004904383,1982.5120716394,1987.39871276835,2.45221920056482
361,132,30.7546296974015,6.23859623675654,8.46457608465865,6.24289580999362,8.49413724103735,1147.17131987019,1116.41669017279,1987.39871276835,2018.15334246575,3.30619119003638
361,131,29.8532598343877,6.23859623675654,8.46457608465865,6.26745079968514,8.49033718139937,1146.26995000717,1116.41669017279,1987.39871276835,2017.25197260274,4.29477472447646
360,130,35.5262023332071,6.24490881909579,8.48580584354282,5.75816813931754,8.17759146261629,1147.05625137704,1111.53004904383,1982.5120716394,2018.0382739726,64.0352802579179
349,362,1.52652156170804,6.25706465374101,8.49130339092633,6.25735109508326,8.49159069240139,1111.26006921457,1109.73354765286,1980.71557024843,1982.24209181014,0.0450291505176207
362,363,16.7807751207446,6.25735109508326,8.49159069240139,6.25500271969495,8.48630285228045,1128.04084433532,1111.26006921457,1982.24209181014,1999.02286693088,0.640901402832673
363,117,9.07641048074845,6.25500271969495,8.48630285228045,6.26430441250101,8.49657587464407,1137.11725481606,1128.04084433532,1999.02286693088,2008.09927741163,1.53772814380477
363,364,0.162939606856181,6.25500271969495,8.48630285228045,6.77436051153633,7.35988662522102,1128.20378394217,1128.04084433532,1999.02286693088,1999.18580653774,137.34873727132
364,365,0.445194041867005,6.77436051153633,7.35988662522102,6.77245050055614,7.35895124195609,1128.64897798404,1128.20378394217,1999.18580653774,1999.6310005796,0.23643972526938
365,366,1.37689883238909,6.77245050055614,7.35895124195609,6.77269289298648,7.35915645127668,1130.02587681643,1128.64897798404,1999.6310005796,2001.00789941199,0.0352526149139431
366,123,18.1509225058152,6.77269289298648,7.35915645127668,7.07426744576046,6.55550171541168,1148.17679932224,1130.02587681643,2001.00789941199,2019.15882191781,94.9470329348105
366,124,18.0385937386919,6.77269289298648,7.35915645127668,6.77015209131437,7.35388853160419,1148.06447055512,1130.02587681643,2001.00789941199,2019.04649315069,0.647411661858495
365,367,0.3707323183149,6.77245050055614,7.35895124195609,6.77230748998658,7.35968971649261,1129.01971030235,1128.64897798404,1999.6310005796,2000.00173289792,0.0831741096621407
367,368,3.03203142867698,6.77230748998658,7.35968971649261,6.95591084908901,6.98775341351432,1132.05174173103,1129.01971030235,2000.00173289792,2003.0337643266,45.9095520239595
368,121,10.0072493720344,6.95591084908901,6.98775341351432,6.98990655270639,6.96564350074776,1142.05899110307,1132.05174173103,2003.0337643266,2013.04101369863,4.50463137900429
368,122,10.0456055364179,6.95591084908901,6.98775341351432,6.9024867216698,6.96659794109431,1142.09734726745,1132.05174173103,2003.0337643266,2013.07936986301,6.39039494594611
367,369,0.841280491096263,6.77230748998658,7.35968971649261,6.77222559214231,7.35968712048796,1129.86099079345,1129.01971030235,2000.00173289792,2000.84301338902,0.00912188174740217
369,118,18.3240277068754,6.77222559214231,7.35968712048796,6.77207886617152,7.36000697699678,1148.18501850033,1129.86099079345,2000.84301338902,2019.16704109589,0.0389498271897917
369,370,16.6295069633038,6.77222559214231,7.35968712048796,6.27297257309695,7.92611184781811,1146.49049775675,1129.86099079345,2000.84301338902,2017.47252035232,83.7484389515138
370,119,1.54657553809206,6.27297257309695,7.92611184781811,6.27189671538549,7.92555787499131,1148.03707329485,1146.49049775675,2017.47252035232,2019.01909589041,0.13454503025771
370,120,0.642465949050936,6.27297257309695,7.92611184781811,6.27252623685611,7.92523487706702,1147.1329637058,1146.49049775675,2017.47252035232,2018.11498630137,0.109024227273748
364,371,4.09418790976943,6.77436051153633,7.35988662522102,6.77260618143074,7.3658641811048,1132.29797185194,1128.20378394217,1999.18580653774,2003.27999444751,0.689056060117891
371,125,12.8182840164505,6.77260618143074,7.3658641811048,6.63425722756149,7.58079341162296,1145.11625586839,1132.29797185194,2003.27999444751,2016.09827846396,28.3177687004731
371,372,4.88073258727206,6.77260618143074,7.3658641811048,6.76856287703994,7.36126652962287,1137.17870443921,1132.29797185194,2003.27999444751,2008.16072703478,0.678919623569431
372,126,10.8775469378242,6.76856287703994,7.36126652962287,6.76780934399846,7.28601366770625,1148.05625137704,1137.17870443921,2008.16072703478,2019.0382739726,8.31948131055625
372,373,2.71382593463037,6.76856287703994,7.36126652962287,6.77177508597443,7.36408456957898,1139.89253037384,1137.17870443921,2008.16072703478,2010.87455296941,0.474261532690687
373,374,5.40179346197211,6.77177508597443,7.36408456957898,6.77177965056887,7.35925545047697,1145.29432383582,1139.89253037384,2010.87455296941,2016.27634643138,0.533846050099415
374,127,1.84137959601648,6.77177965056887,7.35925545047697,6.77548057154432,7.36512548273358,1147.13570343183,1145.29432383582,2016.27634643138,2018.1177260274,0.768656802285126
374,128,2.81124260971509,6.77177965056887,7.35925545047697,6.7692185067368,7.35772838051554,1148.10556644553,1145.29432383582,2016.27634643138,2019.0875890411,0.33134498919575
373,129,7.1692004552488,6.77177508597443,7.36408456957898,6.76260944955316,7.3627646594755,1147.06173082909,1139.89253037384,2010.87455296941,2018.04375342466,1.03073439205031
362,116,35.8208396967132,6.25735109508326,8.49159069240139,6.20739368776199,8.54240667785358,1147.08090891128,1111.26006921457,1982.24209181014,2018.06293150685,7.90914661974299
275,375,1.33391900648149,6.21583477278175,8.47644077139487,6.21321336359569,8.47811713395581,1098.47317047133,1097.13925146485,1968.12127406041,1969.45519306689,0.345804393294151
375,376,1.5077386509512,6.21321336359569,8.47811713395581,6.20546852682975,8.47489500784546,1099.98090912228,1098.47317047133,1969.45519306689,1970.96293171785,0.933018470439734
376,377,11.173425427015,6.20546852682975,8.47489500784546,6.02004221697065,8.50137607938576,1111.1543345493,1099.98090912228,1970.96293171785,1982.13635714486,20.8494518190215
377,378,9.46316304396543,6.02004221697065,8.50137607938576,6.01938398568205,8.50139359158659,1120.61749759326,1111.1543345493,1982.13635714486,1991.59952018883,0.0733024266537679
378,34,26.5099866604889,6.01938398568205,8.50139359158659,6.11534456449697,8.56567205180913,1147.12748425375,1120.61749759326,1991.59952018883,2018.10950684932,12.8355953541609
378,35,26.4223154276121,6.01938398568205,8.50139359158659,6.02686803545586,8.51876936974395,1147.03981302087,1120.61749759326,1991.59952018883,2018.02183561644,2.09633364303814
377,36,37.0361634030845,6.02004221697065,8.50137607938576,6.00561176610813,8.50662751579548,1148.19049795238,1111.1543345493,1982.13635714486,2019.17252054795,1.7084239266354
376,379,18.7707822850825,6.20546852682975,8.47489500784546,6.27422686023996,8.46890775970761,1118.75169140736,1099.98090912228,1970.96293171785,1989.73371400293,7.68306686967432
379,37,29.4333270929623,6.27422686023996,8.46890775970761,6.63583120344825,8.64952417401061,1148.18501850033,1118.75169140736,1989.73371400293,2019.16704109589,44.9406025001229
379,380,2.63746838979522,6.27422686023996,8.46890775970761,6.18124260151278,8.43303538137592,1121.38915979716,1118.75169140736,1989.73371400293,1992.37118239272,11.0865141395205
380,381,6.58229451305449,6.18124260151278,8.43303538137592,6.18016745021374,8.4325664281963,1127.97145431021,1121.38915979716,1992.37118239272,1998.95347690578,0.130458961305955
381,38,19.2190436421673,6.18016745021374,8.4325664281963,6.17086915469431,8.37919218756791,1147.19049795238,1127.97145431021,1998.95347690578,2018.17252054795,5.99735143556674
381,382,7.98248236794572,6.18016745021374,8.4325664281963,6.1863080705463,8.43262826686304,1135.95393667816,1127.97145431021,1998.95347690578,2006.93595927372,0.683631881890184
382,39,7.12971195915302,6.1863080705463,8.43262826686304,5.84394071204193,8.29690368151412,1143.08364863731,1135.95393667816,2006.93595927372,2014.06567123288,40.9687319842445
382,40,12.129711959153,6.1863080705463,8.43262826686304,6.16182012599416,8.41235102961407,1148.08364863731,1135.95393667816,2006.93595927372,2019.06567123288,3.53103785086261
380,383,19.070967000681,6.18124260151278,8.43303538137592,6.18632190386223,8.43918707611024,1140.46012679784,1121.38915979716,1992.37118239272,2011.4421493934,0.885032193882237
383,41,6.68105608604764,6.18632190386223,8.43918707611024,6.11640840508546,8.27100044526676,1147.14118288389,1140.46012679784,2011.4421493934,2018.12320547945,20.1769226509157
383,384,5.53239057519953,6.18632190386223,8.43918707611024,6.18954994695666,8.43167314742113,1145.99251737304,1140.46012679784,2011.4421493934,2016.9745399686,0.905928777402872
384,42,1.12126825057408,6.18954994695666,8.43167314742113,6.18884865403731,8.429858322532,1147.11378562361,1145.99251737304,2016.9745399686,2018.09580821918,0.215494913397988
384,43,1.09387099030005,6.18954994695666,8.43167314742113,6.18915053212566,8.43160935947328,1147.08638836334,1145.99251737304,2016.9745399686,2018.0684109589,0.0450213257638141
375,385,12.7368350800905,6.21321336359569,8.47811713395581,6.2199029454082,8.47543859199723,1111.21000555142,1098.47317047133,1969.45519306689,1982.19202814699,0.801539321477973
385,21,36.895560894111,6.2199029454082,8.47543859199723,6.21902103278862,8.47470830738249,1148.10556644553,1111.21000555142,1982.19202814699,2019.0875890411,0.12716408681986
385,386,0.746904239679871,6.2199029454082,8.47543859199723,6.24495266626136,8.5119730873002,1111.9569097911,1111.21000555142,1982.19202814699,1982.93893238667,4.91154895706709
386,387,19.0324889598729,6.24495266626136,8.5119730873002,6.23983875750197,8.50513846324318,1130.98939875097,1111.9569097911,1982.93893238667,2001.97142134654,0.946657902928361
387,22,17.0476745438732,6.23983875750197,8.50513846324318,6.23364107079769,8.49858924050569,1148.03707329485,1130.98939875097,2001.97142134654,2019.01909589041,1.00066120705255
387,23,14.1514472813535,6.23983875750197,8.50513846324318,6.2661064858541,8.03255373491854,1145.14084603233,1130.98939875097,2001.97142134654,2016.12286862789,52.3786576777607
386,388,5.98075069470508,6.24495266626136,8.5119730873002,6.25029709747097,8.50957119239056,1117.9376604858,1111.9569097911,1982.93893238667,1988.91968308137,0.651636744671813
388,389,6.32031835027818,6.25029709747097,8.50957119239056,6.25579393920838,8.50708256145177,1124.25797883608,1117.9376604858,1988.91968308137,1995.24000143165,0.671044555458778
389,390,9.10671650709874,6.25579393920838,8.50708256145177,6.24476473902573,8.49340823179544,1133.36469534318,1124.25797883608,1995.24000143165,2004.34671793875,1.94868988053271
390,391,12.9143901662577,6.24476473902573,8.49340823179544,6.24406905648957,8.49269779442712,1146.27908550944,1133.36469534318,2004.34671793875,2017.261108105,0.11035809155189
391,24,0.842919292255788,6.24406905648957,8.49269779442712,6.24639804461928,8.49463201440968,1147.1220048017,1146.27908550944,2017.261108105,2018.10402739726,0.336211368064716
391,25,0.875796004584531,6.24406905648957,8.49269779442712,6.24371896277057,8.49518482990404,1147.15488151402,1146.27908550944,2017.261108105,2018.13690410959,0.27796983591662
390,392,2.11575259644278,6.24476473902573,8.49340823179544,6.24404272967471,8.49351957289519,1135.48044793962,1133.36469534318,2004.34671793875,2006.46247053519,0.0813158702703699
392,26,12.7155294648103,6.24404272967471,8.49351957289519,6.24412259283546,8.49341618798982,1148.19597740443,1135.48044793962,2006.46247053519,2019.178,0.0144896685823976
392,27,12.581282889468,6.24404272967471,8.49351957289519,6.24570937005968,8.50311961626563,1148.06173082909,1135.48044793962,2006.46247053519,2019.04375342466,1.07845207247079
389,393,15.944767316838,6.25579393920838,8.50708256145177,6.26458696894401,8.51589816870774,1140.20274615292,1124.25797883608,1995.24000143165,2011.18476874849,1.38197828598243
393,28,6.9137791967193,6.26458696894401,8.51589816870774,6.27264205303972,8.51066253631537,1147.11652534964,1140.20274615292,2011.18476874849,2018.09854794521,1.06760353732152
393,29,6.94665590904804,6.26458696894401,8.51589816870774,6.25507307751141,8.51230351202089,1147.14940206197,1140.20274615292,2011.18476874849,2018.13142465753,1.13135980634602
388,394,9.8217591855795,6.25029709747097,8.50957119239056,6.25140224147824,8.51070050518804,1127.75941967138,1117.9376604858,1988.91968308137,1998.74144226695,0.175368527993633
394,30,20.4119001988041,6.25140224147824,8.51070050518804,6.13977575937439,8.69613509579385,1148.17131987019,1127.75941967138,1998.74144226695,2019.15334246575,23.9917645576504
394,395,16.0215303540937,6.25140224147824,8.51070050518804,6.25597051261241,8.50253410467792,1143.78095002548,1127.75941967138,1998.74144226695,2014.76297262104,1.03697370337474
395,33,3.42050683101178,6.25597051261241,8.50253410467792,6.25401194717527,8.50139871926337,1147.20145685649,1143.78095002548,2014.76297262104,2018.18347945206,0.251645529423212
395,396,1.76275131524172,6.25597051261241,8.50253410467792,6.26078134764441,8.501590754334,1145.54370134072,1143.78095002548,2014.76297262104,2016.52572393628,0.545639942550926
396,31,2.56460483083855,6.26078134764441,8.501590754334,6.26391116310515,8.50311332089351,1148.10830617156,1145.54370134072,2016.52572393628,2019.09032876712,0.387022519841073
396,32,1.65501578974271,6.26078134764441,8.501590754334,6.27354190748379,8.49882867091318,1147.19871713046,1145.54370134072,2016.52572393628,2018.18073972603,1.45306472716445
258,397,119.167104897994,6.06155137810062,8.08068734187056,6.07096920654702,8.08288420144974,1091.5169490679,972.34984416991,1843.33186676548,1962.49897166347,1.07626514922551
397,144,55.5338228570793,6.07096920654702,8.08288420144974,5.93339091778379,7.96040978661412,1147.05077192498,1091.5169490679,1962.49897166347,2018.03279452055,20.4556664092918
397,398,26.8197472511376,6.07096920654702,8.08288420144974,6.04378997503728,8.09135352803841,1118.33669631904,1091.5169490679,1962.49897166347,1989.31871891461,3.16763147775804
398,145,28.7469523182704,6.04378997503728,8.09135352803841,6.17357103238367,8.19433268364854,1147.08364863731,1118.33669631904,1989.31871891461,2018.06567123288,18.4030636569302
398,399,3.83215852786849,6.04378997503728,8.09135352803841,5.90383385284078,7.240332578877,1122.16885484691,1118.33669631904,1989.31871891461,1993.15087744247,95.503904221966
399,400,6.13246777005115,5.90383385284078,7.240332578877,5.90138622227852,7.23508150907933,1128.30132261696,1122.16885484691,1993.15087744247,1999.28334521253,0.642146926033871
400,401,1.95071525382011,5.90138622227852,7.23508150907933,5.89471977465903,7.23029203202546,1130.25203787078,1128.30132261696,1999.28334521253,2001.23406046635,0.91216576419187
401,152,16.8261313144759,5.89471977465903,7.23029203202546,6.22490241427802,7.26563805974338,1147.07816918526,1130.25203787078,2001.23406046635,2018.06019178082,36.9648884022396
401,402,1.31203915153855,5.89471977465903,7.23029203202546,5.89466408227806,7.23287798089258,1131.56407702232,1130.25203787078,2001.23406046635,2002.54609961788,0.286422725645458
402,154,11.8182017519783,5.89466408227806,7.23287798089258,5.90154462221177,7.23124288947984,1143.3822787743,1131.56407702232,2002.54609961788,2014.36430136986,0.787077266586739
402,153,10.5195716149921,5.89466408227806,7.23287798089258,5.89927968308456,7.21903632850036,1142.08364863731,1131.56407702232,2002.54609961788,2013.06567123288,1.6165850272782
400,403,3.90826081972818,5.90138622227852,7.23508150907933,5.90019522154238,7.23350878669843,1132.20958343669,1128.30132261696,1999.28334521253,2003.19160603225,0.218880861062987
403,404,5.33980752484716,5.90019522154238,7.23350878669843,5.89892948298003,7.233494296512,1137.54939096154,1132.20958343669,2003.19160603225,2008.5314135571,0.140916062504187
404,405,8.73817559435167,5.89892948298003,7.233494296512,5.98885427713034,7.12809045204219,1146.28756655589,1137.54939096154,2008.5314135571,2017.26958915145,15.3761192739803
405,146,1.86183550608119,5.98885427713034,7.12809045204219,6.48381055122091,7.07196406372759,1148.14940206197,1146.28756655589,2017.26958915145,2019.13142465753,55.4494237705653
405,147,0.853616327999123,5.98885427713034,7.12809045204219,5.98986645104982,7.12706362799175,1147.14118288389,1146.28756655589,2017.26958915145,2018.12320547945,0.160065886429987
404,406,0.198677814471905,5.89892948298003,7.233494296512,5.89922779917217,7.2328062724876,1137.74806877601,1137.54939096154,2008.5314135571,2008.73009137157,0.0831112000845394
406,407,7.67302278595413,5.89922779917217,7.2328062724876,5.90043378435301,7.23941015231456,1145.42109156196,1137.74806877601,2008.73009137157,2016.40311415753,0.743497179845372
407,149,1.67625570548635,5.90043378435301,7.23941015231456,5.90009370895876,7.22059784220019,1147.09734726745,1145.42109156196,2016.40311415753,2018.07936986301,2.08350851555787
407,150,1.70639269178774,5.90043378435301,7.23941015231456,5.90415979301204,7.24270826876832,1147.12748425375,1145.42109156196,2016.40311415753,2018.10950684932,0.552660946792865
406,148,9.37119629965957,5.89922779917217,7.2328062724876,5.90053771962417,7.23433176559441,1147.11926507567,1137.74806877601,2008.73009137157,2018.10128767123,0.223160134135488
403,151,14.9096816389786,5.90019522154238,7.23350878669843,5.93762800762862,7.23643199384911,1147.11926507567,1132.20958343669,2003.19160603225,2018.10128767123,4.17971512878106
399,155,24.964108858895,5.90383385284078,7.240332578877,5.90105224299517,7.23886278929261,1147.1329637058,1122.16885484691,1993.15087744247,2018.11498630137,0.349826115390719
257,408,77.39129443102,6.05917397386529,8.0752369469083,6.06153973448448,8.07771355730181,959.45778158209,882.06648715107,1753.04850974664,1830.43980417766,0.380168244448733
408,409,134.474919137133,6.06153973448448,8.07771355730181,6.06670127332123,8.06686498774006,1093.93270071922,959.45778158209,1830.43980417766,1964.91472331479,1.33133062506036
409,156,53.1756054523351,6.06670127332123,8.06686498774006,6.15734536876969,8.18043528605146,1147.10830617156,1093.93270071922,1964.91472331479,2018.09032876712,16.1201971160035
409,157,51.1917518704802,6.06670127332123,8.06686498774006,6.06010373457539,8.05976874833748,1145.1244525897,1093.93270071922,1964.91472331479,2016.10647518527,1.07542708502009
408,410,144.843945401375,6.06153973448448,8.07771355730181,6.17520740852505,7.96087827306349,1104.30172698347,959.45778158209,1830.43980417766,1975.28374957903,18.0933831657937
410,158,40.7872064805552,6.17520740852505,7.96087827306349,5.73542535384976,7.64476303488835,1145.08893346402,1104.30172698347,1975.28374957903,2016.07095605959,60.1829757652621
410,159,37.8065791880932,6.17520740852505,7.96087827306349,10.1746279995176,5.68385152780236,1142.10830617156,1104.30172698347,1975.28374957903,2013.09032876712,511.038123342206
416,417,333.1041720019,9.35206399803007,9.00761313088507,7.61292158483874,9.33463845354541,945.419210346818,612.315038344917,1483.29706094048,1816.40123294238,196.927692241287
417,418,15.5444579209658,7.61292158483874,9.33463845354541,7.61524672936263,9.33979462318777,960.963668267783,945.419210346818,1816.40123294238,1831.94569086335,0.625057803680397
418,419,45.6371021111454,7.61524672936263,9.33979462318777,7.62077745248151,9.33812995788159,1006.60077037893,960.963668267783,1831.94569086335,1877.58279297449,0.642516297776158
419,420,76.8548458617882,7.62077745248151,9.33812995788159,7.6094355737124,9.35929334256599,1083.45561624072,1006.60077037893,1877.58279297449,1954.43763883628,2.65469905450745
420,421,12.7654677694938,7.6094355737124,9.35929334256599,8.27328273883874,9.42488254985956,1096.22108401021,1083.45561624072,1954.43763883628,1967.20310660578,74.2550115410411
421,166,48.9498166669242,8.27328273883874,9.42488254985956,8.26393093711519,9.42519892447364,1145.17090067714,1096.22108401021,1967.20310660578,2016.1529232727,1.04166204236418
421,165,50.8461262709364,8.27328273883874,9.42488254985956,7.60713906679914,8.16031021540245,1147.06721028115,1096.22108401021,1967.20310660578,2018.04923287671,157.921256292036
420,422,28.3564560063001,7.6094355737124,9.35929334256599,7.6395202320136,9.37369410522827,1111.81207224702,1083.45561624072,1954.43763883628,1982.79409484258,3.70696437976146
422,423,26.2685447126556,7.6395202320136,9.37369410522827,7.72946568931165,9.60935679843617,1138.08061695967,1111.81207224702,1982.79409484258,2009.06263955524,27.8607977609214
423,424,1.43955422836407,7.72946568931165,9.60935679843617,7.72246952771433,9.61696393628413,1139.52017118804,1138.08061695967,2009.06263955524,2010.5021937836,1.14489971512697
424,161,1.30868292872691,7.72246952771433,9.61696393628413,7.72450286272223,9.61468162485303,1140.82885411676,1139.52017118804,2010.5021937836,2011.81087671233,0.338565826303358
424,162,1.30594320269955,7.72246952771433,9.61696393628413,7.71104355933677,9.60496310668287,1140.82611439074,1139.52017118804,2010.5021937836,2011.8081369863,1.8359192520093
423,163,3.76241486500324,7.72946568931165,9.60935679843617,7.72372758757834,9.61072562236638,1141.84303182468,1138.08061695967,2009.06263955524,2012.82505442024,0.656392042822239
422,164,33.3041836213747,7.6395202320136,9.37369410522827,7.62580672299857,9.37986083757394,1145.11625586839,1111.81207224702,1982.79409484258,2016.09827846396,1.67140859601945
419,425,103.998226313964,7.62077745248151,9.33812995788159,7.61708297074047,9.33068057973829,1110.59899669289,1006.60077037893,1877.58279297449,1981.58101928846,0.919126327947937
425,426,13.3823535946838,7.61708297074047,9.33068057973829,7.61988400507917,9.32908788156938,1123.98135028758,1110.59899669289,1981.58101928846,1994.96337288314,0.35793513818249
426,167,21.0884574933834,7.61988400507917,9.32908788156938,7.61934039216505,9.32691200434289,1145.06980778096,1123.98135028758,1994.96337288314,2016.05183037653,0.247597850495813
426,168,21.2332662365527,7.61988400507917,9.32908788156938,7.61682470343364,9.32878732577797,1145.21461652413,1123.98135028758,1994.96337288314,2016.19663911969,0.342184160069725
425,427,1.9606936618453,7.61708297074047,9.33068057973829,7.61664720958146,9.32967594099446,1112.55969035474,1110.59899669289,1981.58101928846,1983.5417129503,0.121003193574336
427,428,3.64204294225091,7.61664720958146,9.32967594099446,7.61935265917001,9.33088814600204,1116.20173329699,1112.55969035474,1983.5417129503,1987.18375589255,0.329546400814759
428,172,28.939112735337,7.61935265917001,9.33088814600204,7.62011400345547,9.33183255563656,1145.14084603233,1116.20173329699,1987.18375589255,2016.12286862789,0.134322875318042
428,429,27.5889834748511,7.61935265917001,9.33088814600204,7.62891599861875,9.33339306163931,1143.79071677184,1116.20173329699,1987.18375589255,2014.77273936741,1.09992050309513
429,173,2.29019213944395,7.62891599861875,9.33339306163931,7.62902570237217,9.34064315095759,1146.08090891128,1143.79071677184,2014.77273936741,2017.06293150685,0.800057145917099
429,174,1.31734237524012,7.62891599861875,9.33339306163931,7.62901416852308,9.33359833053123,1145.10805914708,1143.79071677184,2014.77273936741,2016.09008174265,0.0251479032245528
427,430,0.601108796252532,7.61664720958146,9.32967594099446,7.61706639435661,9.33108092586315,1113.16079915099,1112.55969035474,1983.5417129503,1984.14282174656,0.161899433002754
430,171,16.094800979696,7.61706639435661,9.33108092586315,7.03150576756764,9.61252475286108,1129.25560013069,1113.16079915099,1984.14282174656,2000.23762272625,72.2151180947355
430,431,6.28426788686371,7.61706639435661,9.33108092586315,7.61977072329107,9.33505898822607,1119.44506703785,1113.16079915099,1984.14282174656,1990.42708963342,0.532265882346626
431,169,25.5673487227449,7.61977072329107,9.33505898822607,7.63476222681269,9.31636929925692,1145.0124157606,1119.44506703785,1990.42708963342,2015.99443835616,2.65291125751068
431,170,23.6248829693201,7.61977072329107,9.33505898822607,7.61823505246538,9.33856146961608,1143.06995000717,1119.44506703785,1990.42708963342,2014.05197260274,0.422591279342813
418,432,42.4651448910334,7.61524672936263,9.33979462318777,6.7849911592183,6.8730674983883,1003.42881315882,960.963668267783,1831.94569086335,1874.41083575438,287.688925506102
432,433,38.8475767212209,6.7849911592183,6.8730674983883,6.77311987125445,6.87259963926154,1042.27638988004,1003.42881315882,1874.41083575438,1913.2584124756,1.32256939007327
433,175,102.793417900923,6.77311987125445,6.87259963926154,10.8722331440385,8.01645772602308,1145.06980778096,1042.27638988004,1913.2584124756,2016.05183037653,473.352660437732
433,434,23.5083885041359,6.77311987125445,6.87259963926154,6.7683356544156,6.87443509888975,1065.78477838417,1042.27638988004,1913.2584124756,1936.76680097974,0.569939261641839
434,183,79.241313549792,6.7683356544156,6.87443509888975,6.83242477494516,6.94174332374299,1145.02609193397,1065.78477838417,1936.76680097974,2016.00811452953,10.3083086109376
434,435,3.0356945168536,6.7683356544156,6.87443509888975,6.76642384763923,6.87668607181307,1068.82047290103,1065.78477838417,1936.76680097974,1939.80249549659,0.327442217055195
435,182,78.3015319006682,6.76642384763923,6.87668607181307,6.95114301101438,7.97815219540895,1147.1220048017,1068.82047290103,1939.80249549659,2018.10402739726,123.466375089344
435,436,8.90631286673631,6.76642384763923,6.87668607181307,6.68137851393627,7.00982808495512,1077.72678576776,1068.82047290103,1939.80249549659,1948.70880836333,17.5017576207505
436,176,65.1842601298221,6.68137851393627,7.00982808495512,6.6969859829551,7.01599616611891,1142.91104589759,1077.72678576776,1948.70880836333,2013.89306849315,1.86653354025837
436,437,32.4720346037247,6.68137851393627,7.00982808495512,6.69914344879738,7.0098487151541,1110.19882037149,1077.72678576776,1948.70880836333,1981.18084296705,1.97766264320331
437,438,20.9061054989561,6.69914344879738,7.0098487151541,6.43308686523755,6.74918160075722,1131.10492587044,1110.19882037149,1981.18084296705,2002.08694846601,41.331729791955
438,439,8.72426144464443,6.43308686523755,6.74918160075722,6.42155848174986,6.77002476764025,1139.82918731509,1131.10492587044,2002.08694846601,2010.81120991065,2.63886236267193
439,177,5.34991008335762,6.42155848174986,6.77002476764025,6.1095527838924,7.01690360089772,1145.17909739845,1139.82918731509,2010.81120991065,2016.16111999401,44.1901932315092
439,178,5.2187625423742,6.42155848174986,6.77002476764025,6.42126438532292,6.77539721933642,1145.04794985746,1139.82918731509,2010.81120991065,2016.02997245303,0.595230958971697
438,179,15.9157090682371,6.43308686523755,6.74918160075722,6.41363063633982,6.74229808100602,1147.02063493868,1131.10492587044,2002.08694846601,2018.00265753425,2.29590379014216
437,440,11.0949262158466,6.69914344879738,7.0098487151541,6.70072710100219,7.0132489721124,1121.29374658733,1110.19882037149,1981.18084296705,1992.2757691829,0.415229477275714
440,180,21.6583952006619,6.70072710100219,7.0132489721124,6.6960390501475,7.01758737824457,1142.952141788,1121.29374658733,1992.2757691829,2013.93416438356,0.708841231628339
440,181,23.0364773924427,6.70072710100219,7.0132489721124,6.53895787011061,6.63628984273115,1144.33022397978,1121.29374658733,1992.2757691829,2015.31224657534,45.4085305191532
432,441,52.681368798326,6.7849911592183,6.8730674983883,6.78550458850658,6.88975999537166,1056.11018195714,1003.42881315882,1874.41083575438,1927.09220455271,1.84614297973354
441,442,37.4327372698162,6.78550458850658,6.88975999537166,6.80437619300084,6.88757503973338,1093.54291922696,1056.11018195714,1927.09220455271,1964.52494182252,2.11469842058423
442,443,22.3203248701763,6.80437619300084,6.88757503973338,7.2455042707702,6.89654301646971,1115.86324409714,1093.54291922696,1964.52494182252,1986.8452666927,49.1180806647398
443,184,29.2284216073222,7.2455042707702,6.89654301646971,7.2444125543472,6.89783652029988,1145.09166570446,1115.86324409714,1986.8452666927,2016.07368830002,0.187553042210035
443,185,28.4258839922311,7.2455042707702,6.89654301646971,7.24589365715074,6.89613328781295,1144.28912808937,1115.86324409714,1986.8452666927,2015.27115068493,0.0626615146981177
442,186,54.5790855747364,6.80437619300084,6.88757503973338,7.43646622955526,7.88556026121428,1148.1220048017,1093.54291922696,1964.52494182252,2019.10402739726,130.785343201791
441,187,88.9732870260031,6.78550458850658,6.88975999537166,6.80581464018348,6.87241506772057,1145.08346898315,1056.11018195714,1927.09220455271,2016.06549157871,2.96450338820159
417,160,199.656061915017,7.61292158483874,9.33463845354541,7.11441719389951,8.20932064886209,1145.07527226183,945.419210346818,1816.40123294238,2016.0572948574,136.072023270118
416,444,356.025255166178,9.35206399803007,9.00761313088507,9.99562481917593,9.70644053390141,968.340293511096,612.315038344917,1483.29706094048,1839.32231610666,104.948052159426
444,188,153.925950988265,9.99562481917593,9.70644053390141,10.0005203254978,9.69230981152495,1122.26624449936,968.340293511096,1839.32231610666,1993.24826709493,1.64226137920002
444,189,176.822410444728,9.99562481917593,9.70644053390141,9.43738945461884,8.75847361035301,1145.16270395582,968.340293511096,1839.32231610666,2016.14472655139,121.167360133655
