node1,node2,length,startLat,startLon,endLat,endLon,endNodeL,startNodeL,startYear,endYear,treeID,startGenotype,endGenotype
865,866,0.810584005895199,41.3900492538857,-73.5920035016135,41.4279786305729,-73.539247439459,5.51508561287327,4.70450160697807,2003.01560834774,2003.82619235363,59,WN02,WN02
865,58,5.500791652261,41.3900492538857,-73.5920035016135,40.620728,-73.495208,10.2052932592391,4.70450160697807,2003.01560834774,2008.5164,59,WN02,WN02
866,54,1.864207646365,41.4279786305729,-73.539247439459,42.233977,-75.755343,7.37929325923827,5.51508561287327,2003.82619235363,2005.6904,59,WN02,WN02
866,867,4.172714038426,41.4279786305729,-73.539247439459,41.4600879623517,-73.5583363405269,9.68779965129927,5.51508561287327,2003.82619235363,2007.99890639206,59,WN02,WN02
867,55,0.708793607939601,41.4600879623517,-73.5583363405269,41.049942,-73.459012,10.3965932592389,9.68779965129927,2007.99890639206,2008.7077,59,WN02,WN02
867,868,0.0516865910469697,41.4600879623517,-73.5583363405269,41.4888748599593,-73.5489777709283,9.73948624234623,9.68779965129927,2007.99890639206,2008.05059298311,59,WN02,WN02
868,56,4.572407016893,41.4888748599593,-73.5489777709283,41.420002,-74.609024,14.3118932592392,9.73948624234623,2008.05059298311,2012.623,59,WN02,WN02
868,57,1.631607016893,41.4888748599593,-73.5489777709283,42.677671,-73.557939,11.3710932592392,9.73948624234623,2008.05059298311,2009.6822,59,WN02,WN02
875,63,2.725503605796,41.2700224511522,-73.9821852669682,40.927908,-72.615409,8.2751932592381,5.5496896534421,2003.8607963942,2006.5863,59,WN02,WN02
875,876,1.278007718237,41.2700224511522,-73.9821852669682,41.2960907540959,-73.8636628364928,6.82769737167911,5.5496896534421,2003.8607963942,2005.13880411244,59,WN02,WN02
876,877,0.2165989615404,41.2960907540959,-73.8636628364928,41.3464395788904,-74.7360872251624,7.04429633321951,6.82769737167911,2005.13880411244,2005.35540307398,59,WN02,WN02
876,885,1.091409755747,41.2960907540959,-73.8636628364928,41.2284406826858,-74.2812224156473,7.91910712742611,6.82769737167911,2005.13880411244,2006.23021386819,59,WN02,WN02
877,878,0.898641290647399,41.3464395788904,-74.7360872251624,41.0242683140934,-74.1118334573948,7.94293762386691,7.04429633321951,2005.35540307398,2006.25404436463,59,WN02,WN02
877,879,0.0126401241458289,41.3464395788904,-74.7360872251624,41.3485590478511,-74.7259186861607,7.05693645736534,7.04429633321951,2005.35540307398,2005.36804319813,59,WN02,WN02
878,65,0.551455635371299,41.0242683140934,-74.1118334573948,42.94633,-74.736948,8.4943932592382,7.94293762386691,2006.25404436463,2006.8055,59,WN02,WN02
878,64,0.3733556353714,41.0242683140934,-74.1118334573948,40.674092,-74.010018,8.31629325923831,7.94293762386691,2006.25404436463,2006.6274,59,WN02,WN02
879,881,0.127189528745699,41.3485590478511,-74.7259186861607,41.4138161654517,-74.5735182216021,7.18412598611103,7.05693645736534,2005.36804319813,2005.49523272687,59,WN02,WN02
879,880,1.710433914387,41.3485590478511,-74.7259186861607,40.7060461339441,-73.9562228465971,8.76737037175234,7.05693645736534,2005.36804319813,2007.07847711251,59,WN02,WN02
880,66,0.559922887486,40.7060461339441,-73.9562228465971,42.606962,-76.41851,9.32729325923833,8.76737037175234,2007.07847711251,2007.6384,59,WN02,WN02
880,67,0.466722887485901,40.7060461339441,-73.9562228465971,40.578843,-74.054633,9.23409325923824,8.76737037175234,2007.07847711251,2007.5452,59,WN02,WN02
881,882,0.727855879354202,41.4138161654517,-74.5735182216021,41.0750422949343,-74.4121229960532,7.91198186546524,7.18412598611103,2005.49523272687,2006.22308860623,59,WN02,WN02
881,72,1.110267273127,41.4138161654517,-74.5735182216021,41.360542,-74.536683,8.29439325923803,7.18412598611103,2005.49523272687,2006.6055,59,WN02,WN02
882,68,0.4618113937729,41.0750422949343,-74.4121229960532,41.154815,-74.101023,8.37379325923814,7.91198186546524,2006.22308860623,2006.6849,59,WN02,WN02
882,883,0.148632916823098,41.0750422949343,-74.4121229960532,40.6565193751859,-74.3411446359912,8.06061478228833,7.91198186546524,2006.22308860623,2006.37172152305,59,WN02,WN02
883,884,0.193161849307,40.6565193751859,-74.3411446359912,40.5840341913058,-74.2257949770854,8.25377663159533,8.06061478228833,2006.37172152305,2006.56488337236,59,WN02,WN02
883,71,0.1953784769498,40.6565193751859,-74.3411446359912,40.612398,-74.201404,8.25599325923814,8.06061478228833,2006.37172152305,2006.5671,59,WN02,WN02
884,70,0.117316627642801,40.5840341913058,-74.2257949770854,43.497803,-76.274708,8.37109325923814,8.25377663159533,2006.56488337236,2006.6822,59,WN02,WN02
884,69,0.09811662764284,40.5840341913058,-74.2257949770854,40.574543,-74.206766,8.35189325923817,8.25377663159533,2006.56488337236,2006.663,59,WN02,WN02
885,73,0.339686131812501,41.2284406826858,-74.2812224156473,41.151075,-73.929548,8.25879325923861,7.91910712742611,2006.23021386819,2006.5699,59,WN02,WN02
885,886,0.798545504498101,41.2284406826858,-74.2812224156473,40.6569337643172,-74.224613048689,8.71765263192421,7.91910712742611,2006.23021386819,2007.02875937269,59,WN02,WN02
886,74,0.6890406273144,40.6569337643172,-74.224613048689,40.618003,-73.870099,9.40669325923861,8.71765263192421,2007.02875937269,2007.7178,59,WN02,WN02
886,75,0.615040627314499,40.6569337643172,-74.224613048689,40.57099,-74.158258,9.33269325923871,8.71765263192421,2007.02875937269,2007.6438,59,WN02,WN02
895,87,0.5705861320487,41.1315293394385,-73.6654677923357,43.887306,-74.856735,6.22169325923841,5.65110712718971,2003.96221386795,2004.5328,59,WN02,WN02
895,88,1.719986132049,41.1315293394385,-73.6654677923357,41.139294,-73.922138,7.37109325923871,5.65110712718971,2003.96221386795,2005.6822,59,WN02,WN02
901,902,0.2703611406916,41.2149037585056,-73.3659245766957,41.1876485275725,-73.3496254055805,7.52298824653422,7.25262710584262,2005.5637338466,2005.8340949873,59,WN02,WN02
901,92,2.030766153395,41.2149037585056,-73.3659245766957,43.325136,-78.108903,9.28339325923762,7.25262710584262,2005.5637338466,2007.5945,59,WN02,WN02
902,903,1.977734299637,41.1876485275725,-73.3496254055805,41.9568492486534,-74.5424666564532,9.50072254617122,7.52298824653422,2005.8340949873,2007.81182928693,59,WN02,WN02
902,906,0.381446187978201,41.1876485275725,-73.3496254055805,41.0997959483299,-73.3045826688405,7.90443443451242,7.52298824653422,2005.8340949873,2006.21554117527,59,WN02,WN02
903,905,0.2384880092079,41.9568492486534,-74.5424666564532,41.8964450981959,-74.5006647867789,9.73921055537912,9.50072254617122,2007.81182928693,2008.05031729614,59,WN02,WN02
903,904,0.0613320080484794,41.9568492486534,-74.5424666564532,41.9744907827534,-74.5297899064222,9.5620545542197,9.50072254617122,2007.81182928693,2007.87316129498,59,WN02,WN02
904,93,1.800838705018,41.9744907827534,-74.5297899064222,41.966996,-74.470779,11.3628932592377,9.5620545542197,2007.87316129498,2009.674,59,WN02,WN02
904,94,4.637738705018,41.9744907827534,-74.5297899064222,29.780632,-95.087399,14.1997932592377,9.5620545542197,2007.87316129498,2012.5109,59,WN02,WN02
905,95,2.645582703859,41.8964450981959,-74.5006647867789,42.769415,-74.108048,12.3847932592381,9.73921055537912,2008.05031729614,2010.6959,59,WN02,WN02
905,96,1.612682703859,41.8964450981959,-74.5006647867789,42.362602,-73.571507,11.3518932592381,9.73921055537912,2008.05031729614,2009.663,59,WN02,WN02
906,907,1.873221035768,41.0997959483299,-73.3045826688405,33.2795989227142,-96.7053467122624,9.77765547028042,7.90443443451242,2006.21554117527,2008.08876221104,59,WN02,WN02
906,97,1.444758824726,41.0997959483299,-73.3045826688405,41.068763,-73.373167,9.34919325923842,7.90443443451242,2006.21554117527,2007.6603,59,WN02,WN02
907,99,4.321037788958,33.2795989227142,-96.7053467122624,33.229881,-97.050719,14.0986932592384,9.77765547028042,2008.08876221104,2012.4098,59,WN02,WN02
907,98,0.4877377889578,33.2795989227142,-96.7053467122624,45.260546,-97.604302,10.2653932592382,9.77765547028042,2008.08876221104,2008.5765,59,WN02,WN02
912,913,0.5519958131585,41.1544209989831,-73.4399961636656,41.2220363023619,-73.4240336039642,7.34968995647832,6.79769414331982,2005.10880088408,2005.66079669724,59,WN02,WN02
912,102,1.584399115918,41.1544209989831,-73.4399961636656,41.444997,-73.969771,8.38209325923782,6.79769414331982,2005.10880088408,2006.6932,59,WN02,WN02
913,916,1.322425538469,41.2220363023619,-73.4240336039642,41.2275810875526,-73.2503262049781,8.67211549494732,7.34968995647832,2005.66079669724,2006.98322223571,59,WN02,WN02
913,914,1.413101673794,41.2220363023619,-73.4240336039642,42.8293404999683,-74.0676478912828,8.76279163027232,7.34968995647832,2005.66079669724,2007.07389837103,59,WN02,WN02
914,915,0.00241018431027129,42.8293404999683,-74.0676478912828,42.8291204414209,-74.0663186129726,8.76520181458259,8.76279163027232,2007.07389837103,2007.07630855534,59,WN02,WN02
914,103,0.5672016289657,42.8293404999683,-74.0676478912828,41.575355,-73.63644,9.32999325923802,8.76279163027232,2007.07389837103,2007.6411,59,WN02,WN02
915,105,0.537391444655499,42.8291204414209,-74.0663186129726,42.763177,-74.225139,9.30259325923809,8.76520181458259,2007.07630855534,2007.6137,59,WN02,WN02
915,104,0.603191444655399,42.8291204414209,-74.0663186129726,42.83566,-73.996552,9.36839325923799,8.76520181458259,2007.07630855534,2007.6795,59,WN02,WN02
916,108,3.679777764291,41.2275810875526,-73.2503262049781,40.877345,-73.761727,12.3518932592383,8.67211549494732,2006.98322223571,2010.663,59,WN02,WN02
916,917,0.474312363046501,41.2275810875526,-73.2503262049781,41.1364518917741,-73.1269995096334,9.14642785799382,8.67211549494732,2006.98322223571,2007.45753459875,59,WN02,WN02
917,107,2.210965401245,41.1364518917741,-73.1269995096334,42.408242,-74.105854,11.3573932592388,9.14642785799382,2007.45753459875,2009.6685,59,WN02,WN02
917,106,0.219165401244499,41.1364518917741,-73.1269995096334,40.949862,-73.680958,9.36559325923832,9.14642785799382,2007.45753459875,2007.6767,59,WN02,WN02
919,920,0.962494419194499,42.3493873819138,-74.2056980115967,42.4251468669678,-74.1472957490249,9.68853896781312,8.72604454861862,2007.03715128938,2007.99964570857,59,WN02,WN02
919,110,4.60664871062,42.3493873819138,-74.2056980115967,42.895658,-75.904531,13.3326932592386,8.72604454861862,2007.03715128938,2011.6438,59,WN02,WN02
920,112,0.6287542914257,42.4251468669678,-74.1472957490249,42.624951,-74.164443,10.3172932592388,9.68853896781312,2007.99964570857,2008.6284,59,WN02,WN02
920,111,3.509954291426,42.4251468669678,-74.1472957490249,40.65572,-73.291054,13.1984932592391,9.68853896781312,2007.99964570857,2011.5096,59,WN02,WN02
938,939,1.114427562632,44.8729837966738,-95.5945684301784,45.0999418539151,-96.1918764172787,7.97959323325088,6.86516567061888,2005.17627241138,2006.29069997401,59,WN02,WN02
938,130,3.44392758862,44.8729837966738,-95.5945684301784,44.903805,-95.881738,10.3090932592389,6.86516567061888,2005.17627241138,2008.6202,59,WN02,WN02
939,133,2.460700025988,45.0999418539151,-96.1918764172787,45.181663,-96.1923,10.4402932592389,7.97959323325088,2006.29069997401,2008.7514,59,WN02,WN02
939,940,0.114315566761199,45.0999418539151,-96.1918764172787,45.0930942814159,-96.1712727411762,8.09390880001208,7.97959323325088,2006.29069997401,2006.40501554077,59,WN02,WN02
940,131,2.247984459227,45.0930942814159,-96.1712727411762,46.657242,-98.620498,10.3418932592391,8.09390880001208,2006.40501554077,2008.653,59,WN02,WN02
940,132,0.5949844592269,45.0930942814159,-96.1712727411762,29.640289,-94.951102,8.68889325923898,8.09390880001208,2006.40501554077,2007,59,WN02,WN02
944,138,2.794010933006,40.6493519443042,-73.3870899492617,40.611928,-73.486953,8.29159325923787,5.49758232623187,2003.80868906699,2006.6027,59,WN02,WN02
944,945,1.361353677623,40.6493519443042,-73.3870899492617,40.7472327290456,-73.7451071654129,6.85893600385487,5.49758232623187,2003.80868906699,2005.17004274462,59,WN02,WN02
945,144,2.523157255383,40.7472327290456,-73.7451071654129,40.72873,-72.916461,9.38209325923787,6.85893600385487,2005.17004274462,2007.6932,59,WN02,WN02
945,946,1.81991647893,40.7472327290456,-73.7451071654129,40.7278810370812,-73.7413039879147,8.67885248278487,6.85893600385487,2005.17004274462,2006.98995922355,59,WN02,WN02
946,947,0.0396063745810409,40.7278810370812,-73.7413039879147,40.72718986945,-73.7728082192731,8.71845885736592,8.67885248278487,2006.98995922355,2007.02956559813,59,WN02,WN02
946,143,1.684940776453,40.7278810370812,-73.7413039879147,40.615468,-73.464197,10.3637932592379,8.67885248278487,2006.98995922355,2008.6749,59,WN02,WN02
947,142,1.686234401872,40.72718986945,-73.7728082192731,41.156334,-73.982617,10.4046932592379,8.71845885736592,2007.02956559813,2008.7158,59,WN02,WN02
947,948,0.00123037407109372,40.72718986945,-73.7728082192731,40.7194202514423,-73.7596110092853,8.71968923143701,8.71845885736592,2007.02956559813,2007.0307959722,59,WN02,WN02
948,141,3.571904027801,40.7194202514423,-73.7596110092853,40.622333,-73.657803,12.291593259238,8.71968923143701,2007.0307959722,2010.6027,59,WN02,WN02
948,949,0.0111703476458604,40.7194202514423,-73.7596110092853,40.707524576892,-73.7660243318626,8.73085957908287,8.71968923143701,2007.0307959722,2007.04196631984,59,WN02,WN02
949,139,0.574433680155501,40.707524576892,-73.7660243318626,40.618564,-73.656738,9.30529325923837,8.73085957908287,2007.04196631984,2007.6164,59,WN02,WN02
949,140,2.574433680156,40.707524576892,-73.7660243318626,41.197057,-73.941081,11.3052932592389,8.73085957908287,2007.04196631984,2009.6164,59,WN02,WN02
964,155,1.553452939273,41.7357797937407,-74.2516592472826,40.61785,-73.463764,6.25719325923802,4.70374031996502,2003.01484706073,2004.5683,59,WN02,WN02
964,156,0.596152939273498,41.7357797937407,-74.2516592472826,41.061394,-73.401913,5.29989325923852,4.70374031996502,2003.01484706073,2003.611,59,WN02,WN02
967,157,6.472813591897,40.888241494089,-73.7958561491161,41.211627,-74.010094,15.1902932592387,8.71747966734165,2007.0285864081,2013.5014,59,WN02,WN02
967,158,5.474113591897,40.888241494089,-73.7958561491161,40.946144,-73.683701,14.1915932592387,8.71747966734165,2007.0285864081,2012.5027,59,WN02,WN02
972,160,2.777677415003,43.2630259554382,-78.4070279585273,43.151087,-78.380353,8.28339325923855,5.50571584423555,2003.816822585,2006.5945,59,WN02,WN02
972,159,3.750277415003,43.2630259554382,-78.4070279585273,48.795887,-107.608124,9.25599325923855,5.50571584423555,2003.816822585,2007.5671,59,WN02,WN02
974,975,1.218285675567,42.6128314443086,-78.3207658316967,42.6256365784388,-78.2192791897071,6.75232632195335,5.53404064638635,2003.84514738715,2005.06343306271,59,WN02,WN02
974,162,6.837052612852,42.6128314443086,-78.3207658316967,45.192944,-95.934753,12.3710932592384,5.53404064638635,2003.84514738715,2010.6822,59,WN02,WN02
975,163,3.529466937285,42.6256365784388,-78.2192791897071,42.658823,-78.595304,10.2817932592384,6.75232632195335,2005.06343306271,2008.5929,59,WN02,WN02
975,164,2.457066937285,42.6256365784388,-78.2192791897071,42.994489,-76.218574,9.20939325923835,6.75232632195335,2005.06343306271,2007.5205,59,WN02,WN02
976,1046,0.0546015658333907,43.0485239311162,-78.2279216708528,43.0597257162592,-78.2300975555198,5.55635560307145,5.50175403723805,2003.812860778,2003.86746234383,59,WN02,WN02
976,977,0.379817365081699,43.0485239311162,-78.2279216708528,43.1270258814565,-77.6577127843783,5.88157140231975,5.50175403723805,2003.812860778,2004.19267814308,59,WN02,WN02
977,978,0.926680906516001,43.1270258814565,-77.6577127843783,42.8301138098466,-77.9714874358128,6.80825230883575,5.88157140231975,2004.19267814308,2005.1193590496,59,WN02,WN02
977,1043,0.3239688411103,43.1270258814565,-77.6577127843783,40.8818563925493,-73.4974454073044,6.20554024343005,5.88157140231975,2004.19267814308,2004.51664698419,59,WN02,WN02
978,1031,0.8275546673789,42.8301138098466,-77.9714874358128,42.3794708068681,-78.0463951532213,7.63580697621465,6.80825230883575,2005.1193590496,2005.94691371698,59,WN02,WN02
978,979,2.641557048112,42.8301138098466,-77.9714874358128,43.0685398617882,-79.1830781391592,9.44980935694776,6.80825230883575,2005.1193590496,2007.76091609771,59,WN02,WN02
979,1023,0.3297992679651,43.0685398617882,-79.1830781391592,43.2127800949065,-75.5988885590894,9.77960862491286,9.44980935694776,2007.76091609771,2008.09071536567,59,WN02,WN02
979,980,0.113231592698099,43.0685398617882,-79.1830781391592,43.0749194613879,-79.3150805374304,9.56304094964585,9.44980935694776,2007.76091609771,2007.87414769041,59,WN02,WN02
980,981,0.0540552623969006,43.0749194613879,-79.3150805374304,43.0244297578489,-79.2459078821509,9.61709621204275,9.56304094964585,2007.87414769041,2007.9282029528,59,WN02,WN02
980,165,5.843652309593,43.0749194613879,-79.3150805374304,41.077559,-73.901066,15.4066932592389,9.56304094964585,2007.87414769041,2013.7178,59,WN02,WN02
981,208,2.778597047196,43.0244297578489,-79.2459078821509,43.03353,-78.924466,12.3956932592388,9.61709621204275,2007.9282029528,2010.7068,59,WN02,WN02
981,982,0.0135817615153808,43.0244297578489,-79.2459078821509,43.0122863577893,-79.2432743319572,9.63067797355814,9.61709621204275,2007.9282029528,2007.94178471432,59,WN02,WN02
982,207,3.724015285681,43.0122863577893,-79.2432743319572,42.606688,-78.673338,13.3546932592391,9.63067797355814,2007.94178471432,2011.6658,59,WN02,WN02
982,983,0.1889525834744,43.0122863577893,-79.2432743319572,43.0247025807375,-79.1716437171787,9.81963055703254,9.63067797355814,2007.94178471432,2008.13073729779,59,WN02,WN02
983,166,1.614462702206,43.0247025807375,-79.1716437171787,43.264278,-78.953921,11.4340932592385,9.81963055703254,2008.13073729779,2009.7452,59,WN02,WN02
983,984,1.073244988547,43.0247025807375,-79.1716437171787,43.0257211848287,-78.8548226969725,10.8928755455795,9.81963055703254,2008.13073729779,2009.20398228634,59,WN02,WN02
984,985,0.0809255650666607,43.0257211848287,-78.8548226969725,42.9675078705657,-78.820978870116,10.9738011106462,10.8928755455795,2009.20398228634,2009.28490785141,59,WN02,WN02
984,1020,0.9664017347997,43.0257211848287,-78.8548226969725,43.0383562861774,-78.863595524712,11.8592772803792,10.8928755455795,2009.20398228634,2010.17038402114,59,WN02,WN02
985,986,0.0867907344640901,42.9675078705657,-78.820978870116,43.0344079811718,-78.8338774711055,11.0605918451103,10.9738011106462,2009.28490785141,2009.37169858587,59,WN02,WN02
985,1000,0.0103915880601999,42.9675078705657,-78.820978870116,43.02678189249,-78.880063144354,10.9841926987064,10.9738011106462,2009.28490785141,2009.29529943947,59,WN02,WN02
986,992,1.301387447214,43.0344079811718,-78.8338774711055,32.6866284008718,-96.7192130953361,12.3619792923243,11.0605918451103,2009.37169858587,2010.67308603309,59,WN02,WN02
986,987,0.7968098257001,43.0344079811718,-78.8338774711055,42.9937088877587,-78.6392721091916,11.8574016708104,11.0605918451103,2009.37169858587,2010.16850841157,59,WN02,WN02
987,988,0.0192723574542093,42.9937088877587,-78.6392721091916,42.8697100600127,-78.6930281791163,11.8766740282646,11.8574016708104,2010.16850841157,2010.18778076903,59,WN02,WN02
987,990,0.6259901236664,42.9937088877587,-78.6392721091916,42.8278473826026,-78.5950185276246,12.4833917944768,11.8574016708104,2010.16850841157,2010.79449853524,59,WN02,WN02
988,989,0.5929007227928,42.8697100600127,-78.6930281791163,42.9782148262062,-79.0814725474485,12.4695747510574,11.8766740282646,2010.18778076903,2010.78068149182,59,WN02,WN02
988,167,3.508119230974,42.8697100600127,-78.6930281791163,43.257544,-76.295759,15.3847932592386,11.8766740282646,2010.18778076903,2013.6959,59,WN02,WN02
989,168,1.820418508182,42.9782148262062,-79.0814725474485,42.969315,-78.9648,14.2899932592394,12.4695747510574,2010.78068149182,2012.6011,59,WN02,WN02
989,169,2.835718508182,42.9782148262062,-79.0814725474485,43.422851,-76.328577,15.3052932592394,12.4695747510574,2010.78068149182,2013.6164,59,WN02,WN02
990,991,0.1211785994353,42.8278473826026,-78.5950185276246,43.0314096641366,-78.7261676026464,12.6045703939121,12.4833917944768,2010.79449853524,2010.91567713467,59,WN02,WN02
990,170,4.802801464762,42.8278473826026,-78.5950185276246,42.159825,-79.371988,17.2861932592388,12.4833917944768,2010.79449853524,2015.5973,59,WN02,WN02
991,172,3.810322865327,43.0314096641366,-78.7261676026464,40.618519,-73.446092,16.4148932592391,12.6045703939121,2010.91567713467,2014.726,59,WN02,WN02
991,171,1.546022865327,43.0314096641366,-78.7261676026464,43.028061,-78.945284,14.1505932592391,12.6045703939121,2010.91567713467,2012.4617,59,WN02,WN02
992,993,0.2123415731719,32.6866284008718,-96.7192130953361,32.7037114317616,-96.708038893916,12.5743208654962,12.3619792923243,2010.67308603309,2010.88542760626,59,WN02,WN02
992,996,0.09310122807649,32.6866284008718,-96.7192130953361,32.7195631886097,-96.7792121534147,12.4550805204008,12.3619792923243,2010.67308603309,2010.76618726116,59,WN02,WN02
993,994,0.8652488593152,32.7037114317616,-96.708038893916,32.6398465613615,-96.5382060825534,13.4395697248114,12.5743208654962,2010.88542760626,2011.75067646557,59,WN02,WN02
993,995,0.7773139611843,32.7037114317616,-96.708038893916,32.740633086285,-96.6982048770492,13.3516348266805,12.5743208654962,2010.88542760626,2011.66274156744,59,WN02,WN02
994,173,3.684923534427,32.6398465613615,-96.5382060825534,33.069923,-113.262841,17.1244932592384,13.4395697248114,2011.75067646557,2015.4356,59,WN02,WN02
994,174,0.872323534427499,32.6398465613615,-96.5382060825534,32.819739,-96.893535,14.3118932592389,13.4395697248114,2011.75067646557,2012.623,59,WN02,WN02
995,176,0.8399584325583,32.740633086285,-96.6982048770492,32.931631,-96.815398,14.1915932592388,13.3516348266805,2011.66274156744,2012.5027,59,WN02,WN02
995,175,0.837258432558301,32.740633086285,-96.6982048770492,30.350982,-95.54212,14.1888932592388,13.3516348266805,2011.66274156744,2012.5,59,WN02,WN02
996,997,0.1137100472463,32.7195631886097,-96.7792121534147,32.7458815173024,-96.827818229182,12.5687905676471,12.4550805204008,2010.76618726116,2010.87989730841,59,WN02,WN02
996,998,0.0521732366068601,32.7195631886097,-96.7792121534147,32.7160731759886,-96.7624819687982,12.5072537570076,12.4550805204008,2010.76618726116,2010.81836049777,59,WN02,WN02
997,178,5.767602691592,32.7458815173024,-96.827818229182,32.547997,-112.711307,18.3363932592391,12.5687905676471,2010.87989730841,2016.6475,59,WN02,WN02
997,177,1.890602691592,32.7458815173024,-96.827818229182,33.333673,-96.329565,14.4593932592391,12.5687905676471,2010.87989730841,2012.7705,59,WN02,WN02
998,999,0.0142668282909995,32.7160731759886,-96.7624819687982,32.7246280857048,-96.7565498495897,12.5215205852986,12.5072537570076,2010.81836049777,2010.83262732606,59,WN02,WN02
998,181,1.837339502231,32.7160731759886,-96.7624819687982,32.657511,-96.995328,14.3445932592386,12.5072537570076,2010.81836049777,2012.6557,59,WN02,WN02
999,180,1.69197267394,32.7246280857048,-96.7565498495897,29.716005,-95.042258,14.2134932592386,12.5215205852986,2010.83262732606,2012.5246,59,WN02,WN02
999,179,1.67007267394,32.7246280857048,-96.7565498495897,32.605819,-96.600936,14.1915932592386,12.5215205852986,2010.83262732606,2012.5027,59,WN02,WN02
1000,1001,1.471460117326,43.02678189249,-78.880063144354,43.0365734630442,-76.3618056802507,12.4556528160324,10.9841926987064,2009.29529943947,2010.76675955679,59,WN02,WN02
1000,1004,0.872302510195199,43.02678189249,-78.880063144354,43.1773033263056,-75.9392203110994,11.8564952089016,10.9841926987064,2009.29529943947,2010.16760194966,59,WN02,WN02
1001,185,2.962040443207,43.0365734630442,-76.3618056802507,42.874912,-75.969905,15.4176932592394,12.4556528160324,2010.76675955679,2013.7288,59,WN02,WN02
1001,1002,0.1661331802321,43.0365734630442,-76.3618056802507,43.034460790977,-76.2634791901502,12.6217859962645,12.4556528160324,2010.76675955679,2010.93289273703,59,WN02,WN02
1002,184,3.513707262975,43.034460790977,-76.2634791901502,41.10041,-74.052508,16.1354932592395,12.6217859962645,2010.93289273703,2014.4466,59,WN02,WN02
1002,1003,0.548476123276799,43.034460790977,-76.2634791901502,43.0777284968632,-76.9538020455945,13.1702621195413,12.6217859962645,2010.93289273703,2011.4813688603,59,WN02,WN02
1003,183,2.192631139698,43.0777284968632,-76.9538020455945,42.780266,-76.245673,15.3628932592393,13.1702621195413,2011.4813688603,2013.674,59,WN02,WN02
1003,182,2.228231139698,43.0777284968632,-76.9538020455945,40.600408,-73.560354,15.3984932592393,13.1702621195413,2011.4813688603,2013.7096,59,WN02,WN02
1004,1005,0.0120348092332403,43.1773033263056,-75.9392203110994,43.1959194490319,-75.9258434277535,11.8685300181348,11.8564952089016,2010.16760194966,2010.1796367589,59,WN02,WN02
1004,186,3.391298050337,43.1773033263056,-75.9392203110994,43.497278,-75.807617,15.2477932592386,11.8564952089016,2010.16760194966,2013.5589,59,WN02,WN02
1005,1006,0.00410032982199127,43.1959194490319,-75.9258434277535,43.1979727218539,-75.9030053950924,11.8726303479568,11.8685300181348,2010.1796367589,2010.18373708872,59,WN02,WN02
1005,1019,0.7561029536174,43.1959194490319,-75.9258434277535,43.1799689666416,-75.9766727117204,12.6246329717522,11.8685300181348,2010.1796367589,2010.93573971251,59,WN02,WN02
1006,1011,0.00761246572512242,43.1979727218539,-75.9030053950924,43.1969386722996,-75.9316378610277,11.8802428136819,11.8726303479568,2010.18373708872,2010.19134955444,59,WN02,WN02
1006,1007,0.00711201262930494,43.1979727218539,-75.9030053950924,43.1849070420319,-75.9627895734588,11.8797423605861,11.8726303479568,2010.18373708872,2010.19084910135,59,WN02,WN02
1007,191,3.450250898653,43.1849070420319,-75.9627895734588,43.677306,-75.955711,15.3299932592391,11.8797423605861,2010.19084910135,2013.6411,59,WN02,WN02
1007,1008,0.7092126468592,43.1849070420319,-75.9627895734588,42.9055257302373,-75.6803736352741,12.5889550074453,11.8797423605861,2010.19084910135,2010.90006174821,59,WN02,WN02
1008,1009,0.0312372509133194,42.9055257302373,-75.6803736352741,42.6984355654292,-78.5308922811148,12.6201922583587,12.5889550074453,2010.90006174821,2010.93129899912,59,WN02,WN02
1008,1010,0.167216377439299,42.9055257302373,-75.6803736352741,42.5124886256202,-75.5945563720236,12.7561713848846,12.5889550074453,2010.90006174821,2011.06727812565,59,WN02,WN02
1009,187,1.66710100088,42.6984355654292,-78.5308922811148,40.638302,-73.395487,14.2872932592387,12.6201922583587,2010.93129899912,2012.5984,59,WN02,WN02
1009,188,2.60840100088,42.6984355654292,-78.5308922811148,42.991353,-78.990422,15.2285932592387,12.6201922583587,2010.93129899912,2013.5397,59,WN02,WN02
1010,189,2.587521874354,42.5124886256202,-75.5945563720236,43.030284,-78.94299,15.3436932592386,12.7561713848846,2011.06727812565,2013.6548,59,WN02,WN02
1010,190,2.527221874354,42.5124886256202,-75.5945563720236,42.79567,-75.553976,15.2833932592386,12.7561713848846,2011.06727812565,2013.5945,59,WN02,WN02
1011,1017,0.00775625816489445,43.1969386722996,-75.9316378610277,43.1968644456169,-75.9197938945976,11.8879990718468,11.8802428136819,2010.19134955444,2010.19910581261,59,WN02,WN02
1011,1012,0.580398933845499,43.1969386722996,-75.9316378610277,43.6740786941382,-76.502078254982,12.4606417475274,11.8802428136819,2010.19134955444,2010.77174848829,59,WN02,WN02
1012,1016,0.1242700058373,43.6740786941382,-76.502078254982,43.6491970297583,-76.4579832458025,12.5849117533647,12.4606417475274,2010.77174848829,2010.89601849413,59,WN02,WN02
1012,1013,0.0150806745062706,43.6740786941382,-76.502078254982,43.6974717518689,-76.5287534525483,12.4757224220337,12.4606417475274,2010.77174848829,2010.78682916279,59,WN02,WN02
1013,1014,0.7373228674868,43.6974717518689,-76.5287534525483,40.6952962278837,-73.1714265723983,13.2130452895205,12.4757224220337,2010.78682916279,2011.52415203028,59,WN02,WN02
1013,195,1.789670837205,43.6974717518689,-76.5287534525483,43.561339,-76.088299,14.2653932592387,12.4757224220337,2010.78682916279,2012.5765,59,WN02,WN02
1014,1015,0.0133714567482706,40.6952962278837,-73.1714265723983,40.6987259684762,-73.1854066521419,13.2264167462688,13.2130452895205,2011.52415203028,2011.53752348703,59,WN02,WN02
1014,192,1.093347969718,40.6952962278837,-73.1714265723983,40.917205,-73.154202,14.3063932592385,13.2130452895205,2011.52415203028,2012.6175,59,WN02,WN02
1015,194,1.01167651297,40.6987259684762,-73.1854066521419,40.607578,-73.482502,14.2380932592388,13.2264167462688,2011.53752348703,2012.5492,59,WN02,WN02
1015,193,2.17477651297,40.6987259684762,-73.1854066521419,42.981628,-78.87156,15.4011932592388,13.2264167462688,2011.53752348703,2013.7123,59,WN02,WN02
1016,196,2.682081505874,43.6491970297583,-76.4579832458025,40.876641,-73.762856,15.2669932592387,12.5849117533647,2010.89601849413,2013.5781,59,WN02,WN02
1016,197,1.784281505874,43.6491970297583,-76.4579832458025,43.701326,-75.942999,14.3691932592387,12.5849117533647,2010.89601849413,2012.6803,59,WN02,WN02
1017,200,2.380094187392,43.1968644456169,-75.9197938945976,40.642101,-73.337792,14.2680932592388,11.8879990718468,2010.19910581261,2012.5792,59,WN02,WN02
1017,1018,0.588688243406899,43.1968644456169,-75.9197938945976,43.2018860428924,-76.0833919056504,12.4766873152537,11.8879990718468,2010.19910581261,2010.78779405601,59,WN02,WN02
1018,199,2.965605943985,43.2018860428924,-76.0833919056504,43.103142,-76.259888,15.4422932592387,12.4766873152537,2010.78779405601,2013.7534,59,WN02,WN02
1018,198,3.880705943985,43.2018860428924,-76.0833919056504,43.289205,-76.30878,16.3573932592387,12.4766873152537,2010.78779405601,2014.6685,59,WN02,WN02
1019,201,2.760160287487,43.1799689666416,-75.9766727117204,43.072023,-76.056339,15.3847932592392,12.6246329717522,2010.93573971251,2013.6959,59,WN02,WN02
1019,202,2.699860287487,43.1799689666416,-75.9766727117204,40.946927,-73.684352,15.3244932592392,12.6246329717522,2010.93573971251,2013.6356,59,WN02,WN02
1020,1021,0.737110061732199,43.0383562861774,-78.863595524712,42.1641111705757,-79.4243186992063,12.5963873421114,11.8592772803792,2010.17038402114,2010.90749408287,59,WN02,WN02
1020,203,0.476215978859599,43.0383562861774,-78.863595524712,43.033924,-78.973071,12.3354932592388,11.8592772803792,2010.17038402114,2010.6466,59,WN02,WN02
1021,206,4.763705917127,42.1641111705757,-79.4243186992063,42.29281,-79.160251,17.3600932592384,12.5963873421114,2010.90749408287,2015.6712,59,WN02,WN02
1021,1022,0.0284842919553299,42.1641111705757,-79.4243186992063,42.1739476215062,-79.5187333197949,12.6248716340668,12.5963873421114,2010.90749408287,2010.93597837483,59,WN02,WN02
1022,204,2.718821625172,42.1739476215062,-79.5187333197949,43.099774,-76.014009,15.3436932592388,12.6248716340668,2010.93597837483,2013.6548,59,WN02,WN02
1022,205,1.643221625172,42.1739476215062,-79.5187333197949,42.177975,-79.390879,14.2680932592388,12.6248716340668,2010.93597837483,2012.5792,59,WN02,WN02
1023,1025,1.236332585135,43.2127800949065,-75.5988885590894,43.1378869400955,-75.6761756060888,11.0159412100479,9.77960862491286,2008.09071536567,2009.32704795081,59,WN02,WN02
1023,1024,2.50822639529,43.2127800949065,-75.5988885590894,43.6012883367136,-76.0951917276541,12.2878350202029,9.77960862491286,2008.09071536567,2010.59894176096,59,WN02,WN02
1024,210,1.942058239036,43.6012883367136,-76.0951917276541,40.638365,-73.342466,14.2298932592389,12.2878350202029,2010.59894176096,2012.541,59,WN02,WN02
1024,209,1.999458239037,43.6012883367136,-76.0951917276541,43.546378,-76.212389,14.2872932592399,12.2878350202029,2010.59894176096,2012.5984,59,WN02,WN02
1025,1026,1.435719318052,43.1378869400955,-75.6761756060888,42.9445928432079,-75.8784707844792,12.4516605280999,11.0159412100479,2009.32704795081,2010.76276726886,59,WN02,WN02
1025,217,2.437352049191,43.1378869400955,-75.6761756060888,43.13418,-76.30708,13.4532932592389,11.0159412100479,2009.32704795081,2011.7644,59,WN02,WN02
1026,1028,0.8919186463524,42.9445928432079,-75.8784707844792,43.1516542772738,-76.0760182594874,13.3435791744523,12.4516605280999,2010.76276726886,2011.65468591521,59,WN02,WN02
1026,1027,0.161218864032699,42.9445928432079,-75.8784707844792,42.9473561518687,-75.8656467346501,12.6128793921326,12.4516605280999,2010.76276726886,2010.92398613289,59,WN02,WN02
1027,211,2.752713867106,42.9473561518687,-75.8656467346501,42.989114,-75.636853,15.3655932592386,12.6128793921326,2010.92398613289,2013.6767,59,WN02,WN02
1027,212,3.577413867106,42.9473561518687,-75.8656467346501,40.608797,-73.693453,16.1902932592386,12.6128793921326,2010.92398613289,2014.5014,59,WN02,WN02
1028,216,1.006514084787,43.1516542772738,-76.0760182594874,40.634033,-73.417743,14.3500932592393,13.3435791744523,2011.65468591521,2012.6612,59,WN02,WN02
1028,1029,0.123172517210101,43.1516542772738,-76.0760182594874,42.9369052884954,-76.074453037968,13.4667516916624,13.3435791744523,2011.65468591521,2011.77785843242,59,WN02,WN02
1029,215,0.9134415675765,42.9369052884954,-76.074453037968,43.28183,-76.172271,14.3801932592389,13.4667516916624,2011.77785843242,2012.6913,59,WN02,WN02
1029,1030,0.165749982802099,42.9369052884954,-76.074453037968,42.9753957540023,-76.1440210588816,13.6325016744645,13.4667516916624,2011.77785843242,2011.94360841523,59,WN02,WN02
1030,214,0.6984915847744,42.9753957540023,-76.1440210588816,43.446835,-76.354582,14.3309932592389,13.6325016744645,2011.94360841523,2012.6421,59,WN02,WN02
1030,213,0.673891584774401,42.9753957540023,-76.1440210588816,42.877937,-76.233054,14.3063932592389,13.6325016744645,2011.94360841523,2012.6175,59,WN02,WN02
1031,1041,1.884472858781,42.3794708068681,-78.0463951532213,42.4008180304735,-78.1285269455735,9.52027983499566,7.63580697621465,2005.94691371698,2007.83138657576,59,WN02,WN02
1031,1032,1.114836262112,42.3794708068681,-78.0463951532213,40.5862080820054,-73.2037344232829,8.75064323832665,7.63580697621465,2005.94691371698,2007.06174997909,59,WN02,WN02
1032,1034,3.069815626767,40.5862080820054,-73.2037344232829,40.7303620062199,-73.6450537073774,11.8204588650937,8.75064323832665,2007.06174997909,2010.13156560585,59,WN02,WN02
1032,1033,3.302789687138,40.5862080820054,-73.2037344232829,40.6338017205723,-73.4589382088446,12.0534329254647,8.75064323832665,2007.06174997909,2010.36453966623,59,WN02,WN02
1033,219,2.315760333775,40.6338017205723,-73.4589382088446,42.462559,-78.820661,14.3691932592397,12.0534329254647,2010.36453966623,2012.6803,59,WN02,WN02
1033,218,0.145060333774699,40.6338017205723,-73.4589382088446,40.617474,-73.462643,12.1984932592394,12.0534329254647,2010.36453966623,2010.5096,59,WN02,WN02
1034,1035,0.6112130723111,40.7303620062199,-73.6450537073774,40.7563945048972,-73.5801374029575,12.4316719374048,11.8204588650937,2010.13156560585,2010.74277867817,59,WN02,WN02
1034,1039,0.8158096099751,40.7303620062199,-73.6450537073774,40.6307589897028,-73.1822341431001,12.6362684750688,11.8204588650937,2010.13156560585,2010.94737521583,59,WN02,WN02
1035,1038,0.1561310461055,40.7563945048972,-73.5801374029575,40.7607653749725,-73.5572590783774,12.5878029835103,12.4316719374048,2010.74277867817,2010.89890972427,59,WN02,WN02
1035,1036,0.1794676307877,40.7563945048972,-73.5801374029575,40.6357135278596,-73.2869653318234,12.6111395681925,12.4316719374048,2010.74277867817,2010.92224630895,59,WN02,WN02
1036,1037,1.007625078823,40.6357135278596,-73.2869653318234,40.6775007475297,-73.2927923592964,13.6187646470155,12.6111395681925,2010.92224630895,2011.92987138778,59,WN02,WN02
1036,220,1.588653691047,40.6357135278596,-73.2869653318234,40.630796,-73.42404,14.1997932592395,12.6111395681925,2010.92224630895,2012.5109,59,WN02,WN02
1037,221,0.6958286122241,40.6775007475297,-73.2927923592964,40.61727,-73.518391,14.3145932592396,13.6187646470155,2011.92987138778,2012.6257,59,WN02,WN02
1037,222,0.6931286122241,40.6775007475297,-73.2927923592964,44.93197,-75.04088,14.3118932592396,13.6187646470155,2011.92987138778,2012.623,59,WN02,WN02
1038,224,0.6681902757292,40.7607653749725,-73.5572590783774,40.641503,-73.480905,13.2559932592395,12.5878029835103,2010.89890972427,2011.5671,59,WN02,WN02
1038,223,1.756790275729,40.7607653749725,-73.5572590783774,43.008228,-76.312415,14.3445932592393,12.5878029835103,2010.89890972427,2012.6557,59,WN02,WN02
1039,1040,0.777394582828601,40.6307589897028,-73.1822341431001,40.5899199598312,-73.458815524939,13.4136630578974,12.6362684750688,2010.94737521583,2011.72476979866,59,WN02,WN02
1039,225,3.76222478417,40.6307589897028,-73.1822341431001,40.644298,-73.321149,16.3984932592388,12.6362684750688,2010.94737521583,2014.7096,59,WN02,WN02
1040,227,0.8572302013421,40.5899199598312,-73.458815524939,42.911458,-75.936792,14.2708932592395,13.4136630578974,2011.72476979866,2012.582,59,WN02,WN02
1040,226,0.969230201341899,40.5899199598312,-73.458815524939,40.614715,-73.464814,14.3828932592393,13.4136630578974,2011.72476979866,2012.694,59,WN02,WN02
1041,228,1.859013424243,42.4008180304735,-78.1285269455735,42.465571,-79.268092,11.3792932592387,9.52027983499566,2007.83138657576,2009.6904,59,WN02,WN02
1041,1042,2.306469054447,42.4008180304735,-78.1285269455735,44.257274875494,-82.3432639207914,11.8267488894427,9.52027983499566,2007.83138657576,2010.1378556302,59,WN02,WN02
1042,229,0.5607443697959,44.257274875494,-82.3432639207914,45.278183,-95.706926,12.3874932592386,11.8267488894427,2010.1378556302,2010.6986,59,WN02,WN02
1042,230,2.501444369796,44.257274875494,-82.3432639207914,40.958828,-105.095844,14.3281932592387,11.8267488894427,2010.1378556302,2012.6393,59,WN02,WN02
1043,1044,1.003262399736,40.8818563925493,-73.4974454073044,40.8782565018897,-73.8919941024295,7.20880264316606,6.20554024343005,2004.51664698419,2005.51990938393,59,WN02,WN02
1043,231,3.198453015809,40.8818563925493,-73.4974454073044,40.852518,-73.771456,9.40399325923905,6.20554024343005,2004.51664698419,2007.7151,59,WN02,WN02
1044,1045,4.65318012072,40.8782565018897,-73.8919941024295,40.7159086459404,-73.5872598157369,11.8619827638861,7.20880264316606,2005.51990938393,2010.17308950465,59,WN02,WN02
1044,234,1.104790616073,40.8782565018897,-73.8919941024295,43.147756,-78.813503,8.31359325923906,7.20880264316606,2005.51990938393,2006.6247,59,WN02,WN02
1045,232,1.563910495353,40.7159086459404,-73.5872598157369,40.643252,-73.298234,13.4258932592391,11.8619827638861,2010.17308950465,2011.737,59,WN02,WN02
1045,233,1.470710495353,40.7159086459404,-73.5872598157369,40.634093,-73.442529,13.3326932592391,11.8619827638861,2010.17308950465,2011.6438,59,WN02,WN02
1046,244,6.699637656167,43.0597257162592,-78.2300975555198,43.048372,-78.97664,12.2559932592384,5.55635560307145,2003.86746234383,2010.5671,59,WN02,WN02
1046,1047,0.04329856933931,43.0597257162592,-78.2300975555198,43.0468454092683,-78.2742488047529,5.59965417241076,5.55635560307145,2003.86746234383,2003.91076091317,59,WN02,WN02
1047,235,4.837839086828,43.0468454092683,-78.2742488047529,44.099253,-103.057101,10.4374932592388,5.59965417241076,2003.91076091317,2008.7486,59,WN02,WN02
1047,1048,2.47707602345,43.0468454092683,-78.2742488047529,44.2577415518678,-73.5804815055865,8.07673019586075,5.59965417241076,2003.91076091317,2006.38783693662,59,WN02,WN02
1048,243,6.134063063378,44.2577415518678,-73.5804815055865,41.185214,-72.183032,14.2107932592388,8.07673019586075,2006.38783693662,2012.5219,59,WN02,WN02
1048,1049,2.969059175875,44.2577415518678,-73.5804815055865,41.0860196998199,-74.1596429731652,11.0457893717358,8.07673019586075,2006.38783693662,2009.3568961125,59,WN02,WN02
1049,1050,0.00130763577150184,41.0860196998199,-74.1596429731652,41.0862182332797,-74.1604820382704,11.0470970075073,11.0457893717358,2009.3568961125,2009.35820374827,59,WN02,WN02
1049,1054,0.00803041135916693,41.0860196998199,-74.1596429731652,41.0771271856207,-74.1770173450794,11.0538197830949,11.0457893717358,2009.3568961125,2009.36492652386,59,WN02,WN02
1050,1053,0.1844731221532,41.0862182332797,-74.1604820382704,41.0513992058535,-74.0704220670312,11.2315701296605,11.0470970075073,2009.35820374827,2009.54267687042,59,WN02,WN02
1050,1051,1.382067717908,41.0862182332797,-74.1604820382704,41.1340379675383,-74.0129815488777,12.4291647254153,11.0470970075073,2009.35820374827,2010.74027146618,59,WN02,WN02
1051,236,0.966528533823499,41.1340379675383,-74.0129815488777,41.119214,-74.155116,13.3956932592388,12.4291647254153,2010.74027146618,2011.7068,59,WN02,WN02
1051,1052,0.127451805924,41.1340379675383,-74.0129815488777,41.1596932876599,-73.9957353313192,12.5566165313393,12.4291647254153,2010.74027146618,2010.8677232721,59,WN02,WN02
1052,237,0.6856767278995,41.1596932876599,-73.9957353313192,41.254196,-74.007554,13.2422932592388,12.5566165313393,2010.8677232721,2011.5534,59,WN02,WN02
1052,238,1.656876727899,41.1596932876599,-73.9957353313192,42.685223,-78.596543,14.2134932592383,12.5566165313393,2010.8677232721,2012.5246,59,WN02,WN02
1053,239,1.043623129579,41.0513992058535,-74.0704220670312,40.882753,-73.772475,12.2751932592395,11.2315701296605,2009.54267687042,2010.5863,59,WN02,WN02
1053,240,0.1121231295787,41.0513992058535,-74.0704220670312,41.073011,-73.933051,11.3436932592392,11.2315701296605,2009.54267687042,2009.6548,59,WN02,WN02
1054,241,0.306273476144201,41.0771271856207,-74.1770173450794,41.796009,-73.91804,11.3600932592391,11.0538197830949,2009.36492652386,2009.6712,59,WN02,WN02
1054,242,0.3418734761441,41.0771271856207,-74.1770173450794,40.886896,-73.757146,11.395693259239,11.0538197830949,2009.36492652386,2009.7068,59,WN02,WN02
1055,1056,4.134939024273,42.9143139418272,-78.2040419241151,43.0225196441923,-78.7486336455749,9.64397720909795,5.50903818482495,2003.82014492559,2007.95508394986,59,WN02,WN02
1055,245,1.826455074414,42.9143139418272,-78.2040419241151,47.821427,-101.0625,7.33549325923895,5.50903818482495,2003.82014492559,2005.6466,59,WN02,WN02
1056,247,1.044916050141,43.0225196441923,-78.7486336455749,29.64838,-94.957312,10.688893259239,9.64397720909795,2007.95508394986,2009,59,WN02,WN02
1056,246,0.665116050141,43.0225196441923,-78.7486336455749,43.060561,-78.882026,10.309093259239,9.64397720909795,2007.95508394986,2008.6202,59,WN02,WN02
1068,260,0.570618449383,41.4094074745363,-74.4210175464954,41.497582,-74.381392,5.43409325923851,4.86347480985551,2003.17458155062,2003.7452,59,WN02,WN02
1068,261,0.5898184493829,41.4094074745363,-74.4210175464954,41.330811,-71.975199,5.45329325923841,4.86347480985551,2003.17458155062,2003.7644,59,WN02,WN02
1077,1079,0.818372836234401,41.1027427036637,-73.502083560156,41.0820071135034,-73.4110235515284,5.5253191867429,4.7069463505085,2003.01805309127,2003.8364259275,59,WN02,WN02
1077,1078,0.101836022639201,41.1027427036637,-73.502083560156,41.150577772259,-73.5493802353504,4.8087823731477,4.7069463505085,2003.01805309127,2003.11988911391,59,WN02,WN02
1078,271,1.595910886091,41.150577772259,-73.5493802353504,41.562479,-74.249288,6.4046932592387,4.8087823731477,2003.11988911391,2004.7158,59,WN02,WN02
1078,272,0.491110886091299,41.150577772259,-73.5493802353504,41.159844,-73.60554,5.299893259239,4.8087823731477,2003.11988911391,2003.611,59,WN02,WN02
1079,273,0.8630740724959,41.0820071135034,-73.4110235515284,41.059619,-73.457456,6.3883932592388,5.5253191867429,2003.8364259275,2004.6995,59,WN02,WN02
1079,1080,0.0223140349931992,41.0820071135034,-73.4110235515284,41.0982721972253,-73.4338112901124,5.5476332217361,5.5253191867429,2003.8364259275,2003.8587399625,59,WN02,WN02
1080,274,0.728660037502701,41.0982721972253,-73.4338112901124,40.764495,-73.318143,6.2762932592388,5.5476332217361,2003.8587399625,2004.5874,59,WN02,WN02
1080,275,0.668560037502701,41.0982721972253,-73.4338112901124,41.071019,-73.389267,6.2161932592388,5.5476332217361,2003.8587399625,2004.5273,59,WN02,WN02
1093,1096,3.901918368317,42.5393994415976,-74.5092060253503,42.6513441216306,-74.322716735421,9.44652567729533,5.54460730897833,2003.85571404974,2007.75763241806,59,WN02,WN02
1093,1094,0.00657548931450691,42.5393994415976,-74.5092060253503,42.5442020429936,-74.5247243000896,5.55118279829283,5.54460730897833,2003.85571404974,2003.86228953905,59,WN02,WN02
1094,284,0.5530104609453,42.5442020429936,-74.5247243000896,42.537871,-79.135649,6.10419325923813,5.55118279829283,2003.86228953905,2004.4153,59,WN02,WN02
1094,1095,3.938427409947,42.5442020429936,-74.5247243000896,42.4943088780617,-74.4174693473534,9.48961020823983,5.55118279829283,2003.86228953905,2007.800716949,59,WN02,WN02
1095,286,4.688383050999,42.4943088780617,-74.4174693473534,29.626495,-94.946164,14.1779932592388,9.48961020823983,2007.800716949,2012.4891,59,WN02,WN02
1095,285,4.909683050999,42.4943088780617,-74.4174693473534,42.58602,-74.164802,14.3992932592388,9.48961020823983,2007.800716949,2012.7104,59,WN02,WN02
1096,1097,3.119543414519,42.6513441216306,-74.322716735421,43.0053400791505,-76.0211047163033,12.5660690918143,9.44652567729533,2007.75763241806,2010.87717583258,59,WN02,WN02
1096,294,5.820467581943,42.6513441216306,-74.322716735421,40.944258,-73.702999,15.2669932592383,9.44652567729533,2007.75763241806,2013.5781,59,WN02,WN02
1097,1099,0.0545708606966002,43.0053400791505,-76.0211047163033,42.9636945738606,-76.022026707153,12.6206399525109,12.5660690918143,2010.87717583258,2010.93174669327,59,WN02,WN02
1097,1098,0.0212494040178708,43.0053400791505,-76.0211047163033,43.0234478592514,-76.0110189497551,12.5873184958322,12.5660690918143,2010.87717583258,2010.89842523659,59,WN02,WN02
1098,287,0.709774763406701,43.0234478592514,-76.0110189497551,43.065677,-75.970685,13.2970932592389,12.5873184958322,2010.89842523659,2011.6082,59,WN02,WN02
1098,288,0.690574763406699,43.0234478592514,-76.0110189497551,43.023457,-76.105917,13.2778932592389,12.5873184958322,2010.89842523659,2011.589,59,WN02,WN02
1099,1100,0.182355364670901,42.9636945738606,-76.022026707153,42.7897365692434,-76.0517471299529,12.8029953171818,12.6206399525109,2010.93174669327,2011.11410205794,59,WN02,WN02
1099,1101,0.0237503821574503,42.9636945738606,-76.022026707153,43.0153640941246,-75.9760786566227,12.6443903346684,12.6206399525109,2010.93174669327,2010.95549707543,59,WN02,WN02
1100,290,0.529697942057201,42.7897365692434,-76.0517471299529,43.275789,-75.636567,13.332693259239,12.8029953171818,2011.11410205794,2011.6438,59,WN02,WN02
1100,289,0.589997942057099,42.7897365692434,-76.0517471299529,42.843208,-76.150686,13.3929932592389,12.8029953171818,2011.11410205794,2011.7041,59,WN02,WN02
1101,1102,0.657177735099699,43.0153640941246,-75.9760786566227,42.8233672508927,-75.4772873488093,13.3015680697681,12.6443903346684,2010.95549707543,2011.61267481053,59,WN02,WN02
1101,293,1.782202924571,43.0153640941246,-75.9760786566227,42.829033,-75.917992,14.4265932592394,12.6443903346684,2010.95549707543,2012.7377,59,WN02,WN02
1102,291,0.0476251894709403,42.8233672508927,-75.4772873488093,42.845925,-75.508713,13.349193259239,13.3015680697681,2011.61267481053,2011.6603,59,WN02,WN02
1102,292,0.0859251894708795,42.8233672508927,-75.4772873488093,43.588551,-75.800834,13.387493259239,13.3015680697681,2011.61267481053,2011.6986,59,WN02,WN02
1105,1106,0.830815913544001,42.2304465754245,-75.1208744925931,42.0853123968306,-74.5845976215902,5.54594910768514,4.71513319414113,2003.0262399349,2003.85705584845,59,WN02,WN02
1105,301,1.632260065097,42.2304465754245,-75.1208744925931,42.993047,-78.179442,6.34739325923814,4.71513319414113,2003.0262399349,2004.6585,59,WN02,WN02
1106,296,3.723744151553,42.0853123968306,-74.5845976215902,40.611417,-73.479228,9.26969325923814,5.54594910768514,2003.85705584845,2007.5808,59,WN02,WN02
1106,1107,1.052170494019,42.0853123968306,-74.5845976215902,41.9212727657571,-74.5166969621662,6.59811960170414,5.54594910768514,2003.85705584845,2004.90922634246,59,WN02,WN02
1107,297,1.707173657534,41.9212727657571,-74.5166969621662,40.630137,-73.418095,8.30529325923814,6.59811960170414,2004.90922634246,2006.6164,59,WN02,WN02
1107,1108,1.30259201446,41.9212727657571,-74.5166969621662,42.0513545313476,-74.5129891003195,7.90071161616414,6.59811960170414,2004.90922634246,2006.21181835693,59,WN02,WN02
1108,300,4.166281643074,42.0513545313476,-74.5129891003195,32.723008,-112.808465,12.0669932592381,7.90071161616414,2006.21181835693,2010.3781,59,WN02,WN02
1108,1109,0.00143106332180132,42.0513545313476,-74.5129891003195,42.052628502977,-74.5103070827416,7.90214267948594,7.90071161616414,2006.21181835693,2006.21324942025,59,WN02,WN02
1109,299,0.3730505797524,42.052628502977,-74.5103070827416,42.69299,-79.025215,8.27519325923834,7.90214267948594,2006.21324942025,2006.5863,59,WN02,WN02
1109,298,4.485350579752,42.052628502977,-74.5103070827416,42.614462,-73.701509,12.3874932592379,7.90214267948594,2006.21324942025,2010.6986,59,WN02,WN02
1126,315,3.680895965354,41.0792961074644,-73.3361428369425,41.050277,-73.459421,8.40119325923814,4.72029729388415,2003.03140403465,2006.7123,59,WN02,WN02
1126,1127,0.159661146639101,41.0792961074644,-73.3361428369425,41.0997002621582,-73.3921086096053,4.87995844052325,4.72029729388415,2003.03140403465,2003.19106518128,59,WN02,WN02
1127,313,0.4801348187152,41.0997002621582,-73.3921086096053,41.458789,-72.001053,5.36009325923845,4.87995844052325,2003.19106518128,2003.6712,59,WN02,WN02
1127,314,0.4418348187153,41.0997002621582,-73.3921086096053,41.072225,-73.387183,5.32179325923855,4.87995844052325,2003.19106518128,2003.6329,59,WN02,WN02
1131,1132,0.3072209352396,40.9772029175288,-73.9275661659033,40.7561683569002,-73.3623810698873,5.05892408749716,4.75170315225756,2003.06280989302,2003.37003082826,59,WN02,WN02
1131,331,1.693990106981,40.9772029175288,-73.9275661659033,40.783954,-73.94502,6.44569325923856,4.75170315225756,2003.06280989302,2004.7568,59,WN02,WN02
1132,1133,0.5150533924845,40.7561683569002,-73.3623810698873,40.6643911425356,-73.3343193459194,5.57397747998166,5.05892408749716,2003.37003082826,2003.88508422074,59,WN02,WN02
1132,330,1.220169171742,40.7561683569002,-73.3623810698873,40.619561,-73.495219,6.27909325923916,5.05892408749716,2003.37003082826,2004.5902,59,WN02,WN02
1133,322,0.8062157792571,40.6643911425356,-73.3343193459194,40.617177,-73.803726,6.38019325923876,5.57397747998166,2003.88508422074,2004.6913,59,WN02,WN02
1133,1134,1.051968199926,40.6643911425356,-73.3343193459194,40.6629273820623,-73.2876615637602,6.62594567990766,5.57397747998166,2003.88508422074,2004.93705242067,59,WN02,WN02
1134,323,0.643747579330899,40.6629273820623,-73.2876615637602,40.645344,-73.286398,7.26969325923855,6.62594567990766,2004.93705242067,2005.5808,59,WN02,WN02
1134,1135,0.1226763328466,40.6629273820623,-73.2876615637602,40.6662629416487,-73.2942487060109,6.74862201275426,6.62594567990766,2004.93705242067,2005.05972875352,59,WN02,WN02
1135,1136,0.0399548242288805,40.6662629416487,-73.2942487060109,40.6676003729495,-73.2896615091913,6.78857683698314,6.74862201275426,2005.05972875352,2005.09968357774,59,WN02,WN02
1135,1137,0.1992532992699,40.6662629416487,-73.2942487060109,40.5879660536669,-73.1831920077986,6.94787531202416,6.74862201275426,2005.05972875352,2005.25898205279,59,WN02,WN02
1136,324,0.664716422255498,40.6676003729495,-73.2896615091913,40.608608,-73.692838,7.45329325923863,6.78857683698314,2005.09968357774,2005.7644,59,WN02,WN02
1136,325,0.500316422255398,40.6676003729495,-73.2896615091913,41.042003,-72.09953,7.28889325923853,6.78857683698314,2005.09968357774,2005.6,59,WN02,WN02
1137,1138,0.0772015431333806,40.5879660536669,-73.1831920077986,40.8445571553481,-73.2444229659385,7.02507685515754,6.94787531202416,2005.25898205279,2005.33618359592,59,WN02,WN02
1137,329,1.376617947215,40.5879660536669,-73.1831920077986,42.989735,-78.967717,8.32449325923915,6.94787531202416,2005.25898205279,2006.6356,59,WN02,WN02
1138,1139,0.00804389946327255,40.8445571553481,-73.2444229659385,40.8359619454754,-73.272710385758,7.03312075462081,7.02507685515754,2005.33618359592,2005.34422749538,59,WN02,WN02
1138,328,0.285716404081199,40.8445571553481,-73.2444229659385,40.916146,-73.154627,7.31079325923874,7.02507685515754,2005.33618359592,2005.6219,59,WN02,WN02
1139,327,0.337972504617801,40.8359619454754,-73.272710385758,40.912462,-73.169889,7.37109325923861,7.03312075462081,2005.34422749538,2005.6822,59,WN02,WN02
1139,326,1.354372504618,40.8359619454754,-73.272710385758,40.62102,-73.418063,8.38749325923881,7.03312075462081,2005.34422749538,2006.6986,59,WN02,WN02
1144,336,0.401357814049399,41.0369840267422,-73.769455280534,41.348827,-73.902669,5.37929325923839,4.97793544518899,2003.28904218595,2003.6904,59,WN02,WN02
1144,335,1.243757814049,41.0369840267422,-73.769455280534,42.99437,-74.995225,6.22169325923799,4.97793544518899,2003.28904218595,2004.5328,59,WN02,WN02
1151,346,3.735084809091,40.6259494385255,-73.9736897673318,43.032014,-76.413939,11.316293259238,7.58120845014705,2005.89231519091,2009.6274,59,WN02,WN02
1151,1152,1.128523896771,40.6259494385255,-73.9736897673318,40.6666796359736,-73.5927433726944,8.70973234691805,7.58120845014705,2005.89231519091,2007.02083908768,59,WN02,WN02
1152,1155,0.0014729600501564,40.6666796359736,-73.5927433726944,40.6717951433502,-73.5774726754775,8.71120530696821,8.70973234691805,2007.02083908768,2007.02231204773,59,WN02,WN02
1152,1153,0.0678689843288307,40.6666796359736,-73.5927433726944,40.9418781475869,-73.5009259392232,8.77760133124688,8.70973234691805,2007.02083908768,2007.08870807201,59,WN02,WN02
1153,1154,0.318143909514299,40.9418781475869,-73.5009259392232,40.6015923767635,-73.9560733321743,9.09574524076118,8.77760133124688,2007.08870807201,2007.40685198152,59,WN02,WN02
1153,349,2.579791927991,40.9418781475869,-73.5009259392232,41.216757,-73.533255,11.3573932592379,8.77760133124688,2007.08870807201,2009.6685,59,WN02,WN02
1154,347,0.2369480184765,40.6015923767635,-73.9560733321743,40.561539,-73.903076,9.33269325923768,9.09574524076118,2007.40685198152,2007.6438,59,WN02,WN02
1154,348,2.324648018477,40.6015923767635,-73.9560733321743,40.581136,-73.564699,11.4203932592382,9.09574524076118,2007.40685198152,2009.7315,59,WN02,WN02
1155,1179,0.0305006225821902,40.6717951433502,-73.5774726754775,40.663339104205,-73.6074719380344,8.7417059295504,8.71120530696821,2007.02231204773,2007.05281267031,59,WN02,WN02
1155,1156,0.0655660713408306,40.6717951433502,-73.5774726754775,40.6509286706877,-73.6179208632849,8.77677137830904,8.71120530696821,2007.02231204773,2007.08787811907,59,WN02,WN02
1156,1159,0.7352462416167,40.6509286706877,-73.6179208632849,40.7774424193177,-73.4479587973911,9.51201761992574,8.77677137830904,2007.08787811907,2007.82312436069,59,WN02,WN02
1156,1157,0.8646904939033,40.6509286706877,-73.6179208632849,41.0773327953163,-73.1257715003626,9.64146187221234,8.77677137830904,2007.08787811907,2007.95256861297,59,WN02,WN02
1157,1158,1.270602844481,41.0773327953163,-73.1257715003626,41.1707261461446,-73.3784202238092,10.9120647166933,9.64146187221234,2007.95256861297,2009.22317145745,59,WN02,WN02
1157,350,3.633731387025,41.0773327953163,-73.1257715003626,43.111661,-75.287085,13.2751932592373,9.64146187221234,2007.95256861297,2011.5863,59,WN02,WN02
1158,351,1.275428542544,41.1707261461446,-73.3784202238092,41.225557,-74.028442,12.1874932592373,10.9120647166933,2009.22317145745,2010.4986,59,WN02,WN02
1158,352,0.445328542544299,41.1707261461446,-73.3784202238092,42.78396,-73.939658,11.3573932592376,10.9120647166933,2009.22317145745,2009.6685,59,WN02,WN02
1159,353,4.813475639312,40.7774424193177,-73.4479587973911,40.63121,-73.373712,14.3254932592377,9.51201761992574,2007.82312436069,2012.6366,59,WN02,WN02
1159,1160,0.234249504259401,40.7774424193177,-73.4479587973911,40.7800289257633,-73.4718158350068,9.74626712418514,9.51201761992574,2007.82312436069,2008.05737386495,59,WN02,WN02
1160,373,3.586426135053,40.7800289257633,-73.4718158350068,43.368433,-75.972204,13.3326932592381,9.74626712418514,2008.05737386495,2011.6438,59,WN02,WN02
1160,1161,1.145419686935,40.7800289257633,-73.4718158350068,40.7870445050758,-73.4593628176186,10.8916868111201,9.74626712418514,2008.05737386495,2009.20279355188,59,WN02,WN02
1161,1162,2.515789425951,40.7870445050758,-73.4593628176186,41.0251169569657,-73.6959177977731,13.4074762370711,10.8916868111201,2009.20279355188,2011.71858297783,59,WN02,WN02
1161,1163,1.126063594202,40.7870445050758,-73.4593628176186,40.7430903725128,-73.4672724003568,12.0177504053221,10.8916868111201,2009.20279355188,2010.32885714608,59,WN02,WN02
1162,354,0.926217022166799,41.0251169569657,-73.6959177977731,40.639745,-73.512789,14.3336932592379,13.4074762370711,2011.71858297783,2012.6448,59,WN02,WN02
1162,355,0.792317022166801,41.0251169569657,-73.6959177977731,41.289318,-73.972968,14.1997932592379,13.4074762370711,2011.71858297783,2012.5109,59,WN02,WN02
1163,1176,0.4789122569626,40.7430903725128,-73.4672724003568,40.796782927764,-73.5600171538033,12.4966626622847,12.0177504053221,2010.32885714608,2010.80776940305,59,WN02,WN02
1163,1164,0.0699567516693094,40.7430903725128,-73.4672724003568,40.7540261787817,-73.4271587514579,12.0877071569914,12.0177504053221,2010.32885714608,2010.39881389775,59,WN02,WN02
1164,356,3.179286102246,40.7540261787817,-73.4271587514579,40.946135,-73.683671,15.2669932592374,12.0877071569914,2010.39881389775,2013.5781,59,WN02,WN02
1164,1165,0.318153345951799,40.7540261787817,-73.4271587514579,40.7762246732583,-73.5332007129226,12.4058605029432,12.0877071569914,2010.39881389775,2010.7169672437,59,WN02,WN02
1165,1174,0.0501034038978094,40.7762246732583,-73.5332007129226,40.7797592004701,-73.6443536804378,12.4559639068411,12.4058605029432,2010.7169672437,2010.7670706476,59,WN02,WN02
1165,1166,0.0580688820648501,40.7762246732583,-73.5332007129226,40.7675795575606,-73.5188989157995,12.4639293850081,12.4058605029432,2010.7169672437,2010.77503612577,59,WN02,WN02
1166,1168,0.0929709448090108,40.7675795575606,-73.5188989157995,40.7795284267307,-73.4608251928247,12.5569003298171,12.4639293850081,2010.77503612577,2010.86800707058,59,WN02,WN02
1166,1167,0.8584044256824,40.7675795575606,-73.5188989157995,40.7738097967728,-73.46109558775,13.3223338106905,12.4639293850081,2010.77503612577,2011.63344055145,59,WN02,WN02
1167,358,1.003159448547,40.7738097967728,-73.46109558775,40.640405,-73.356505,14.3254932592375,13.3223338106905,2011.63344055145,2012.6366,59,WN02,WN02
1167,357,0.9895594485474,40.7738097967728,-73.46109558775,41.372513,-74.645967,14.3118932592379,13.3223338106905,2011.63344055145,2012.623,59,WN02,WN02
1168,1170,0.00980552422790737,40.7795284267307,-73.4608251928247,40.7792549200437,-73.4660758844503,12.566705854045,12.5569003298171,2010.86800707058,2010.87781259481,59,WN02,WN02
1168,1169,4.637920675956,40.7795284267307,-73.4608251928247,42.8391973132143,-75.8925163066298,17.1948210057731,12.5569003298171,2010.86800707058,2015.50592774653,59,WN02,WN02
1169,359,0.085872253464391,42.8391973132143,-75.8925163066298,42.896677,-76.136616,17.2806932592375,17.1948210057731,2015.50592774653,2015.5918,59,WN02,WN02
1169,360,0.1625722534645,42.8391973132143,-75.8925163066298,43.316724,-76.022395,17.3573932592376,17.1948210057731,2015.50592774653,2015.6685,59,WN02,WN02
1170,361,1.684987405193,40.7792549200437,-73.4660758844503,40.656453,-73.182252,14.251693259238,12.566705854045,2010.87781259481,2012.5628,59,WN02,WN02
1170,1171,0.00301743189186432,40.7792549200437,-73.4660758844503,40.8676786909209,-73.6358103062272,12.5697232859369,12.566705854045,2010.87781259481,2010.8808300267,59,WN02,WN02
1171,365,1.668369973301,40.8676786909209,-73.6358103062272,40.613622,-73.616911,14.2380932592379,12.5697232859369,2010.8808300267,2012.5492,59,WN02,WN02
1171,1172,0.0253705415472094,40.8676786909209,-73.6358103062272,40.8596076167944,-73.6077620538069,12.5950938274841,12.5697232859369,2010.8808300267,2010.90620056825,59,WN02,WN02
1172,364,2.630799431754,40.8596076167944,-73.6077620538069,40.935558,-73.700017,15.2258932592381,12.5950938274841,2010.90620056825,2013.537,59,WN02,WN02
1172,1173,0.2126384744081,40.8596076167944,-73.6077620538069,40.910600857078,-73.7496030107137,12.8077323018922,12.5950938274841,2010.90620056825,2011.11883904265,59,WN02,WN02
1173,363,2.651060957346,40.910600857078,-73.7496030107137,41.041033,-72.099378,15.4587932592382,12.8077323018922,2011.11883904265,2013.7699,59,WN02,WN02
1173,362,1.621560957346,40.910600857078,-73.7496030107137,41.138227,-74.208986,14.4292932592382,12.8077323018922,2011.11883904265,2012.7404,59,WN02,WN02
1174,1175,0.0617674249933895,40.7797592004701,-73.6443536804378,40.8712116040502,-73.5181002132338,12.5177313318344,12.4559639068411,2010.7670706476,2010.8288380726,59,WN02,WN02
1174,368,1.683729352397,40.7797592004701,-73.6443536804378,29.78511,-95.071076,14.1396932592381,12.4559639068411,2010.7670706476,2012.4508,59,WN02,WN02
1175,366,1.865161927403,40.8712116040502,-73.5181002132338,40.87642,-73.762368,14.3828932592374,12.5177313318344,2010.8288380726,2012.694,59,WN02,WN02
1175,367,1.774961927403,40.8712116040502,-73.5181002132338,40.644134,-73.298655,14.2926932592374,12.5177313318344,2010.8288380726,2012.6038,59,WN02,WN02
1176,1177,0.5825851762903,40.796782927764,-73.5600171538033,40.6218346505766,-73.1357418587964,13.079247838575,12.4966626622847,2010.80776940305,2011.39035457934,59,WN02,WN02
1176,369,2.718230596953,40.796782927764,-73.5600171538033,40.641118,-73.482182,15.2148932592377,12.4966626622847,2010.80776940305,2013.526,59,WN02,WN02
1177,372,4.223345420663,40.6218346505766,-73.1357418587964,41.554196,-74.077243,17.302593259238,13.079247838575,2011.39035457934,2015.6137,59,WN02,WN02
1177,1178,0.508971836554,40.6218346505766,-73.1357418587964,40.6053779776853,-73.1852429597117,13.588219675129,13.079247838575,2011.39035457934,2011.89932641589,59,WN02,WN02
1178,371,1.697973584109,40.6053779776853,-73.1852429597117,43.658376,-75.944059,15.286193259238,13.588219675129,2011.89932641589,2013.5973,59,WN02,WN02
1178,370,1.640373584109,40.6053779776853,-73.1852429597117,40.651277,-73.296377,15.228593259238,13.588219675129,2011.89932641589,2013.5397,59,WN02,WN02
1179,1180,0.827233715679601,40.663339104205,-73.6074719380344,40.8998300398141,-73.5838570636556,9.56893964523,8.7417059295504,2007.05281267031,2007.88004638599,59,WN02,WN02
1179,381,0.621187329687199,40.663339104205,-73.6074719380344,40.765551,-73.946791,9.36289325923759,8.7417059295504,2007.05281267031,2007.674,59,WN02,WN02
1180,1181,2.843130867485,40.8998300398141,-73.5838570636556,41.1417897596994,-73.5562295053819,12.412070512715,9.56893964523,2007.88004638599,2010.72317725348,59,WN02,WN02
1180,1182,2.914045130141,40.8998300398141,-73.5838570636556,33.5973069126712,-96.7965975322848,12.482984775371,9.56893964523,2007.88004638599,2010.79409151613,59,WN02,WN02
1181,375,1.765922746523,41.1417897596994,-73.5562295053819,29.691534,-94.983769,14.177993259238,12.412070512715,2010.72317725348,2012.4891,59,WN02,WN02
1181,374,1.817822746523,41.1417897596994,-73.5562295053819,41.458106,-74.415059,14.229893259238,12.412070512715,2010.72317725348,2012.541,59,WN02,WN02
1182,1183,0.00326238411673252,33.5973069126712,-96.7965975322848,33.1839457746715,-96.8836768105028,12.4862471594877,12.482984775371,2010.79409151613,2010.79735390025,59,WN02,WN02
1182,1185,0.06268232161732,33.5973069126712,-96.7965975322848,33.5574447531016,-96.7566688394447,12.5456670969883,12.482984775371,2010.79409151613,2010.85677383775,59,WN02,WN02
1183,1184,0.0421136466311296,33.1839457746715,-96.8836768105028,33.1481809857835,-96.8638870065839,12.5283608061189,12.4862471594877,2010.79735390025,2010.83946754688,59,WN02,WN02
1183,376,1.62884609975,33.1839457746715,-96.8836768105028,33.121911,-96.673682,14.1150932592377,12.4862471594877,2010.79735390025,2012.4262,59,WN02,WN02
1184,378,1.663232453118,33.1481809857835,-96.8638870065839,32.779748,-96.540402,14.1915932592369,12.5283608061189,2010.83946754688,2012.5027,59,WN02,WN02
1184,377,1.666032453118,33.1481809857835,-96.8638870065839,29.769034,-95.085169,14.1943932592369,12.5283608061189,2010.83946754688,2012.5055,59,WN02,WN02
1185,379,1.645926162249,33.5574447531016,-96.7566688394447,32.845782,-96.945603,14.1915932592373,12.5456670969883,2010.85677383775,2012.5027,59,WN02,WN02
1185,380,1.643226162249,33.5574447531016,-96.7566688394447,30.270884,-95.149072,14.1888932592373,12.5456670969883,2010.85677383775,2012.5,59,WN02,WN02
1189,383,0.539227093259498,41.0044217564983,-73.6767061870951,41.438432,-73.778454,5.26149325923792,4.72226616597843,2003.03337290674,2003.5726,59,WN02,WN02
1189,384,0.539227093259498,41.0044217564983,-73.6767061870951,40.849371,-72.480275,5.26149325923792,4.72226616597843,2003.03337290674,2003.5726,59,WN02,WN02
1194,390,1.401526557143,41.145065267479,-73.8467191598431,40.636987,-73.84771,8.34919325923845,6.94766670209544,2005.25877344286,2006.6603,59,WN02,WN02
1194,389,0.409726557143001,41.145065267479,-73.8467191598431,41.195326,-73.978134,7.35739325923845,6.94766670209544,2005.25877344286,2005.6685,59,WN02,WN02
1212,400,1.783358268299,38.3423230765978,-121.528482276121,38.369157,-121.133381,7.33269325923777,5.54933499093877,2003.8604417317,2005.6438,59,WN02,WN02
1212,1213,0.0125770212098502,38.3423230765978,-121.528482276121,38.3288145977395,-121.548219547956,5.56191201214862,5.54933499093877,2003.8604417317,2003.87301875291,59,WN02,WN02
1213,1223,1.180392975562,38.3288145977395,-121.548219547956,39.7938616786634,-122.237697807005,6.74230498771062,5.56191201214862,2003.87301875291,2005.05341172847,59,WN02,WN02
1213,1214,0.0726142263938812,38.3288145977395,-121.548219547956,38.3445558271201,-121.541475268412,5.6345262385425,5.56191201214862,2003.87301875291,2003.9456329793,59,WN02,WN02
1214,1222,0.3551718015215,38.3445558271201,-121.541475268412,38.3703498939976,-121.502460198142,5.989698040064,5.6345262385425,2003.9456329793,2004.30080478083,59,WN02,WN02
1214,1215,1.310345892899,38.3445558271201,-121.541475268412,38.4330430258577,-121.544532404906,6.9448721314415,5.6345262385425,2003.9456329793,2005.2559788722,59,WN02,WN02
1215,1216,0.1540492815551,38.4330430258577,-121.544532404906,38.4205266489799,-121.435269509535,7.0989214129966,6.9448721314415,2005.2559788722,2005.41002815376,59,WN02,WN02
1215,1217,4.037055153668,38.4330430258577,-121.544532404906,38.4271246516474,-121.803661223136,10.9819272851095,6.9448721314415,2005.2559788722,2009.29303402587,59,WN02,WN02
1216,402,2.321471846242,38.4205266489799,-121.435269509535,38.624509,-121.532551,9.4203932592386,7.0989214129966,2005.41002815376,2007.7315,59,WN02,WN02
1216,401,5.696771846241,38.4205266489799,-121.435269509535,40.715409,-122.194637,12.7956932592376,7.0989214129966,2005.41002815376,2011.1068,59,WN02,WN02
1217,1220,0.872126003061799,38.4271246516474,-121.803661223136,38.4732024495752,-121.462651258513,11.8540532881713,10.9819272851095,2009.29303402587,2010.16516002893,59,WN02,WN02
1217,1218,0.188493779469701,38.4271246516474,-121.803661223136,38.4884969042796,-121.225680450286,11.1704210645792,10.9819272851095,2009.29303402587,2009.48152780534,59,WN02,WN02
1218,1219,0.00685433397089774,38.4884969042796,-121.225680450286,38.4970409262448,-121.233147877139,11.1772753985501,11.1704210645792,2009.48152780534,2009.48838213931,59,WN02,WN02
1218,403,1.540372194659,38.4884969042796,-121.225680450286,38.487352,-121.157491,12.7107932592382,11.1704210645792,2009.48152780534,2011.0219,59,WN02,WN02
1219,405,1.533517860688,38.4970409262448,-121.233147877139,38.709632,-121.348969,12.7107932592381,11.1772753985501,2009.48838213931,2011.0219,59,WN02,WN02
1219,404,1.533517860688,38.4970409262448,-121.233147877139,38.039693,-121.869078,12.7107932592381,11.1772753985501,2009.48838213931,2011.0219,59,WN02,WN02
1220,1221,0.2547737832372,38.4732024495752,-121.462651258513,38.5521596808632,-121.225378346477,12.1088270714085,11.8540532881713,2010.16516002893,2010.41993381217,59,WN02,WN02
1220,406,0.8567399710664,38.4732024495752,-121.462651258513,38.646796,-121.276375,12.7107932592377,11.8540532881713,2010.16516002893,2011.0219,59,WN02,WN02
1221,407,0.6019661878292,38.5521596808632,-121.225378346477,38.034661,-121.846575,12.7107932592377,12.1088270714085,2010.41993381217,2011.0219,59,WN02,WN02
1221,408,1.278666187829,38.5521596808632,-121.225378346477,38.902919,-121.766251,13.3874932592375,12.1088270714085,2010.41993381217,2011.6986,59,WN02,WN02
1222,409,0.5516952191741,38.3703498939976,-121.502460198142,38.475477,-121.432454,6.5413932592381,5.989698040064,2004.30080478083,2004.8525,59,WN02,WN02
1222,410,3.263595219174,38.3703498939976,-121.502460198142,40.579809,-121.755933,9.253293259238,5.989698040064,2004.30080478083,2007.5644,59,WN02,WN02
1223,1227,0.3095752445219,39.7938616786634,-122.237697807005,39.6398991772155,-121.964378247655,7.05188023223252,6.74230498771062,2005.05341172847,2005.36298697299,59,WN02,WN02
1223,1224,0.792624964713699,39.7938616786634,-122.237697807005,40.8081589423404,-121.939841224467,7.53492995242432,6.74230498771062,2005.05341172847,2005.84603669319,59,WN02,WN02
1224,414,1.715563306813,40.8081589423404,-121.939841224467,40.964618,-121.617005,9.25049325923732,7.53492995242432,2005.84603669319,2007.5616,59,WN02,WN02
1224,1225,1.136125956259,40.8081589423404,-121.939841224467,40.8163683867641,-121.951193391232,8.67105590868332,7.53492995242432,2005.84603669319,2006.98216264944,59,WN02,WN02
1225,1226,0.0351196546508596,40.8163683867641,-121.951193391232,37.897641578234,-122.066545030981,8.70617556333418,8.67105590868332,2006.98216264944,2007.0172823041,59,WN02,WN02
1225,411,0.5794373505541,40.8163683867641,-121.951193391232,40.781593,-121.382234,9.25049325923742,8.67105590868332,2006.98216264944,2007.5616,59,WN02,WN02
1226,412,1.611117695903,37.897641578234,-122.066545030981,37.943873,-121.951916,10.3172932592372,8.70617556333418,2007.0172823041,2008.6284,59,WN02,WN02
1226,413,1.545517695903,37.897641578234,-122.066545030981,38.330853,-121.042361,10.2516932592372,8.70617556333418,2007.0172823041,2008.5628,59,WN02,WN02
1227,415,0.2178130270051,39.6398991772155,-121.964378247655,39.679158,-122.055211,7.26969325923762,7.05188023223252,2005.36298697299,2005.5808,59,WN02,WN02
1227,416,3.123313027005,39.6398991772155,-121.964378247655,38.040525,-121.845016,10.1751932592375,7.05188023223252,2005.36298697299,2008.4863,59,WN02,WN02
1230,419,1.35952876309,37.7933310554332,-121.463167449859,37.851241,-121.641437,10.8696932592387,9.51016449614871,2007.82127123691,2009.1808,59,WN02,WN02
1230,418,4.00062876309,37.7933310554332,-121.463167449859,33.844599,-118.264242,13.5107932592387,9.51016449614871,2007.82127123691,2011.8219,59,WN02,WN02
1231,421,1.677357802323,38.2708895568438,-121.316311664786,38.258597,-121.281015,7.17929325923891,5.50193545691591,2003.81304219768,2005.4904,59,WN02,WN02
1231,420,1.828057802323,38.2708895568438,-121.316311664786,38.043503,-121.859189,7.32999325923891,5.50193545691591,2003.81304219768,2005.6411,59,WN02,WN02
1237,429,0.253710542417299,38.7381813796652,-121.704810812601,38.508622,-121.487359,7.25329325923835,6.99958271682106,2005.31068945758,2005.5644,59,WN02,WN02
1237,430,0.223510542417399,38.7381813796652,-121.704810812601,38.710291,-121.889668,7.22309325923846,6.99958271682106,2005.31068945758,2005.5342,59,WN02,WN02
1245,434,0.587144858462501,32.8946943982532,-117.509191339635,32.773258,-117.235201,6.22719325923837,5.64004840077587,2003.95115514154,2004.5383,59,WN02,WN02
1245,433,0.3330448584626,32.8946943982532,-117.509191339635,33.533466,-117.24635,5.97309325923847,5.64004840077587,2003.95115514154,2004.2842,59,WN02,WN02
1248,435,0.1631848382223,37.8386675261491,-122.278518633999,37.717829,-122.475198,5.68889325923851,5.52570842101621,2003.83681516178,2004,59,WN02,WN02
1248,436,0.769784838222401,37.8386675261491,-122.278518633999,38.041034,-121.870735,6.29549325923861,5.52570842101621,2003.83681516178,2004.6066,59,WN02,WN02
1249,437,1.25143725006,33.4713094262306,-115.314362186024,33.379605,-115.727397,6.18889325923841,4.93745600917841,2003.24856274994,2004.5,59,WN02,WN02
1249,438,1.07383725006,33.4713094262306,-115.314362186024,33.456065,-114.788924,6.01129325923841,4.93745600917841,2003.24856274994,2004.3224,59,WN02,WN02
1251,442,0.1062676581081,32.8362904010932,-115.027728580901,33.22027,-115.821645,5.22309325923817,5.11682560113007,2003.42793234189,2003.5342,59,WN02,WN02
1251,441,0.202167658108101,32.8362904010932,-115.027728580901,32.996495,-114.503042,5.31899325923817,5.11682560113007,2003.42793234189,2003.6301,59,WN02,WN02
1256,448,2.505659371209,33.8558208704369,-118.343677654218,33.748049,-118.120816,9.2724932592384,6.7668338880294,2005.07794062879,2007.5836,59,WN02,WN02
1256,1257,0.037393140887108,33.8558208704369,-118.343677654218,33.8626590184935,-118.329265535668,6.8042270289165,6.7668338880294,2005.07794062879,2005.11533376968,59,WN02,WN02
1257,1258,0.048405730182731,33.8626590184935,-118.329265535668,33.8699352547619,-118.3456882551,6.85263275909923,6.8042270289165,2005.11533376968,2005.16373949986,59,WN02,WN02
1257,445,0.5339662303221,33.8626590184935,-118.329265535668,34.750507,-118.316942,7.3381932592386,6.8042270289165,2005.11533376968,2005.6493,59,WN02,WN02
1258,447,0.4033605001393,33.8699352547619,-118.3456882551,34.202684,-115.297559,7.25599325923853,6.85263275909923,2005.16373949986,2005.5671,59,WN02,WN02
1258,446,2.630760500139,33.8699352547619,-118.3456882551,33.740462,-118.138053,9.48339325923823,6.85263275909923,2005.16373949986,2007.7945,59,WN02,WN02
1261,1262,0.0740882372928713,33.7161641159611,-116.692138482434,33.7622382341042,-114.797461052017,6.8571807073535,6.78309247006062,2005.09419921082,2005.16828744811,59,WN02,WN02
1261,453,0.368800789178101,33.7161641159611,-116.692138482434,33.765293,-116.677169,7.15189325923873,6.78309247006062,2005.09419921082,2005.463,59,WN02,WN02
1262,451,0.3166125518852,33.7622382341042,-114.797461052017,34.961144,-115.341713,7.1737932592387,6.8571807073535,2005.16828744811,2005.4849,59,WN02,WN02
1262,452,0.2372125518853,33.7622382341042,-114.797461052017,33.676462,-114.86499,7.0943932592388,6.8571807073535,2005.16828744811,2005.4055,59,WN02,WN02
1265,460,1.151356968797,33.5900041810501,-116.709263031037,33.739279,-118.139914,6.24899325923895,5.09763629044195,2003.4087430312,2004.5601,59,WN02,WN02
1265,1266,0.465476310139,33.5900041810501,-116.709263031037,33.5044413278399,-116.853955240733,5.56311260058095,5.09763629044195,2003.4087430312,2003.87421934134,59,WN02,WN02
1266,459,0.7705806586577,33.5044413278399,-116.853955240733,33.499691,-116.753776,6.33369325923865,5.56311260058095,2003.87421934134,2004.6448,59,WN02,WN02
1266,458,4.857980658658,33.5044413278399,-116.853955240733,33.68405,-115.722342,10.4210932592389,5.56311260058095,2003.87421934134,2008.7322,59,WN02,WN02
1284,1285,1.208794137278,42.5677041371094,-74.0721226677297,42.5292009347899,-73.8105149808005,6.76779164019733,5.55899750291933,2003.87010424368,2005.07889838096,59,WN02,WN02
1284,476,2.65589575632,42.5677041371094,-74.0721226677297,42.684126,-77.578201,8.21489325923933,5.55899750291933,2003.87010424368,2006.526,59,WN02,WN02
1285,480,0.4581016190412,42.5292009347899,-73.8105149808005,42.68173,-73.98659,7.22589325923853,6.76779164019733,2005.07889838096,2005.537,59,WN02,WN02
1285,1286,0.137090283551199,42.5292009347899,-73.8105149808005,42.7133848852334,-73.6419858624396,6.90488192374853,6.76779164019733,2005.07889838096,2005.21598866451,59,WN02,WN02
1286,1287,0.1147952262885,42.7133848852334,-73.6419858624396,42.886912836153,-73.7884501457221,7.01967715003703,6.90488192374853,2005.21598866451,2005.3307838908,59,WN02,WN02
1286,477,0.444311335490001,42.7133848852334,-73.6419858624396,42.723384,-73.287088,7.34919325923853,6.90488192374853,2005.21598866451,2005.6603,59,WN02,WN02
1287,479,1.310316109202,42.886912836153,-73.7884501457221,42.576298,-74.19349,8.32999325923903,7.01967715003703,2005.3307838908,2006.6411,59,WN02,WN02
1287,478,0.367816109201401,42.886912836153,-73.7884501457221,42.765922,-73.778416,7.38749325923843,7.01967715003703,2005.3307838908,2005.6986,59,WN02,WN02
1289,1290,1.261579324713,41.0243869983084,-74.0215478422471,41.1180197114072,-74.0936850289464,7.24311522713833,5.98153590242533,2004.29264264319,2005.5542219679,59,WN02,WN02
1289,482,1.216957356813,41.0243869983084,-74.0215478422471,43.033449,-78.72166,7.19849325923833,5.98153590242533,2004.29264264319,2005.5096,59,WN02,WN02
1290,483,0.144378032099702,41.1180197114072,-74.0936850289464,41.129326,-74.049365,7.38749325923803,7.24311522713833,2005.5542219679,2005.6986,59,WN02,WN02
1290,484,0.996478032099802,41.1180197114072,-74.0936850289464,40.57871,-74.054349,8.23959325923813,7.24311522713833,2005.5542219679,2006.5507,59,WN02,WN02
1292,485,0.3024107632918,40.73550111558,-73.696692812094,40.882375,-73.768142,8.29159325923818,7.98918249594638,2006.30028923671,2006.6027,59,WN02,WN02
1292,486,0.3052107632918,40.73550111558,-73.696692812094,40.645137,-73.375527,8.29439325923818,7.98918249594638,2006.30028923671,2006.6055,59,WN02,WN02
1302,1303,0.259250336406099,40.6302174024233,-72.3730913761487,40.561748669191,-72.7652557394064,8.168116894231,7.9088665578249,2006.21997329859,2006.47922363499,59,WN02,WN02
1302,494,0.360826701413899,40.6302174024233,-72.3730913761487,41.041322,-72.098978,8.2696932592388,7.9088665578249,2006.21997329859,2006.5808,59,WN02,WN02
1303,495,0.0906763650077202,40.561748669191,-72.7652557394064,40.656219,-73.180752,8.25879325923872,8.168116894231,2006.47922363499,2006.5699,59,WN02,WN02
1303,496,0.1317763650079,40.561748669191,-72.7652557394064,42.616962,-76.79611,8.2998932592389,8.168116894231,2006.47922363499,2006.611,59,WN02,WN02
1315,1316,0.0781925177477998,40.8156515522036,-73.9590358996964,40.8496316986868,-73.8119156441444,5.61065346214824,5.53246094440044,2003.84356768516,2003.92176020291,59,WN02,WN02
1315,505,0.8586323148378,40.8156515522036,-73.9590358996964,40.592552,-74.112386,6.39109325923824,5.53246094440044,2003.84356768516,2004.7022,59,WN02,WN02
1316,506,0.684839797090101,40.8496316986868,-73.8119156441444,41.2416,-74.181022,6.29549325923834,5.61065346214824,2003.92176020291,2004.6066,59,WN02,WN02
1316,507,0.82413979709,40.8496316986868,-73.8119156441444,40.843452,-73.787768,6.43479325923824,5.61065346214824,2003.92176020291,2004.7459,59,WN02,WN02
1317,1318,0.994062482056099,40.8259279585279,-74.0372025285817,43.0774983113231,-78.7494045525445,5.71146859395724,4.71740611190114,2003.02851285266,2004.02257533472,59,WN02,WN02
1317,511,1.659987147338,40.8259279585279,-74.0372025285817,40.590896,-73.835794,6.37739325923914,4.71740611190114,2003.02851285266,2004.6885,59,WN02,WN02
1318,508,1.676024665281,43.0774983113231,-78.7494045525445,42.995832,-78.95007,7.38749325923824,5.71146859395724,2004.02257533472,2005.6986,59,WN02,WN02
1318,1319,2.268852757802,43.0774983113231,-78.7494045525445,43.0110410102639,-78.9029058767393,7.98032135175924,5.71146859395724,2004.02257533472,2006.29142809252,59,WN02,WN02
1319,510,1.308571907479,43.0110410102639,-78.9029058767393,43.057564,-78.960849,9.28889325923824,7.98032135175924,2006.29142809252,2007.6,59,WN02,WN02
1319,509,1.270171907479,43.0110410102639,-78.9029058767393,43.201488,-78.636179,9.25049325923824,7.98032135175924,2006.29142809252,2007.5616,59,WN02,WN02
1322,513,3.668847575637,40.8625892039356,-73.9141885412044,44.048648,-76.360404,8.39569325923826,4.72684568360126,2003.03795242436,2006.7068,59,WN02,WN02
1322,1323,2.043419266781,40.8625892039356,-73.9141885412044,40.9759940865789,-73.950685405926,6.77026495038226,4.72684568360126,2003.03795242436,2005.08137169114,59,WN02,WN02
1323,514,0.5241283088562,40.9759940865789,-73.950685405926,40.876142,-73.849294,7.29439325923846,6.77026495038226,2005.08137169114,2005.6055,59,WN02,WN02
1323,1324,0.0248502806255004,40.9759940865789,-73.950685405926,40.998641940027,-73.8394449365146,6.79511523100776,6.77026495038226,2005.08137169114,2005.10622197177,59,WN02,WN02
1324,1327,0.04705044251304,40.998641940027,-73.8394449365146,40.8007676369516,-73.8660232860051,6.8421656735208,6.79511523100776,2005.10622197177,2005.15327241428,59,WN02,WN02
1324,1325,0.0987655653280104,40.998641940027,-73.8394449365146,40.9242756565914,-73.7241240933314,6.89388079633577,6.79511523100776,2005.10622197177,2005.2049875371,59,WN02,WN02
1325,1326,0.1194852873931,40.9242756565914,-73.7241240933314,40.8784786449111,-73.8515886011952,7.01336608372887,6.89388079633577,2005.2049875371,2005.32447282449,59,WN02,WN02
1325,517,0.362112462902701,40.9242756565914,-73.7241240933314,40.93481,-73.701223,7.25599325923847,6.89388079633577,2005.2049875371,2005.5671,59,WN02,WN02
1326,516,0.275527175509598,40.8784786449111,-73.8515886011952,40.878258,-73.805168,7.28889325923847,7.01336608372887,2005.32447282449,2005.6,59,WN02,WN02
1326,515,0.382327175509598,40.8784786449111,-73.8515886011952,41.223637,-74.060374,7.39569325923847,7.01336608372887,2005.32447282449,2005.7068,59,WN02,WN02
1327,518,0.4659275857178,40.8007676369516,-73.8660232860051,40.85941,-73.785224,7.3080932592386,6.8421656735208,2005.15327241428,2005.6192,59,WN02,WN02
1327,519,0.589227585717799,40.8007676369516,-73.8660232860051,40.61873,-73.879056,7.4313932592386,6.8421656735208,2005.15327241428,2005.7425,59,WN02,WN02
1340,532,1.562232545181,43.2370602119726,-78.6878039889995,43.23472,-78.969965,10.3036932592397,8.74146071405871,2007.05256745482,2008.6148,59,WN02,WN02
1340,533,1.63323254518,43.2370602119726,-78.6878039889995,42.935371,-78.490907,10.3746932592387,8.74146071405871,2007.05256745482,2008.6858,59,WN02,WN02
1342,536,5.789002394678,41.2142397771463,-72.5063318151588,41.039738,-72.098748,11.3546932592389,5.56569086456087,2003.87679760532,2009.6658,59,WN02,WN02
1342,1343,0.0786487999701393,41.2142397771463,-72.5063318151588,43.1467544014839,-78.8032595423286,5.64433966453101,5.56569086456087,2003.87679760532,2003.95544640529,59,WN02,WN02
1343,1344,0.298607435883701,43.1467544014839,-78.8032595423286,43.1537441837567,-78.7838749541794,5.94294710041471,5.64433966453101,2003.95544640529,2004.25405384118,59,WN02,WN02
1343,539,1.044553594708,43.1467544014839,-78.8032595423286,29.769394,-95.07607,6.68889325923901,5.64433966453101,2003.95544640529,2005,59,WN02,WN02
1344,538,2.384346158824,43.1537441837567,-78.7838749541794,43.178277,-78.871732,8.32729325923871,5.94294710041471,2004.25405384118,2006.6384,59,WN02,WN02
1344,537,3.485646158824,43.1537441837567,-78.7838749541794,42.944474,-77.700098,9.42859325923871,5.94294710041471,2004.25405384118,2007.7397,59,WN02,WN02
1352,546,7.70185392436,43.346166036736,-79.0392840035427,29.637943,-94.951736,14.3281932592386,6.62633933487863,2004.93744607564,2012.6393,59,WN02,WN02
1352,545,0.67075392436,43.346166036736,-79.0392840035427,43.203752,-78.661431,7.29709325923863,6.62633933487863,2004.93744607564,2005.6082,59,WN02,WN02
1367,558,4.115687313277,42.7178632633869,-77.4433021704045,43.486496,-76.202533,13.3737932592382,9.25810594596125,2007.56921268672,2011.6849,59,SW03,SW03
1367,559,1.048287313277,42.7178632633869,-77.4433021704045,41.429858,-74.305182,10.3063932592382,9.25810594596125,2007.56921268672,2008.6175,59,SW03,SW03
1368,561,3.597852766493,41.8396116835099,-74.2797865912582,40.618776,-73.867114,12.3956932592382,8.79784049274525,2007.10894723351,2010.7068,59,SW03,SW03
1368,560,2.559552766493,41.8396116835099,-74.2797865912582,42.632175,-73.99548,11.3573932592382,8.79784049274525,2007.10894723351,2009.6685,59,SW03,SW03
1371,565,0.779920346381401,31.9067913327527,-106.785093881381,31.9119578609387,-106.729270718177,10.3773932592388,9.59747291285745,2007.90857965362,2008.6885,59,SW03,SW03
1371,1372,0.0395646267871594,31.9067913327527,-106.785093881381,31.9056025523495,-106.899341242275,9.63703753964461,9.59747291285745,2007.90857965362,2007.94814428041,59,SW03,SW03
1372,563,0.7021557195943,31.9056025523495,-106.899341242275,31.928666,-106.156314,10.3391932592389,9.63703753964461,2007.94814428041,2008.6503,59,SW03,SW03
1372,564,1.660055719594,31.9056025523495,-106.899341242275,31.7173504014157,-106.721059886105,11.2970932592386,9.63703753964461,2007.94814428041,2009.6082,59,SW03,SW03
1373,566,0.0320745070204804,42.3222285185892,-76.2443542068368,42.358393,-76.281856,9.32729325923893,9.29521875221845,2007.60632549298,2007.6384,59,SW03,SW03
1373,567,0.0374745070204892,42.3222285185892,-76.2443542068368,40.625373,-73.813833,9.33269325923894,9.29521875221845,2007.60632549298,2007.6438,59,SW03,SW03
1382,570,1.776355237463,38.4620584585034,-108.371417151668,29.689632,-94.976371,8.68889325923817,6.91253802177517,2005.22364476254,2007,59,SW03,SW03
1382,569,1.414755237464,38.4620584585034,-108.371417151668,42.059572,-79.194949,8.32729325923917,6.91253802177517,2005.22364476254,2006.6384,59,SW03,SW03
1383,578,3.759764582595,38.0287814176409,-108.588689580084,40.597653,-73.602172,9.39029325923917,5.63052867664416,2003.94163541741,2007.7014,59,SW03,SW03
1383,1384,1.184630889903,38.0287814176409,-108.588689580084,35.7209543331578,-103.998960049032,6.81515956654717,5.63052867664416,2003.94163541741,2005.12626630731,59,SW03,SW03
1384,1389,2.554215951792,35.7209543331578,-103.998960049032,33.6901152952725,-112.818600843945,9.36937551833917,6.81515956654717,2005.12626630731,2007.6804822591,59,SW03,SW03
1384,1385,0.081475569941901,35.7209543331578,-103.998960049032,31.8125493141578,-106.201849191673,6.89663513648907,6.81515956654717,2005.12626630731,2005.20774187725,59,SW03,SW03
1385,1386,0.0306485193407493,31.8125493141578,-106.201849191673,31.8135609862342,-106.236388148476,6.92728365582982,6.89663513648907,2005.20774187725,2005.23839039659,59,SW03,SW03
1385,575,2.26625812275,31.8125493141578,-106.201849191673,31.687562,-106.175348,9.16289325923907,6.89663513648907,2005.20774187725,2007.474,59,SW03,SW03
1386,1387,0.5862733610695,31.8135609862342,-106.236388148476,31.7985518539339,-106.174711581866,7.51355701689932,6.92728365582982,2005.23839039659,2005.82466375766,59,SW03,SW03
1386,574,1.421909603409,31.8135609862342,-106.236388148476,31.969056,-106.361663,8.34919325923882,6.92728365582982,2005.23839039659,2006.6603,59,SW03,SW03
1387,571,1.79173624234,31.7985518539339,-106.174711581866,31.576269,-106.034857,9.30529325923932,7.51355701689932,2005.82466375766,2007.6164,59,SW03,SW03
1387,1388,2.05050000527,31.7985518539339,-106.174711581866,31.7683311563993,-106.581981027917,9.56405702216932,7.51355701689932,2005.82466375766,2007.87516376293,59,SW03,SW03
1388,573,2.78783623707,31.7683311563993,-106.581981027917,31.779515,-106.527614,12.3518932592393,9.56405702216932,2007.87516376293,2010.663,59,SW03,SW03
1388,572,6.54403623707,31.7683311563993,-106.581981027917,33.333104,-112.170039,16.1080932592393,9.56405702216932,2007.87516376293,2014.4192,59,SW03,SW03
1389,576,6.9743177409,33.6901152952725,-112.818600843945,33.431671,-112.321247,16.3436932592392,9.36937551833917,2007.6804822591,2014.6548,59,SW03,SW03
1389,577,0.0839177409001497,33.6901152952725,-112.818600843945,33.554546,-114.882177,9.45329325923931,9.36937551833917,2007.6804822591,2007.7644,59,SW03,SW03
1408,1411,2.558896111713,33.9658260122348,-117.566480885776,35.1978442586652,-117.934300384548,9.56182832417883,7.00293221246583,2005.31403895323,2007.87293506494,59,SW03,SW03
1408,1409,0.00338328085718231,33.9658260122348,-117.566480885776,33.8930135683691,-117.59813178202,7.00631549332301,7.00293221246583,2005.31403895323,2005.31742223408,59,SW03,SW03
1409,1410,0.6107119902018,33.8930135683691,-117.59813178202,33.8562659904683,-117.837027473578,7.61702748352481,7.00631549332301,2005.31742223408,2005.92813422429,59,SW03,SW03
1409,593,2.383977765915,33.8930135683691,-117.59813178202,34.827052,-118.666547,9.39029325923801,7.00631549332301,2005.31742223408,2007.7014,59,SW03,SW03
1410,594,2.631965775714,33.8562659904683,-117.837027473578,33.742925,-118.162839,10.2489932592388,7.61702748352481,2005.92813422429,2008.5601,59,SW03,SW03
1410,595,1.430765775714,33.8562659904683,-117.837027473578,33.751977,-118.160366,9.04779325923881,7.61702748352481,2005.92813422429,2007.3589,59,SW03,SW03
1411,1412,0.0226512729480106,35.1978442586652,-117.934300384548,35.189915905466,-117.820521641021,9.58447959712684,9.56182832417883,2007.87293506494,2007.89558633789,59,SW03,SW03
1411,600,1.064264935059,35.1978442586652,-117.934300384548,35.644115,-119.059064,10.6260932592378,9.56182832417883,2007.87293506494,2008.9372,59,SW03,SW03
1412,1414,0.000515592741741955,35.189915905466,-117.820521641021,35.2145107975157,-117.931528328155,9.58499518986858,9.58447959712684,2007.89558633789,2007.89610193063,59,SW03,SW03
1412,1413,0.1496177692303,35.189915905466,-117.820521641021,35.077022513117,-117.731057510382,9.73409736635714,9.58447959712684,2007.89558633789,2008.04520410712,59,SW03,SW03
1413,597,0.9766958928811,35.077022513117,-117.731057510382,33.760326,-116.146488,10.7107932592382,9.73409736635714,2008.04520410712,2009.0219,59,SW03,SW03
1413,596,2.976695892881,35.077022513117,-117.731057510382,35.77008,-118.91445,12.7107932592381,9.73409736635714,2008.04520410712,2011.0219,59,SW03,SW03
1414,599,0.8743980693697,35.2145107975157,-117.931528328155,35.187598,-118.022807,10.4593932592383,9.58499518986858,2007.89610193063,2008.7705,59,SW03,SW03
1414,598,0.5901980693697,35.2145107975157,-117.931528328155,35.266084,-118.334001,10.1751932592383,9.58499518986858,2007.89610193063,2008.4863,59,SW03,SW03
1417,602,0.994684264839201,33.4760817304157,-112.397904773374,33.417541,-112.127544,5.68889325923862,4.69420899439942,2003.00531573516,2004,59,SW03,SW03
1417,1418,0.8595443618826,33.4760817304157,-112.397904773374,33.9449699962109,-115.829508064015,5.55375335628202,4.69420899439942,2003.00531573516,2003.86486009704,59,SW03,SW03
1418,1419,1.444586314464,33.9449699962109,-115.829508064015,33.7514904549251,-115.747237147463,6.99833967074602,5.55375335628202,2003.86486009704,2005.30944641151,59,SW03,SW03
1418,603,2.806339902957,33.9449699962109,-115.829508064015,32.061272,-113.176568,8.36009325923902,5.55375335628202,2003.86486009704,2006.6712,59,SW03,SW03
1419,1420,0.542232262647101,33.7514904549251,-115.747237147463,33.6588466252767,-115.750728761007,7.54057193339312,6.99833967074602,2005.30944641151,2005.85167867415,59,SW03,SW03
1419,604,0.5426535884923,33.7514904549251,-115.747237147463,33.589985,-116.817307,7.54099325923832,6.99833967074602,2005.30944641151,2005.8521,59,SW03,SW03
1420,605,2.913321325845,33.6588466252767,-115.750728761007,33.528235,-114.951352,10.4538932592381,7.54057193339312,2005.85167867415,2008.765,59,SW03,SW03
1420,1421,3.475755205905,33.6588466252767,-115.750728761007,32.8045558415733,-115.253123939195,11.0163271392981,7.54057193339312,2005.85167867415,2009.32743388006,59,SW03,SW03
1421,607,1.25336611994,32.8045558415733,-115.253123939195,32.64267,-112.949501,12.2696932592381,11.0163271392981,2009.32743388006,2010.5808,59,SW03,SW03
1421,606,0.373966119939499,32.8045558415733,-115.253123939195,32.966758,-115.155158,11.3902932592376,11.0163271392981,2009.32743388006,2009.7014,59,SW03,SW03
1422,608,1.460207311677,39.8617322527894,-118.852905434548,39.554608,-117.909717,8.23139325923892,6.77118594756192,2005.08229268832,2006.5425,59,SW03,SW03
1422,1423,0.560645191949,39.8617322527894,-118.852905434548,38.4820317335519,-121.833287425776,7.33183113951092,6.77118594756192,2005.08229268832,2005.64293788027,59,SW03,SW03
1423,1424,2.268295832109,38.4820317335519,-121.833287425776,38.4607957974253,-121.711508236764,9.60012697161992,7.33183113951092,2005.64293788027,2007.91123371238,59,SW03,SW03
1423,609,3.007362119728,38.4820317335519,-121.833287425776,38.572394,-121.852283,10.3391932592389,7.33183113951092,2005.64293788027,2008.6503,59,SW03,SW03
1424,1425,0.1372970626434,38.4607957974253,-121.711508236764,38.0808472987607,-121.954999709133,9.73742403426332,9.60012697161992,2007.91123371238,2008.04853077502,59,SW03,SW03
1424,613,1.735366287619,38.4607957974253,-121.711508236764,40.888979,-122.040991,11.3354932592389,9.60012697161992,2007.91123371238,2009.6466,59,SW03,SW03
1425,612,1.578869224976,38.0808472987607,-121.954999709133,37.956998,-121.965751,11.3162932592393,9.73742403426332,2008.04853077502,2009.6274,59,SW03,SW03
1425,1426,0.0523326005582803,38.0808472987607,-121.954999709133,37.9133513437851,-121.664853157257,9.7897566348216,9.73742403426332,2008.04853077502,2008.10086337558,59,SW03,SW03
1426,611,1.471736624417,37.9133513437851,-121.664853157257,37.976738,-121.715873,11.2614932592386,9.7897566348216,2008.10086337558,2009.5726,59,SW03,SW03
1426,610,1.079936624418,37.9133513437851,-121.664853157257,37.974658,-121.82233,10.8696932592396,9.7897566348216,2008.10086337558,2009.1808,59,SW03,SW03
1438,629,0.4803298231994,43.1425880505365,-77.5877262670446,43.296081,-78.192468,7.35189325923911,6.87156343603971,2005.1826701768,2005.663,59,SW03,SW03
1438,628,0.2118298231995,43.1425880505365,-77.5877262670446,43.06257,-77.463707,7.08339325923921,6.87156343603971,2005.1826701768,2005.3945,59,SW03,SW03
1447,641,4.998618418971,29.5898429972245,-95.1503318726486,29.764867,-95.075699,14.2790932592387,9.28047484026775,2007.59158158103,2012.5902,59,SW03,SW03
1447,640,3.019418418971,29.5898429972245,-95.1503318726486,40.654605,-73.295675,12.2998932592387,9.28047484026775,2007.59158158103,2010.611,59,SW03,SW03
1451,646,0.754705399615101,43.0060268672218,-78.6240755174072,42.979849,-77.144672,6.26269325923855,5.50798785962344,2003.81909460038,2004.5738,59,SW03,SW03
1451,1452,0.673339487662201,43.0060268672218,-78.6240755174072,43.1238576839148,-79.112902566232,6.18132734728565,5.50798785962344,2003.81909460038,2004.49243408805,59,SW03,SW03
1452,643,2.137665911953,43.1238576839148,-79.112902566232,43.141287,-78.946486,8.31899325923865,6.18132734728565,2004.49243408805,2006.6301,59,SW03,SW03
1452,1453,1.757943007473,43.1238576839148,-79.112902566232,42.6642180769852,-74.1301808865709,7.93927035475864,6.18132734728565,2004.49243408805,2006.25037709552,59,SW03,SW03
1453,645,2.40532290448,42.6642180769852,-74.1301808865709,42.718025,-74.021768,10.3445932592386,7.93927035475864,2006.25037709552,2008.6557,59,SW03,SW03
1453,644,1.31672290448,42.6642180769852,-74.1301808865709,48.606378,-107.747997,9.25599325923864,7.93927035475864,2006.25037709552,2007.5671,59,SW03,SW03
1455,1457,0.517268760148101,47.9294299484752,-107.592433398628,34.804133069863,-114.966162881648,9.54479439551535,9.02752563536725,2007.33863237613,2007.85590113628,59,SW03,SW03
1455,1456,0.682932987988499,47.9294299484752,-107.592433398628,47.8563207818036,-107.272169315888,9.71045862335574,9.02752563536725,2007.33863237613,2008.02156536412,59,SW03,SW03
1456,648,1.622234635883,47.8563207818036,-107.272169315888,47.812101,-107.727608,11.3326932592387,9.71045862335574,2008.02156536412,2009.6438,59,SW03,SW03
1456,649,1.627734635883,47.8563207818036,-107.272169315888,43.067832,-75.979534,11.3381932592387,9.71045862335574,2008.02156536412,2009.6493,59,SW03,SW03
1457,651,3.694798863724,34.804133069863,-114.966162881648,34.852111,-115.076518,13.2395932592393,9.54479439551535,2007.85590113628,2011.5507,59,SW03,SW03
1457,650,2.738598863724,34.804133069863,-114.966162881648,32.625986,-112.505782,12.2833932592393,9.54479439551535,2007.85590113628,2010.5945,59,SW03,SW03
1465,1466,0.440231833073501,40.76224921087,-73.9405212023113,40.7404565624326,-73.9155152522221,9.72763008033745,9.28739824726395,2007.59850498802,2008.0387368211,59,WN02,WN02
1465,657,4.028895011975,40.76224921087,-73.9405212023113,41.071014,-72.093023,13.316293259239,9.28739824726395,2007.59850498802,2011.6274,59,WN02,WN02
1466,658,1.933863178901,40.7404565624326,-73.9155152522221,38.753857,-76.095655,11.6614932592384,9.72763008033745,2008.0387368211,2009.9726,59,WN02,WN02
1466,1467,1.245993810689,40.7404565624326,-73.9155152522221,40.6002699039455,-73.3838276845962,10.9736238910265,9.72763008033745,2008.0387368211,2009.28473063179,59,WN02,WN02
1467,660,2.433069368213,40.6002699039455,-73.3838276845962,43.155699,-76.40463,13.4066932592395,10.9736238910265,2009.28473063179,2011.7178,59,WN02,WN02
1467,659,3.398369368213,40.6002699039455,-73.3838276845962,40.62078,-73.419641,14.3719932592395,10.9736238910265,2009.28473063179,2012.6831,59,WN02,WN02
1481,673,1.38263773769,40.6073661228703,-73.5637982413335,40.620845,-73.418722,8.25329325923837,6.87065552154837,2005.18176226231,2006.5644,59,WN02,WN02
1481,674,1.54973773769,40.6073661228703,-73.5637982413335,40.996207,-73.643966,8.42039325923837,6.87065552154837,2005.18176226231,2006.7315,59,WN02,WN02
1499,1500,2.215366149729,41.3235385425035,-73.6554732655015,41.2151979005875,-73.6184310206128,6.92788966908916,4.71252351936016,2003.02363026012,2005.23899640985,59,WN02,WN02
1499,691,1.408069739879,41.3235385425035,-73.6554732655015,42.840737,-78.327979,6.12059325923916,4.71252351936016,2003.02363026012,2004.4317,59,WN02,WN02
1500,693,0.454203590149399,41.2151979005875,-73.6184310206128,41.357658,-73.701187,7.38209325923856,6.92788966908916,2005.23899640985,2005.6932,59,WN02,WN02
1500,692,0.503503590149501,41.2151979005875,-73.6184310206128,40.878185,-73.762106,7.43139325923866,6.92788966908916,2005.23899640985,2005.7425,59,WN02,WN02
1509,701,0.2877411560304,40.5103460300442,-72.9157375969136,40.6138,-73.588843,11.3436932592392,11.0559521032088,2009.36705884397,2009.6548,59,WN02,WN02
1509,702,0.279541156030399,40.5103460300442,-72.9157375969136,40.772828,-72.752675,11.3354932592392,11.0559521032088,2009.36705884397,2009.6466,59,WN02,WN02
1513,708,2.547075299421,40.5728081321325,-73.1552393103479,42.136541,-79.614471,7.32729325923917,4.78021795981817,2003.09132470058,2005.6384,59,WN02,WN02
1513,707,4.508675299421,40.5728081321325,-73.1552393103479,40.63753,-73.356814,9.28889325923917,4.78021795981817,2003.09132470058,2007.6,59,WN02,WN02
1522,714,6.837826792356,43.0659501849006,-73.8073758956559,42.618493,-73.901675,12.321793259239,5.483966466883,2003.79507320764,2010.6329,59,WN02,WN02
1522,713,5.892626792356,43.0659501849006,-73.8073758956559,42.984783,-78.99706,11.376593259239,5.483966466883,2003.79507320764,2009.6877,59,WN02,WN02
1530,723,2.260828280213,40.9451417140669,-73.5490748571149,40.942015,-73.705446,9.28619325923834,7.02536497902534,2005.33647171979,2007.5973,59,WN02,WN02
1530,722,1.269028280213,40.9451417140669,-73.5490748571149,43.105424,-76.28748,8.29439325923834,7.02536497902534,2005.33647171979,2006.6055,59,WN02,WN02
1535,1536,1.857346992754,44.6391873217731,-95.8385535615223,43.056202723441,-97.5827627149249,8.66630477907197,6.80895778631797,2005.12006452708,2006.97741151983,59,WN02,WN02
1535,728,3.48103547292,44.6391873217731,-95.8385535615223,45.002162,-96.042895,10.289993259238,6.80895778631797,2005.12006452708,2008.6011,59,WN02,WN02
1536,729,1.028088480166,43.056202723441,-97.5827627149249,42.988207,-97.608231,9.69439325923797,8.66630477907197,2006.97741151983,2008.0055,59,WN02,WN02
1536,730,0.0225884801655702,43.056202723441,-97.5827627149249,29.718089,-95.035004,8.68889325923754,8.66630477907197,2006.97741151983,2007,59,WN02,WN02
1549,745,4.661193646967,42.4832334035582,-77.9719184946976,41.073054,-72.348466,14.2516932592392,9.59049961227224,2007.90160635303,2012.5628,59,WN02,WN02
1549,744,3.640893646967,42.4832334035582,-77.9719184946976,42.548813,-79.073124,13.2313932592392,9.59049961227224,2007.90160635303,2011.5425,59,WN02,WN02
1551,747,2.041559332994,33.1888619286726,-95.9335045979479,29.805522,-95.088808,10.6888932592385,8.64733392624454,2006.95844066701,2009,59,WN02,WN02
1551,746,1.678159332994,33.1888619286726,-95.9335045979479,47.505293,-100.897202,10.3254932592385,8.64733392624454,2006.95844066701,2008.6366,59,WN02,WN02
1552,748,5.720940987713,42.5551517414078,-77.8195361610624,43.018226,-78.980556,11.3354932592385,5.61455227152554,2003.92565901229,2009.6466,59,WN02,WN02
1552,1553,0.396033998857401,42.5551517414078,-77.8195361610624,42.4569503962246,-77.8126309999523,6.01058627038294,5.61455227152554,2003.92565901229,2004.32169301114,59,WN02,WN02
1553,750,8.416006988855,42.4569503962246,-77.8126309999523,42.7187,-73.765455,14.4265932592379,6.01058627038294,2004.32169301114,2012.7377,59,WN02,WN02
1553,749,2.341306988855,42.4569503962246,-77.8126309999523,42.602432,-77.592568,8.35189325923794,6.01058627038294,2004.32169301114,2006.663,59,WN02,WN02
1563,755,1.432582601215,41.0814075659897,-73.5637472759921,42.016269,-79.417939,8.29159325923807,6.85901065802307,2005.17011739878,2006.6027,59,WN02,WN02
1563,756,3.384482601215,41.0814075659897,-73.5637472759921,40.946631,-73.68379,10.2434932592381,6.85901065802307,2005.17011739878,2008.5546,59,WN02,WN02
