node1,node2,length,startLat,startLon,endLat,endLon,endNodeL,startNodeL,startYear,endYear,treeID
106,107,1.72281072838557,28.7690774824079,114.546012073654,27.1225781037112,115.207450199757,1.72281072838557,0,1990.47772955528,1992.20054028367,1281800000
106,208,9.49491063163844,28.7690774824079,114.546012073654,37.7910076081271,118.594639208269,9.49491063163844,0,1990.47772955528,1999.97264018692,1281800000
107,169,2.32202295923285,27.1225781037112,115.207450199757,27.4386984225038,114.604457433594,4.04483368761842,1.72281072838557,1992.20054028367,1994.5225632429,1281800000
107,108,6.15845808265899,27.1225781037112,115.207450199757,28.8479542174927,116.246871198317,7.88126881104456,1.72281072838557,1992.20054028367,1998.35899836632,1281800000
108,168,6.63502378799302,28.8479542174927,116.246871198317,31.2825450966872,121.249179135827,14.5162925990376,7.88126881104456,1998.35899836632,2004.99402215432,1281800000
108,109,0.858840725498492,28.8479542174927,116.246871198317,29.4063288854128,116.445234685549,8.74010953654305,7.88126881104456,1998.35899836632,1999.21783909182,1281800000
109,111,2.60729537882184,29.4063288854128,116.445234685549,34.3900681751474,113.513154085902,11.3474049153649,8.74010953654305,1999.21783909182,2001.82513447065,1281800000
109,110,7.41744852620816,29.4063288854128,116.445234685549,35.0543417946753,119.163394887953,16.1575580627512,8.74010953654305,1999.21783909182,2006.63528761803,1281800000
110,1,1.9272899373137,35.0543417946753,119.163394887953,37.2609913514823,118.513845101793,18.0848480000649,16.1575580627512,2006.63528761803,2008.56257755535,1281800000
110,2,1.94087586845128,35.0543417946753,119.163394887953,28.2338087519557,107.875575187934,18.0984339312025,16.1575580627512,2006.63528761803,2008.57616348648,1281800000
111,112,11.6912383416922,34.3900681751474,113.513154085902,33.4916714463744,107.678572647809,23.0386432570571,11.3474049153649,2001.82513447065,2013.51637281234,1281800000
111,123,0.300984491004574,34.3900681751474,113.513154085902,33.6944338632536,112.224741053777,11.6483894063695,11.3474049153649,2001.82513447065,2002.12611896165,1281800000
112,113,0.400078573325438,33.4916714463744,107.678572647809,33.5803452475366,107.707418837416,23.4387218303825,23.0386432570571,2013.51637281234,2013.91645138566,1281800000
112,120,3.76751240270944,33.4916714463744,107.678572647809,29.0331640788279,106.382411380715,26.8061556597665,23.0386432570571,2013.51637281234,2017.28388521505,1281800000
113,10,4.63835917051441,33.5803452475366,107.707418837416,31.4510930163273,107.883358819739,28.0770810008969,23.4387218303825,2013.91645138566,2018.55481055618,1281800000
113,114,1.738974728553,33.5803452475366,107.707418837416,33.743338486539,108.85750325279,25.1776965589355,23.4387218303825,2013.91645138566,2015.65542611422,1281800000
114,115,0.394947034924711,33.743338486539,108.85750325279,33.2764919103606,108.997330467283,25.5726435938602,25.1776965589355,2015.65542611422,2016.05037314914,1281800000
114,117,0.789967859741244,33.743338486539,108.85750325279,32.0364087858851,109.026981649102,25.9676644186768,25.1776965589355,2015.65542611422,2016.44539397396,1281800000
115,5,2.34140767277725,33.2764919103606,108.997330467283,29.8795991149077,103.462386974904,27.9140512666375,25.5726435938602,2016.05037314914,2018.39178082192,1281800000
115,116,1.09282756553731,33.2764919103606,108.997330467283,33.8808071164679,108.909476648712,26.6654711593975,25.5726435938602,2016.05037314914,2017.14320071468,1281800000
116,3,0.369128052445487,33.8808071164679,108.909476648712,36.3169145583467,115.140187211032,27.034599211843,26.6654711593975,2017.14320071468,2017.51232876712,1281800000
116,4,1.44310065518527,33.8808071164679,108.909476648712,40.6165494474047,106.670137798588,28.1085718145828,26.6654711593975,2017.14320071468,2018.58630136986,1281800000
117,6,2.5272087657689,32.0364087858851,109.026981649102,30.2071468329684,107.19307880342,28.4948731844457,25.9676644186768,2016.44539397396,2018.97260273973,1281800000
117,118,0.516336216774452,32.0364087858851,109.026981649102,31.7153272241898,108.924530857806,26.4840006354512,25.9676644186768,2016.44539397396,2016.96173019073,1281800000
118,9,1.31224241200831,31.7153272241898,108.924530857806,31.20945009639,113.032130509188,27.7962430474595,26.4840006354512,2016.96173019073,2018.27397260274,1281800000
118,119,0.531746460661869,31.7153272241898,108.924530857806,31.956306299371,109.11033822507,27.0157470961131,26.4840006354512,2016.96173019073,2017.49347665139,1281800000
119,8,2.15035896504492,31.956306299371,109.11033822507,37.6301300433478,114.838667907416,29.166106061158,27.0157470961131,2017.49347665139,2019.64383561644,1281800000
119,7,0.775016499291496,31.956306299371,109.11033822507,27.5355198964793,108.084239425035,27.7907635954046,27.0157470961131,2017.49347665139,2018.26849315068,1281800000
120,122,1.25714915459416,29.0331640788279,106.382411380715,27.9672661501736,115.483621834818,28.0633048143607,26.8061556597665,2017.28388521505,2018.54103436964,1281800000
120,121,0.12891958096082,29.0331640788279,106.382411380715,29.6498448005958,107.266884141907,26.9350752407273,26.8061556597665,2017.28388521505,2017.41280479601,1281800000
121,12,1.49678424508819,29.6498448005958,107.266884141907,28.2664060031832,109.185765716306,28.4318594858155,26.9350752407273,2017.41280479601,2018.9095890411,1281800000
121,11,0.943359587554041,29.6498448005958,107.266884141907,29.7546012840304,108.076088639417,27.8784348282814,26.9350752407273,2017.41280479601,2018.35616438356,1281800000
122,13,0.913760150906929,27.9672661501736,115.483621834818,24.470025460514,113.352960281349,28.9770649652676,28.0633048143607,2018.54103436964,2019.45479452055,1281800000
122,14,0.795951931728969,27.9672661501736,115.483621834818,26.9381665326553,116.488207894393,28.8592567460896,28.0633048143607,2018.54103436964,2019.33698630137,1281800000
123,124,2.99003803479183,33.6944338632536,112.224741053777,33.0956476748391,112.381328262736,14.6384274411613,11.6483894063695,2002.12611896165,2005.11615699644,1281800000
123,60,4.5341550109529,33.6944338632536,112.224741053777,34.2985910012469,105.982190638556,16.1825444173224,11.6483894063695,2002.12611896165,2006.6602739726,1281800000
124,125,3.39641854764252,33.0956476748391,112.381328262736,35.4624343210982,114.028247275627,18.0348459888038,14.6384274411613,2005.11615699644,2008.51257554408,1281800000
124,163,0.922516960197395,33.0956476748391,112.381328262736,33.2859438283661,111.418225979987,15.5609444013587,14.6384274411613,2005.11615699644,2006.03867395664,1281800000
125,126,2.26286260477651,35.4624343210982,114.028247275627,35.0401478803032,113.631473905564,20.2977085935803,18.0348459888038,2008.51257554408,2010.77543814886,1281800000
125,129,3.0289742371449,35.4624343210982,114.028247275627,33.4200357881525,114.195088621056,21.0638202259487,18.0348459888038,2008.51257554408,2011.54154978123,1281800000
126,18,0.224561851139365,35.0401478803032,113.631473905564,35.2784442647827,113.458394017469,20.5222704447197,20.2977085935803,2010.77543814886,2011,1281800000
126,127,0.131821544773153,35.0401478803032,113.631473905564,35.4250478898052,113.154739159514,20.4295301383535,20.2977085935803,2010.77543814886,2010.90725969363,1281800000
127,15,2.011558535315,35.4250478898052,113.154739159514,34.8067849549491,110.596223484232,22.4410886736685,20.4295301383535,2010.90725969363,2012.91881822895,1281800000
127,128,5.01214030269995,35.4250478898052,113.154739159514,34.571181855861,111.898825922872,25.4416704410534,20.4295301383535,2010.90725969363,2015.91939999633,1281800000
128,16,3.88607945572115,34.571181855861,111.898825922872,34.8934397554734,118.717250257498,29.3277498967746,25.4416704410534,2015.91939999633,2019.80547945205,1281800000
128,17,0.747266670333,34.571181855861,111.898825922872,33.0806891720881,111.479591414753,26.1889371113864,25.4416704410534,2015.91939999633,2016.66666666667,1281800000
129,143,0.535451801111146,33.4200357881525,114.195088621056,32.2575281904859,115.147108672674,21.5992720270599,21.0638202259487,2011.54154978123,2012.07700158234,1281800000
129,130,0.0778558500094455,33.4200357881525,114.195088621056,33.4802554036442,114.423342421757,21.1416760759582,21.0638202259487,2011.54154978123,2011.61940563124,1281800000
130,32,9.04726103542827,33.4802554036442,114.423342421757,34.4669775867438,115.833165693912,30.1889371113864,21.1416760759582,2011.61940563124,2020.66666666667,1281800000
130,131,2.17249161214495,33.4802554036442,114.423342421757,34.2860450767549,114.90259973993,23.3141676881031,21.1416760759582,2011.61940563124,2013.79189724338,1281800000
131,132,1.78019517816427,34.2860450767549,114.90259973993,34.9110655870776,115.334355365953,25.0943628662674,23.3141676881031,2013.79189724338,2015.57209242155,1281800000
131,135,1.09089531364795,34.2860450767549,114.90259973993,33.3191444532861,114.731544667823,24.4050630017511,23.3141676881031,2013.79189724338,2014.88279255703,1281800000
132,22,1.9347568935207,34.9110655870776,115.334355365953,34.9255496034889,114.32340735476,27.0291197597881,25.0943628662674,2015.57209242155,2017.50684931507,1281800000
132,133,2.18687464813585,34.9110655870776,115.334355365953,37.468678412819,112.704022613356,27.2812375144032,25.0943628662674,2015.57209242155,2017.75896706968,1281800000
133,19,0.583498683741128,37.468678412819,112.704022613356,37.5135476620612,112.519879878971,27.8647361981444,27.2812375144032,2017.75896706968,2018.34246575342,1281800000
133,134,0.313465404306021,37.468678412819,112.704022613356,37.4687444104341,113.232002488909,27.5947029187093,27.2812375144032,2017.75896706968,2018.07243247399,1281800000
134,21,2.19532708885198,37.4687444104341,113.232002488909,32.7869618925385,109.717623761835,29.7900300075612,27.5947029187093,2018.07243247399,2020.26775956284,1281800000
134,20,0.650855197243241,37.4687444104341,113.232002488909,37.5813591848452,113.253448888113,28.2455581159525,27.5947029187093,2018.07243247399,2018.72328767123,1281800000
135,140,0.739704272639855,33.3191444532861,114.731544667823,33.4956113031059,113.702543654962,25.1447672743909,24.4050630017511,2014.88279255703,2015.62249682967,1281800000
135,136,0.664574979285789,33.3191444532861,114.731544667823,32.6507080287944,114.406884931482,25.0696379810368,24.4050630017511,2014.88279255703,2015.54736753632,1281800000
136,137,1.8657383192541,32.6507080287944,114.406884931482,34.2050217499759,117.849016847637,26.9353763002909,25.0696379810368,2015.54736753632,2017.41310585557,1281800000
136,139,0.513028691357062,32.6507080287944,114.406884931482,32.3061278990393,114.4822554587,25.5826666723939,25.0696379810368,2015.54736753632,2016.06039622767,1281800000
137,138,1.64746120396815,34.2050217499759,117.849016847637,34.5413653181407,119.916923401379,28.5828375042591,26.9353763002909,2017.41310585557,2019.06056705954,1281800000
137,25,1.2416886649767,34.2050217499759,117.849016847637,34.0590558643673,117.020941849318,28.1770649652677,26.9353763002909,2017.41310585557,2018.65479452055,1281800000
138,23,1.62522529018744,34.5413653181407,119.916923401379,25.8586621616935,119.448065804059,30.2080627944465,28.5828375042591,2019.06056705954,2020.68579234973,1281800000
138,24,1.66074441587053,34.5413653181407,119.916923401379,33.9715172086831,119.582841925707,30.2435819201296,28.5828375042591,2019.06056705954,2020.72131147541,1281800000
139,27,1.18617911479158,32.3061278990393,114.4822554587,32.4489817825684,104.07554988651,26.7688457871855,25.5826666723939,2016.06039622767,2017.24657534247,1281800000
139,26,2.5094667860243,32.3061278990393,114.4822554587,32.0737918998499,117.857537419546,28.0921334584182,25.5826666723939,2016.06039622767,2018.5698630137,1281800000
140,31,1.98417651172568,33.4956113031059,113.702543654962,43.8519866424547,127.571044792263,27.1289437861166,25.1447672743909,2015.62249682967,2017.6066733414,1281800000
140,141,0.664255360639644,33.4956113031059,113.702543654962,33.983142386578,113.350574755516,25.8090226350306,25.1447672743909,2015.62249682967,2016.28675219031,1281800000
141,28,0.295215022803818,33.983142386578,113.350574755516,33.3959273236422,112.054742969224,26.1042376578344,25.8090226350306,2016.28675219031,2016.58196721311,1281800000
141,142,0.248486356536566,33.983142386578,113.350574755516,33.1040892407386,112.333700639486,26.0575089915671,25.8090226350306,2016.28675219031,2016.53523854685,1281800000
142,29,0.549692960001773,33.1040892407386,112.333700639486,33.6781618247619,112.527088289948,26.6072019515689,26.0575089915671,2016.53523854685,2017.08493150685,1281800000
142,30,0.549692960001773,33.1040892407386,112.333700639486,33.9845987200371,113.169604014827,26.6072019515689,26.0575089915671,2016.53523854685,2017.08493150685,1281800000
143,144,1.23053891970403,32.2575281904859,115.147108672674,32.0373746930648,116.31363143544,22.8298109467639,21.5992720270599,2012.07700158234,2013.30754050204,1281800000
143,53,7.26272444505715,32.2575281904859,115.147108672674,30.9642393061691,114.141672281028,28.861996472117,21.5992720270599,2012.07700158234,2019.3397260274,1281800000
144,148,0.174898137885687,32.0373746930648,116.31363143544,31.9339068294114,116.356252863565,23.0047090846496,22.8298109467639,2013.30754050204,2013.48243863993,1281800000
144,145,1.05875315004352,32.0373746930648,116.31363143544,32.9257189677434,116.006335727579,23.8885640968074,22.8298109467639,2013.30754050204,2014.36629365209,1281800000
145,36,5.32411730681635,32.9257189677434,116.006335727579,29.2837233790517,118.573532743072,29.2126814036238,23.8885640968074,2014.36629365209,2019.6904109589,1281800000
145,146,2.57283560379248,32.9257189677434,116.006335727579,36.064048545586,117.353841918387,26.4613997005999,23.8885640968074,2014.36629365209,2016.93912925588,1281800000
146,147,1.9153372783381,36.064048545586,117.353841918387,32.9703197717559,119.787614073133,28.376736978938,26.4613997005999,2016.93912925588,2018.85446653422,1281800000
146,33,1.4882680043937,36.064048545586,117.353841918387,33.2131146278468,111.884619979525,27.9496677049936,26.4613997005999,2016.93912925588,2018.42739726027,1281800000
147,34,0.564711547973527,32.9703197717559,119.787614073133,32.9451503170161,120.26968932271,28.9414485269115,28.376736978938,2018.85446653422,2019.41917808219,1281800000
147,35,0.559232095918585,32.9703197717559,119.787614073133,32.8629028199916,120.86865019547,28.9359690748566,28.376736978938,2018.85446653422,2019.41369863014,1281800000
148,149,1.07595529548965,31.9339068294114,116.356252863565,30.4986649388637,116.349435172887,24.0806643801392,23.0047090846496,2013.48243863993,2014.55839393542,1281800000
148,156,1.05249544122984,31.9339068294114,116.356252863565,32.9625625872345,115.299179350251,24.0572045258794,23.0047090846496,2013.48243863993,2014.53493408116,1281800000
149,153,2.34833877029324,30.4986649388637,116.349435172887,32.0403103408141,117.328759714184,26.4290031504325,24.0806643801392,2014.55839393542,2016.90673270571,1281800000
149,150,0.0197205549714337,30.4986649388637,116.349435172887,30.5250332880822,116.483967863017,24.1003849351107,24.0806643801392,2014.55839393542,2014.57811449039,1281800000
150,151,0.98093773105043,30.5250332880822,116.483967863017,28.0377575432179,117.423311836349,25.0813226661611,24.1003849351107,2014.57811449039,2015.55905222144,1281800000
150,152,4.59556904705525,30.5250332880822,116.483967863017,28.5123507555426,114.107220543561,28.6959539821659,24.1003849351107,2014.57811449039,2019.17368353745,1281800000
151,37,2.86012586075042,28.0377575432179,117.423311836349,29.3215515658769,120.156130428118,27.9414485269115,25.0813226661611,2015.55905222144,2018.41917808219,1281800000
151,38,4.12039983335301,28.0377575432179,117.423311836349,32.8735413424815,120.845804372263,29.2017224995141,25.0813226661611,2015.55905222144,2019.67945205479,1281800000
152,40,0.204398654334556,28.5123507555426,114.107220543561,28.4464744076925,112.606106480261,28.9003526365005,28.6959539821659,2019.17368353745,2019.37808219178,1281800000
152,39,0.379741120087931,28.5123507555426,114.107220543561,29.3507972744498,114.525682757261,29.0756951022538,28.6959539821659,2019.17368353745,2019.55342465753,1281800000
153,154,1.36481798107049,32.0403103408141,117.328759714184,32.0896372336062,116.567062247586,27.793821131503,26.4290031504325,2016.90673270571,2018.27155068678,1281800000
153,155,1.69621281004856,32.0403103408141,117.328759714184,30.5602995967172,119.107578853912,28.125215960481,26.4290031504325,2016.90673270571,2018.60294551576,1281800000
154,41,2.13282089791618,32.0896372336062,116.567062247586,25.0383587432402,118.279981205219,29.9266420294191,27.793821131503,2018.27155068678,2020.4043715847,1281800000
154,42,2.05905040611286,32.0896372336062,116.567062247586,34.7447940814529,116.427920965387,29.8528715376158,27.793821131503,2018.27155068678,2020.3306010929,1281800000
155,43,2.14295612358298,30.5602995967172,119.107578853912,31.1155791248969,119.745032504166,30.268172084064,28.125215960481,2018.60294551576,2020.74590163934,1281800000
155,44,2.03913098697082,30.5602995967172,119.107578853912,28.5019787359061,118.926196157337,30.1643469474518,28.125215960481,2018.60294551576,2020.64207650273,1281800000
156,157,1.43654269905984,32.9625625872345,115.299179350251,33.2120668205471,115.070889629672,25.4937472249393,24.0572045258794,2014.53493408116,2015.97147678022,1281800000
156,52,3.93355906952521,32.9625625872345,115.299179350251,32.4673192353743,114.375965526428,27.9907635954046,24.0572045258794,2014.53493408116,2018.46849315068,1281800000
157,158,0.934233065989054,33.2120668205471,115.070889629672,21.3600119007718,110.853612064382,26.4279802909283,25.4937472249393,2015.97147678022,2016.90570984621,1281800000
157,51,3.57646842525987,33.2120668205471,115.070889629672,33.9038909348512,113.86488082405,29.0702156501991,25.4937472249393,2015.97147678022,2019.54794520548,1281800000
158,160,0.970676255952672,21.3600119007718,110.853612064382,22.002644980463,110.308417262521,27.398656546881,26.4279802909283,2016.90570984621,2017.87638610216,1281800000
158,159,1.38480428240728,21.3600119007718,110.853612064382,21.7236843150361,110.338611779484,27.8127845733356,26.4279802909283,2016.90570984621,2018.29051412862,1281800000
159,46,1.01907491248003,21.7236843150361,110.338611779484,21.3142143647591,110.186273283174,28.8318594858156,27.8127845733356,2018.29051412862,2019.3095890411,1281800000
159,45,2.22314707356996,21.7236843150361,110.338611779484,21.2357739092863,110.217746310741,30.0359316469055,27.8127845733356,2018.29051412862,2020.51366120219,1281800000
160,161,0.00976797381485239,22.002644980463,110.308417262521,22.0404191121489,110.402967109827,27.4084245206958,27.398656546881,2017.87638610216,2017.88615407598,1281800000
160,47,2.08799745948261,22.002644980463,110.308417262521,22.9276759714183,109.689824113185,29.4866540063636,27.398656546881,2017.87638610216,2019.96438356164,1281800000
161,162,0.786527604095382,22.0404191121489,110.402967109827,25.2547173887164,113.210367875821,28.1949521247912,27.4084245206958,2017.88615407598,2018.67268168007,1281800000
161,50,1.55768154046212,22.0404191121489,110.402967109827,22.5030419849012,109.888700493236,28.9661060611579,27.4084245206958,2017.88615407598,2019.44383561644,1281800000
162,49,1.82731831992847,25.2547173887164,113.210367875821,23.3952372490648,114.314671742412,30.0222704447197,28.1949521247912,2018.67268168007,2020.5,1281800000
162,48,1.90108881173179,25.2547173887164,113.210367875821,22.7099354950872,110.667712170378,30.096040936523,28.1949521247912,2018.67268168007,2020.5737704918,1281800000
163,164,8.22490850244949,33.2859438283661,111.418225979987,36.4886675971233,111.419903186418,23.7858529038082,15.5609444013587,2006.03867395664,2014.26358245909,1281800000
163,166,1.5714684609019,33.2859438283661,111.418225979987,25.6667482890645,107.905769133328,17.1324128622606,15.5609444013587,2006.03867395664,2007.61014241754,1281800000
164,56,1.31723945871969,36.4886675971233,111.419903186418,35.2778642857276,113.083636981203,25.1030923625279,23.7858529038082,2014.26358245909,2015.58082191781,1281800000
164,165,3.41319823853986,36.4886675971233,111.419903186418,22.8256888679442,112.730004100398,27.199051142348,23.7858529038082,2014.26358245909,2017.67678069763,1281800000
165,55,0.791796118148601,22.8256888679442,112.730004100398,23.2307340221861,112.802781634771,27.9908472604966,27.199051142348,2017.67678069763,2018.46857681578,1281800000
165,54,0.333521329004863,22.8256888679442,112.730004100398,23.32198318633,112.827230060076,27.5325724713529,27.199051142348,2017.67678069763,2018.01030202663,1281800000
166,57,0.955841587637936,25.6667482890645,107.905769133328,26.1477803615586,108.273016388814,18.0882544498985,17.1324128622606,2007.61014241754,2008.56598400518,1281800000
166,167,0.868505178066782,25.6667482890645,107.905769133328,28.0558957520877,107.852803393396,18.0009180403274,17.1324128622606,2007.61014241754,2008.47864759561,1281800000
167,58,0.0518668067616819,28.0558957520877,107.852803393396,28.0819441249391,107.989706304811,18.052784847089,18.0009180403274,2008.47864759561,2008.53051440237,1281800000
167,59,0.0239771457096598,28.0558957520877,107.852803393396,28.1522001621361,107.984009664853,18.024895186037,18.0009180403274,2008.47864759561,2008.50262474132,1281800000
168,62,0.247118304285062,31.2825450966872,121.249179135827,30.8422486214183,121.134124462084,14.7634109033226,14.5162925990376,2004.99402215432,2005.2411404586,1281800000
168,61,0.711434601951211,31.2825450966872,121.249179135827,31.0472804180646,121.347918175506,15.2277272009888,14.5162925990376,2004.99402215432,2005.70545675627,1281800000
169,170,1.07639191617766,27.4386984225038,114.604457433594,27.8534565543351,115.491235686233,5.12122560379608,4.04483368761842,1994.5225632429,1995.59895515908,1281800000
169,195,4.77377359025598,27.4386984225038,114.604457433594,26.0965240307924,97.0609082206301,8.8186072778744,4.04483368761842,1994.5225632429,1999.29633683315,1281800000
170,194,8.70920455876734,27.8534565543351,115.491235686233,30.306202654984,121.990106884783,13.8304301625634,5.12122560379608,1995.59895515908,2004.30815971784,1281800000
170,171,15.574693963921,27.8534565543351,115.491235686233,28.9966149565084,110.558943151996,20.695919567717,5.12122560379608,1995.59895515908,2011.173649123,1281800000
171,63,8.57155635645477,28.9966149565084,110.558943151996,29.0172986421967,112.313202131779,29.2674759241718,20.695919567717,2011.173649123,2019.74520547945,1281800000
171,172,0.238434261750797,28.9966149565084,110.558943151996,30.8659155989848,112.17106173544,20.9343538294678,20.695919567717,2011.173649123,2011.41208338475,1281800000
172,187,0.509649378448913,30.8659155989848,112.17106173544,30.2178522311404,111.483156368529,21.4440032079167,20.9343538294678,2011.41208338475,2011.9217327632,1281800000
172,173,0.872111825740049,30.8659155989848,112.17106173544,24.4541572929958,115.977600996924,21.8064656552079,20.9343538294678,2011.41208338475,2012.28419521049,1281800000
173,176,0.546125557301377,24.4541572929958,115.977600996924,24.5877128031187,116.612269272399,22.3525912125093,21.8064656552079,2012.28419521049,2012.83032076779,1281800000
173,174,2.24682973730066,24.4541572929958,115.977600996924,23.8428788832309,114.280992149152,24.0532953925085,21.8064656552079,2012.28419521049,2014.53102494779,1281800000
174,175,0.793391517293835,23.8428788832309,114.280992149152,24.0236004054236,113.518776307897,24.8466869098024,24.0532953925085,2014.53102494779,2015.32441646508,1281800000
174,64,3.21692025769062,23.8428788832309,114.280992149152,33.8124777573324,116.380393509837,27.2702156501992,24.0532953925085,2014.53102494779,2017.74794520548,1281800000
175,66,3.61842271142255,24.0236004054236,113.518776307897,23.1312354133235,113.440231138389,28.4651096212249,24.8466869098024,2015.32441646508,2018.94283917651,1281800000
175,65,5.21656714147465,24.0236004054236,113.518776307897,21.0276089285098,110.466893590285,30.063254051277,24.8466869098024,2015.32441646508,2020.54098360656,1281800000
176,67,5.69296690344319,24.5877128031187,116.612269272399,25.6486670440576,119.416877420343,28.0455581159524,22.3525912125093,2012.83032076779,2018.52328767123,1281800000
176,177,1.46444484439244,24.5877128031187,116.612269272399,23.4431052184775,114.564071855993,23.8170360569017,22.3525912125093,2012.83032076779,2014.29476561218,1281800000
177,68,4.01756315494127,23.4431052184775,114.564071855993,23.0751949973069,115.065170617166,27.834599211843,23.8170360569017,2014.29476561218,2018.31232876712,1281800000
177,178,0.617295409386305,23.4431052184775,114.564071855993,25.5070772897885,114.303079890485,24.434331466288,23.8170360569017,2014.29476561218,2014.91206102157,1281800000
178,185,0.323183966767866,25.5070772897885,114.303079890485,30.9032796762929,119.690782545531,24.7575154330559,24.434331466288,2014.91206102157,2015.23524498834,1281800000
178,179,0.830742390054898,25.5070772897885,114.303079890485,26.1896720848723,114.27377053401,25.2650738563429,24.434331466288,2014.91206102157,2015.74280341162,1281800000
179,180,0.121637008395319,26.1896720848723,114.27377053401,26.4793849111772,114.92082284406,25.3867108647382,25.2650738563429,2015.74280341162,2015.86444042002,1281800000
179,75,3.95308699933579,26.1896720848723,114.27377053401,23.8652903144709,113.660449631155,29.2181608556787,25.2650738563429,2015.74280341162,2019.69589041096,1281800000
180,181,1.80391567119803,26.4793849111772,114.92082284406,24.8046796898308,117.443104475586,27.1906265359362,25.3867108647382,2015.86444042002,2017.66835609122,1281800000
180,184,2.90873444133099,26.4793849111772,114.92082284406,25.0417881017594,110.76950046235,28.2954453060692,25.3867108647382,2015.86444042002,2018.77317486135,1281800000
181,69,2.83710838965769,24.8046796898308,117.443104475586,20.2669180128668,110.088933670979,30.0277349255939,27.1906265359362,2017.66835609122,2020.50546448087,1281800000
181,182,0.894105742111961,24.8046796898308,117.443104475586,24.8403341298795,117.322443958897,28.0847322780482,27.1906265359362,2017.66835609122,2018.56246183333,1281800000
182,72,1.79546166393932,24.8403341298795,117.322443958897,24.8922162340112,117.902583349477,29.8801939419875,28.0847322780482,2018.56246183333,2020.35792349727,1281800000
182,183,0.727561849195833,24.8403341298795,117.322443958897,24.8556259683072,116.849204026578,28.812294127244,28.0847322780482,2018.56246183333,2019.29002368252,1281800000
183,71,1.32473041583631,24.8556259683072,116.849204026578,24.6875602616342,117.909947626824,30.1370245430803,28.812294127244,2019.29002368252,2020.61475409836,1281800000
183,70,1.05697085299476,24.8556259683072,116.849204026578,29.1611147924084,114.255454883171,29.8692649802388,28.812294127244,2019.29002368252,2020.34699453552,1281800000
184,74,0.963811440020293,25.0417881017594,110.76950046235,25.1401803447278,109.666642050017,29.2592567460895,28.2954453060692,2018.77317486135,2019.73698630137,1281800000
184,73,1.91534972881445,25.0417881017594,110.76950046235,23.6104101140134,105.642457507835,30.2107950348837,28.2954453060692,2018.77317486135,2020.68852459016,1281800000
185,186,2.32290868249933,30.9032796762929,119.690782545531,26.2143982127524,117.312811673034,27.0804241155552,24.7575154330559,2015.23524498834,2017.55815367084,1281800000
185,76,4.35927555960901,30.9032796762929,119.690782545531,32.1792135471558,120.384650472273,29.1167909926649,24.7575154330559,2015.23524498834,2019.59452054795,1281800000
186,78,1.80349016478089,26.2143982127524,117.312811673034,31.1269063934285,119.801071454115,28.8839142803361,27.0804241155552,2017.55815367084,2019.36164383562,1281800000
186,77,0.943216192178165,26.2143982127524,117.312811673034,26.2035936057905,116.68611640473,28.0236403077334,27.0804241155552,2017.55815367084,2018.50136986301,1281800000
187,188,1.46605065450392,30.2178522311404,111.483156368529,31.4197341368483,116.078882820494,22.9100538624207,21.4440032079167,2011.9217327632,2013.3877834177,1281800000
187,191,2.9930559856666,30.2178522311404,111.483156368529,30.5884915576514,112.425587446882,24.4370591935833,21.4440032079167,2011.9217327632,2014.91478874886,1281800000
188,190,1.15609151018124,31.4197341368483,116.078882820494,33.3348213426063,118.690517614826,24.0661453726019,22.9100538624207,2013.3877834177,2014.54387492788,1281800000
188,189,0.258219238845362,31.4197341368483,116.078882820494,28.6817355657648,109.829444082108,23.168273101266,22.9100538624207,2013.3877834177,2013.64600265655,1281800000
189,80,3.61427131605647,28.6817355657648,109.829444082108,21.7578010538302,101.430633069254,26.7825444173225,23.168273101266,2013.64600265655,2017.2602739726,1281800000
189,79,4.80605213797422,28.6817355657648,109.829444082108,22.3340572446295,110.188814751588,27.9743252392402,23.168273101266,2013.64600265655,2018.45205479452,1281800000
190,82,3.14105657896713,33.3348213426063,118.690517614826,33.1708540826527,117.396240016857,27.207201951569,24.0661453726019,2014.54387492788,2017.68493150685,1281800000
190,81,4.17667301732323,33.3348213426063,118.690517614826,32.6011715443388,119.890212848001,28.2428183899251,24.0661453726019,2014.54387492788,2018.72054794521,1281800000
191,86,3.68247152510889,30.5884915576514,112.425587446882,33.3218780768329,112.437201962931,28.1195307186922,24.4370591935833,2014.91478874886,2018.59726027397,1281800000
191,192,1.98654438074776,30.5884915576514,112.425587446882,24.2226876828002,105.680925602044,26.4236035743311,24.4370591935833,2014.91478874886,2016.90133312961,1281800000
192,193,1.15599415934293,24.2226876828002,105.680925602044,24.6242153292993,104.04622965568,27.579597733674,26.4236035743311,2016.90133312961,2018.05732728895,1281800000
192,85,1.6775738155278,24.2226876828002,105.680925602044,24.0621885330083,104.127404128598,28.1011773898589,26.4236035743311,2016.90133312961,2018.57890694514,1281800000
193,84,0.468915229784804,24.6242153292993,104.04622965568,23.6635385554322,104.555399074959,28.0485129634588,27.579597733674,2018.05732728895,2018.52624251874,1281800000
193,83,0.461635678677678,24.6242153292993,104.04622965568,25.0372348283514,104.509381623112,28.0412334123517,27.579597733674,2018.05732728895,2018.51896296763,1281800000
194,88,1.02710572182533,30.306202654984,121.990106884783,30.9296053043794,121.037826735659,14.8575358843887,13.8304301625634,2004.30815971784,2005.33526543967,1281800000
194,87,1.22588325417238,30.306202654984,121.990106884783,31.2171010327392,121.715114692749,15.0563134167358,13.8304301625634,2004.30815971784,2005.53404297202,1281800000
195,196,2.95757908261468,26.0965240307924,97.0609082206301,27.0775119962531,98.6905757282683,11.7761863604891,8.8186072778744,1999.29633683315,2002.25391591577,1281800000
195,89,6.02919645572823,26.0965240307924,97.0609082206301,25.6404321647253,99.3125955725015,14.8478037336026,8.8186072778744,1999.29633683315,2005.32553328888,1281800000
196,207,1.85227618333366,27.0775119962531,98.6905757282683,26.7162721086663,99.5317951743618,13.6284625438227,11.7761863604891,2002.25391591577,2004.1061920991,1281800000
196,197,1.53408585071906,27.0775119962531,98.6905757282683,27.304915191187,98.1671365680022,13.3102722112081,11.7761863604891,2002.25391591577,2003.78800176649,1281800000
197,198,1.48807876356906,27.304915191187,98.1671365680022,29.2590935749436,103.35294852446,14.7983509747772,13.3102722112081,2003.78800176649,2005.27608053006,1281800000
197,202,0.74857808086648,27.304915191187,98.1671365680022,27.4399837707126,99.150061183423,14.0588502920746,13.3102722112081,2003.78800176649,2004.53657984735,1281800000
198,94,7.27640360055058,29.2590935749436,103.35294852446,21.9982554984817,100.600390751555,22.0747545753278,14.7983509747772,2005.27608053006,2012.55248413061,1281800000
198,199,0.798636958898159,29.2590935749436,103.35294852446,27.3360895440394,104.831032479473,15.5969879336754,14.7983509747772,2005.27608053006,2006.07471748896,1281800000
199,200,2.36059547322675,27.3360895440394,104.831032479473,27.6754532528509,108.364349708334,17.9575834069021,15.5969879336754,2006.07471748896,2008.43531296218,1281800000
199,93,2.4374836322358,27.3360895440394,104.831032479473,27.1060058638211,106.28053562725,18.0344715659112,15.5969879336754,2006.07471748896,2008.51220112119,1281800000
200,201,0.086045312900815,27.6754532528509,108.364349708334,27.9516747058191,107.93820731054,18.0436287198029,17.9575834069021,2008.43531296218,2008.52135827508,1281800000
200,92,0.0629386497820477,27.6754532528509,108.364349708334,28.2099132055149,108.310003312079,18.0205220566842,17.9575834069021,2008.43531296218,2008.49825161196,1281800000
201,90,0.0370621263354565,27.9516747058191,107.93820731054,28.0188153349279,107.950851037075,18.0806908461384,18.0436287198029,2008.52135827508,2008.55842040142,1281800000
201,91,0.00909635564284095,27.9516747058191,107.93820731054,28.0622857918578,107.914199106353,18.0527250754458,18.0436287198029,2008.52135827508,2008.53045463073,1281800000
202,203,1.58406535390295,27.4399837707126,99.150061183423,26.0467520649738,98.9862780783798,15.6429156459776,14.0588502920746,2004.53657984735,2006.12064520126,1281800000
202,100,8.06997752969435,27.4399837707126,99.150061183423,29.8381133066212,103.376720253415,22.128827821769,14.0588502920746,2004.53657984735,2012.60655737705,1281800000
203,204,3.88277721913255,26.0467520649738,98.9862780783798,24.5881364328539,97.9709907815178,19.5256928651101,15.6429156459776,2006.12064520126,2010.00342242039,1281800000
203,95,1.45593637840505,26.0467520649738,98.9862780783798,24.6497013447623,98.1593832734455,17.0988520243826,15.6429156459776,2006.12064520126,2007.57658157966,1281800000
204,99,0.823942915550163,24.5881364328539,97.9709907815178,24.0517134420298,97.9790809183631,20.3496357806603,19.5256928651101,2010.00342242039,2010.82736533594,1281800000
204,205,0.0357886274649282,24.5881364328539,97.9709907815178,24.2649688772333,97.8233209338315,19.561481492575,19.5256928651101,2010.00342242039,2010.03921104786,1281800000
205,96,0.950934165214228,24.2649688772333,97.8233209338315,23.973595940439,97.7180293288126,20.5124156577893,19.561481492575,2010.03921104786,2010.99014521307,1281800000
205,206,0.142700982469817,24.2649688772333,97.8233209338315,24.0143493067612,97.6761383769748,19.7041824750449,19.561481492575,2010.03921104786,2010.18191203033,1281800000
206,97,0.724341516446733,24.0143493067612,97.6761383769748,24.1245161193102,97.8385131067531,20.4285239914916,19.7041824750449,2010.18191203033,2010.90625354677,1281800000
206,98,0.00117335659095374,24.0143493067612,97.6761383769748,23.992284365995,97.7218165466276,19.7053558316358,19.7041824750449,2010.18191203033,2010.18308538692,1281800000
207,102,1.6570044641863,26.7162721086663,99.5317951743618,25.9461095348793,99.5110592992872,15.285467008009,13.6284625438227,2004.1061920991,2005.76319656329,1281800000
207,101,3.40167723318945,26.7162721086663,99.5317951743618,25.3568021063753,98.5201964290474,17.0301397770122,13.6284625438227,2004.1061920991,2007.50786933229,1281800000
208,209,2.1398776050449,37.7910076081271,118.594639208269,35.417156752684,114.051104284687,11.6347882366833,9.49491063163844,1999.97264018692,2002.11251779196,1281800000
208,103,17.6862500746336,37.7910076081271,118.594639208269,44.0294792557709,127.060642751127,27.181160706272,9.49491063163844,1999.97264018692,2017.65889026155,1281800000
209,105,0.508291167181,35.417156752684,114.051104284687,36.5492075546008,113.66404078364,12.1430794038643,11.6347882366833,2002.11251779196,2002.62080895914,1281800000
209,104,0.53236020834877,35.417156752684,114.051104284687,36.4014709592814,113.726641405313,12.1671484450321,11.6347882366833,2002.11251779196,2002.64487800031,1281800000
230,239,13.8395447644919,26.8953380864562,115.390598941093,34.0483106988761,115.022298862389,13.8395447644919,0,1996.30857484186,2010.14811960635,1281800000
230,231,10.7667931143921,26.8953380864562,115.390598941093,30.6622065986998,116.989736738346,10.7667931143921,0,1996.30857484186,2007.07536795625,1281800000
231,210,10.4728547188389,30.6622065986998,116.989736738346,27.0557164654301,112.97602187113,21.239647833231,10.7667931143921,2007.07536795625,2017.54822267509,1281800000
231,232,4.19776079690571,30.6622065986998,116.989736738346,25.0845299481367,108.206012682755,14.9645539112979,10.7667931143921,2007.07536795625,2011.27312875316,1281800000
232,233,1.32182728624987,25.0845299481367,108.206012682755,25.2523271532496,108.757577199381,16.2863811975477,14.9645539112979,2011.27312875316,2012.59495603941,1281800000
232,218,8.90173463481967,25.0845299481367,108.206012682755,22.2595805137521,100.278122364594,23.8662885461175,14.9645539112979,2011.27312875316,2020.17486338798,1281800000
233,217,7.77662866004516,25.2523271532496,108.757577199381,22.4214630278059,108.598370729098,24.0630098575929,16.2863811975477,2012.59495603941,2020.37158469945,1281800000
233,234,0.628621923899683,25.2523271532496,108.757577199381,24.2740595164447,108.408488104582,16.9150031214474,16.2863811975477,2012.59495603941,2013.22357796331,1281800000
234,235,2.34447367203925,24.2740595164447,108.408488104582,24.2504844639913,109.739909034547,19.2594767934867,16.9150031214474,2013.22357796331,2015.56805163535,1281800000
234,216,6.29423025587005,24.2740595164447,108.408488104582,23.1965728953864,113.366731525626,23.2092333773175,16.9150031214474,2013.22357796331,2019.51780821918,1281800000
235,211,3.96893466602252,24.2504844639913,109.739909034547,23.3338823426358,111.77624576224,23.2284114595092,19.2594767934867,2015.56805163535,2019.53698630137,1281800000
235,236,2.16612063010833,24.2504844639913,109.739909034547,24.3709040979857,110.019690294436,21.425597423595,19.2594767934867,2015.56805163535,2017.73417226546,1281800000
236,212,0.890645965330262,24.3709040979857,110.019690294436,22.7688132559506,108.271831936667,22.3162433889253,21.425597423595,2017.73417226546,2018.62481823079,1281800000
236,237,0.631074678929173,24.3709040979857,110.019690294436,26.5357256381948,111.757872626894,22.0566721025242,21.425597423595,2017.73417226546,2018.36524694438,1281800000
237,213,0.936122918628874,26.5357256381948,111.757872626894,23.5897255392871,112.088233773539,22.992795021153,22.0566721025242,2018.36524694438,2019.30136986301,1281800000
237,238,0.800025082928161,26.5357256381948,111.757872626894,26.1712573915164,113.702182065985,22.8566971854523,22.0566721025242,2018.36524694438,2019.16527202731,1281800000
238,215,0.256645780906257,26.1712573915164,113.702182065985,27.2067883251107,114.088541613499,23.1133429663586,22.8566971854523,2019.16527202731,2019.42191780822,1281800000
238,214,1.16532906558321,26.1712573915164,113.702182065985,29.7439877261564,116.464605374462,24.0220262510355,22.8566971854523,2019.16527202731,2020.3306010929,1281800000
239,242,2.28779380177998,34.0483106988761,115.022298862389,34.7510589104938,117.635343937625,16.1273385662719,13.8395447644919,2010.14811960635,2012.43591340813,1281800000
239,240,3.12733076238318,34.0483106988761,115.022298862389,34.9465642455424,111.572784882284,16.9668755268751,13.8395447644919,2010.14811960635,2013.27545036874,1281800000
240,219,6.0861934668807,34.9465642455424,111.572784882284,34.6433163299386,111.067509176308,23.0530689937558,16.9668755268751,2013.27545036874,2019.36164383562,1281800000
240,241,0.277463361303169,34.9465642455424,111.572784882284,34.7487680207,111.517558626827,17.2443388881783,16.9668755268751,2013.27545036874,2013.55291373004,1281800000
241,220,6.14023695489255,34.7487680207,111.517558626827,34.848769904824,116.737185187255,23.3845758430708,17.2443388881783,2013.55291373004,2019.69315068493,1281800000
241,221,7.11375293662786,34.7487680207,111.517558626827,23.3871093740506,112.891423498382,24.3580918248061,17.2443388881783,2013.55291373004,2020.66666666667,1281800000
242,243,1.24680777341398,34.7510589104938,117.635343937625,29.9883302916738,112.943050843504,17.3741463396859,16.1273385662719,2012.43591340813,2013.68272118155,1281800000
242,245,1.14240451160891,34.7510589104938,117.635343937625,35.7231320182613,117.184887708778,17.2697430778808,16.1273385662719,2012.43591340813,2013.57831791974,1281800000
243,244,3.70376672222192,29.9883302916738,112.943050843504,36.8899473106893,122.765172992129,21.0779130619078,17.3741463396859,2013.68272118155,2017.38648790377,1281800000
243,222,4.56659388694667,29.9883302916738,112.943050843504,32.6045104862414,114.388978039268,21.9407402266326,17.3741463396859,2013.68272118155,2018.24931506849,1281800000
244,224,1.20154640131291,36.8899473106893,122.765172992129,43.9496419895087,127.15282425822,22.2794594632207,21.0779130619078,2017.38648790377,2018.58803430508,1281800000
244,223,0.295129546737517,36.8899473106893,122.765172992129,37.0637687640711,121.545548790358,21.3730426086453,21.0779130619078,2017.38648790377,2017.68161745051,1281800000
245,246,0.20071156419244,35.7231320182613,117.184887708778,27.5410170927377,111.817850429433,17.4704546420733,17.2697430778808,2013.57831791974,2013.77902948393,1281800000
245,247,1.88316224341405,35.7231320182613,117.184887708778,30.8142250102152,113.067836637056,19.1529053212949,17.2697430778808,2013.57831791974,2015.46148016316,1281800000
246,225,6.85485029748692,27.5410170927377,111.817850429433,30.6231247986634,117.714546096056,24.3253049395602,17.4704546420733,2013.77902948393,2020.63387978142,1281800000
246,226,6.94501423191322,27.5410170927377,111.817850429433,32.3871789045939,114.364123005633,24.4154688739865,17.4704546420733,2013.77902948393,2020.72404371585,1281800000
247,229,5.09043240515061,30.8142250102152,113.067836637056,34.0520041229136,118.845338325253,24.2433377264455,19.1529053212949,2015.46148016316,2020.55191256831,1281800000
247,248,3.46408883207131,30.8142250102152,113.067836637056,26.9789394573385,117.068847199866,22.6169941533662,19.1529053212949,2015.46148016316,2018.92556899523,1281800000
248,228,2.13744470340335,26.9789394573385,117.068847199866,25.5546439837562,117.954048028238,24.7544388567695,22.6169941533662,2018.92556899523,2021.06301369863,1281800000
248,227,1.50612499384416,26.9789394573385,117.068847199866,24.7058341421841,114.627359982691,24.1231191472103,22.6169941533662,2018.92556899523,2020.43169398907,1281800000
