node1,node2,length,startLat,startLon,endLat,endLon,endNodeL,startNodeL,startYear,endYear,greatCircleDist_km,treeID
82,83,0.972680933993779,-10.5250421187533,-75.0311309914016,-10.7107011639434,-74.6392111701798,0.972680933993779,0,1987.10457314996,1988.07725408396,47.6038569603173,45690000
82,128,0.531716267024496,-10.5250421187533,-75.0311309914016,-6.20994005711731,-77.1264212521494,0.531716267024496,0,1987.10457314996,1987.63628941699,532.905447420051,45690000
83,1,12.7560764716222,-10.7107011639434,-74.6392111701798,-10.07908,-73.97162,13.728757405616,0.972680933993779,1988.07725408396,2000.83333055558,101.427534884936,45690000
83,84,0.0591898782195805,-10.7107011639434,-74.6392111701798,-10.6750766483499,-74.6842014359354,1.03187081221336,0.972680933993779,1988.07725408396,1988.13644396218,6.32055522890783,45690000
84,85,0.33027659822881,-10.6750766483499,-74.6842014359354,-10.655498875789,-74.7418211675099,1.36214741044217,1.03187081221336,1988.13644396218,1988.4667205604,6.66978364541632,45690000
84,46,16.1968907600345,-10.6750766483499,-74.6842014359354,-11.08619,-74.57057,17.2287615722479,1.03187081221336,1988.13644396218,2004.33333472221,47.422682500406,45690000
85,86,0.506842601952997,-10.655498875789,-74.7418211675099,-10.6693229928706,-74.7199352115718,1.86899001239517,1.36214741044217,1988.4667205604,1988.97356316236,2.84628773417633,45690000
85,90,0.142517311367055,-10.655498875789,-74.7418211675099,-10.3057809674496,-75.2002083618221,1.50466472180922,1.36214741044217,1988.4667205604,1988.60923787177,63.5100612985027,45690000
86,88,5.3454711744958,-10.6693229928706,-74.7199352115718,-12.7207879344399,-73.835460835353,7.21446118689096,1.86899001239517,1988.97356316236,1994.31903433685,247.894266665162,45690000
86,87,1.52212030577025,-10.6693229928706,-74.7199352115718,-8.4930379962477,-76.4581987997562,3.39111031816541,1.86899001239517,1988.97356316236,1990.49568346813,308.382757996855,45690000
87,2,13.8376512540825,-8.4930379962477,-76.4581987997562,-8.74006,-76.22871,17.2287615722479,3.39111031816541,1990.49568346813,2004.33333472221,37.339618918983,45690000
87,3,8.08764917076663,-8.4930379962477,-76.4581987997562,-9.03032,-74.78282,11.478759488932,3.39111031816541,1990.49568346813,1998.58333263889,193.793472007985,45690000
88,6,10.8476351075677,-12.7207879344399,-73.835460835353,-11.28306,-72.93659,18.0620962944587,7.21446118689096,1994.31903433685,2005.16666944442,187.607853006542,45690000
88,89,17.1344463960003,-12.7207879344399,-73.835460835353,-13.0762487143426,-73.6598879055367,24.3489075828913,7.21446118689096,1994.31903433685,2011.45348073285,43.9189360759503,45690000
89,5,0.713188711567409,-13.0762487143426,-73.6598879055367,-12.997277,-73.66347,25.0620962944587,24.3489075828913,2011.45348073285,2012.16666944442,8.80001660171039,45690000
89,4,0.0465192671460504,-13.0762487143426,-73.6598879055367,-12.84344116,-73.64346172,24.3954268500373,24.3489075828913,2011.45348073285,2011.5,25.9782324091923,45690000
90,45,13.0574274060175,-10.3057809674496,-75.2002083618221,-9.81724,-76.05649,14.5620921278268,1.50466472180922,1988.60923787177,2001.66666527779,108.47688185541,45690000
90,91,0.212978541143809,-10.3057809674496,-75.2002083618221,-10.3146165858559,-75.1729414572319,1.71764326295303,1.50466472180922,1988.60923787177,1988.82221641292,3.14425656563886,45690000
91,115,0.0748765636303155,-10.3146165858559,-75.1729414572319,-10.1979108106134,-75.2481369724856,1.79251982658335,1.71764326295303,1988.82221641292,1988.89709297655,15.3833904271826,45690000
91,92,0.184211048459673,-10.3146165858559,-75.1729414572319,-10.3225367512067,-75.1743259568349,1.90185431141271,1.71764326295303,1988.82221641292,1989.00642746138,0.894647543960865,45690000
92,112,1.86968429574615,-10.3225367512067,-75.1743259568349,-5.85509909632074,-78.0193479062593,3.77153860715886,1.90185431141271,1989.00642746138,1990.87611175712,587.88700967663,45690000
92,93,14.008518696346,-10.3225367512067,-75.1743259568349,-10.3237379629492,-75.1776438519547,15.9103730077587,1.90185431141271,1989.00642746138,2003.01494615772,0.387205974336139,45690000
93,94,3.70234638059067,-10.3237379629492,-75.1776438519547,-8.87576630123767,-76.0958895639577,19.6127193883493,15.9103730077587,2003.01494615772,2006.71729253831,190.109761707307,45690000
93,95,0.813758494673833,-10.3237379629492,-75.1776438519547,-10.7012303438659,-74.9871437706318,16.7241315024325,15.9103730077587,2003.01494615772,2003.8287046524,46.9124936495576,45690000
94,7,2.69937482279327,-8.87576630123767,-76.0958895639577,-8.96455,-76.063,22.3120942111426,19.6127193883493,2006.71729253831,2009.41666736111,10.5248231172242,45690000
94,8,2.94937273947742,-8.87576630123767,-76.0958895639577,-8.81963,-76.25364,22.5620921278268,19.6127193883493,2006.71729253831,2009.66666527779,18.4434366041696,45690000
95,103,2.83151957936328,-10.7012303438659,-74.9871437706318,-12.6809537305797,-73.6984231862823,19.5556510817958,16.7241315024325,2003.8287046524,2006.66022423176,261.355871155573,45690000
95,96,0.982505689403212,-10.7012303438659,-74.9871437706318,-10.6950431301317,-74.9798440642152,17.7066371918357,16.7241315024325,2003.8287046524,2004.8112103418,1.05453202624388,45690000
96,9,4.35545910262296,-10.6950431301317,-74.9798440642152,-4.73131,-77.8257,22.0620962944587,17.7066371918357,2004.8112103418,2009.16666944442,734.328518631662,45690000
96,97,1.12032573453727,-10.6950431301317,-74.9798440642152,-10.7561674504947,-74.9273302367245,18.826962926373,17.7066371918357,2004.8112103418,2005.93153607634,8.90477580772776,45690000
97,98,4.35162748814529,-10.7561674504947,-74.9273302367245,-10.8415006717635,-74.8846232008775,23.1785904145183,18.826962926373,2005.93153607634,2010.28316356448,10.5855028956913,45690000
97,100,1.82179926536338,-10.7561674504947,-74.9273302367245,-11.010675651635,-74.841406691068,20.6487621917364,18.826962926373,2005.93153607634,2007.7533353417,29.8493472264609,45690000
98,10,1.38350171330848,-10.8415006717635,-74.8846232008775,-10.80740123,-74.88987708,24.5620921278268,23.1785904145183,2010.28316356448,2011.66666527779,3.83930458001365,45690000
98,99,0.551350604707383,-10.8415006717635,-74.8846232008775,-10.5301843355294,-74.4954076831005,23.7299410192257,23.1785904145183,2010.28316356448,2010.83451416919,54.8994526765635,45690000
99,11,0.915483747495584,-10.5301843355294,-74.4954076831005,-10.7587,-74.2196,24.6454247667213,23.7299410192257,2010.83451416919,2011.74999791668,39.4679996732428,45690000
99,12,1.2488226363383,-10.5301843355294,-74.4954076831005,-10.79087,-74.34048,24.978763655564,23.7299410192257,2010.83451416919,2012.08333680553,33.6076722749008,45690000
100,101,0.80899888626971,-11.010675651635,-74.841406691068,-7.04382969962519,-74.8603574756489,21.4577610780061,20.6487621917364,2007.7533353417,2008.56233422797,441.60956236418,45690000
100,16,4.66333201940624,-11.010675651635,-74.841406691068,-10.9484,-75.04288,25.3120942111426,20.6487621917364,2007.7533353417,2012.41666736111,23.0838880352254,45690000
101,13,3.68766785534709,-7.04382969962519,-74.8603574756489,-7.0286,-74.888,25.1454289333532,21.4577610780061,2008.56233422797,2012.25000208332,3.49313503097755,45690000
101,102,0.67220088352719,-7.04382969962519,-74.8603574756489,-7.08606511295951,-74.8542930491277,22.1299619615333,21.4577610780061,2008.56233422797,2009.2345351115,4.74930528541865,45690000
102,15,1.43213016629349,-7.08606511295951,-74.8542930491277,-8.07468,-74.2256,23.5620921278268,22.1299619615333,2009.2345351115,2010.66666527779,130.097835699853,45690000
102,14,1.34879752739877,-7.08606511295951,-74.8542930491277,-11.90487,-73.92704,23.478759488932,22.1299619615333,2009.2345351115,2010.58333263889,546.017709157486,45690000
103,104,1.49359678612709,-12.6809537305797,-73.6984231862823,-6.50104812618044,-77.0598844775852,21.0492478679229,19.5556510817958,2006.66022423176,2008.15382101789,780.580627989269,45690000
103,17,5.50644521266289,-12.6809537305797,-73.6984231862823,-12.714144,-73.66584,25.0620962944587,19.5556510817958,2006.66022423176,2012.16666944442,5.11601292284357,45690000
104,107,0.674617835132769,-6.50104812618044,-77.0598844775852,-6.89262548206978,-76.8698176485251,21.7238657030557,21.0492478679229,2008.15382101789,2008.82843885302,48.3928341343746,45690000
104,105,2.00631495374079,-6.50104812618044,-77.0598844775852,-6.5305492194856,-76.3436380859003,23.0555628216637,21.0492478679229,2008.15382101789,2010.16013597163,79.288317299898,45690000
105,106,1.39045346100608,-6.5305492194856,-76.3436380859003,-6.36023931586097,-76.5257705166883,24.4460162826697,23.0555628216637,2010.16013597163,2011.55058943263,27.6656377127519,45690000
105,18,0.839868195005578,-6.5305492194856,-76.3436380859003,-6.356866941,-76.54248606,23.8954310166693,23.0555628216637,2010.16013597163,2011.00000416663,29.2864332973597,45690000
106,19,0.0327432062622949,-6.36023931586097,-76.5257705166883,-6.350546965,-76.52687552,24.478759488932,24.4460162826697,2011.55058943263,2011.58333263889,1.08589423846053,45690000
106,20,0.0327432062622949,-6.36023931586097,-76.5257705166883,-6.357427894,-76.53631425,24.478759488932,24.4460162826697,2011.55058943263,2011.58333263889,1.20780356256364,45690000
107,111,1.30652669540587,-6.89262548206978,-76.8698176485251,-6.31259436481587,-77.5669003287457,23.0303923984615,21.7238657030557,2008.82843885302,2010.13496554842,100.557667020806,45690000
107,108,1.73205163615856,-6.89262548206978,-76.8698176485251,-6.94461230195999,-76.7713541285519,23.4559173392142,21.7238657030557,2008.82843885302,2010.56049048918,12.3248213672256,45690000
108,109,0.467157425039973,-6.94461230195999,-76.7713541285519,-6.92810808139831,-76.7605309055762,23.9230747642542,23.4559173392142,2010.56049048918,2011.02764791422,2.19232567043729,45690000
108,21,1.93950951082311,-6.94461230195999,-76.7713541285519,-6.88244233031608,-76.7501158103012,25.3954268500373,23.4559173392142,2010.56049048918,2012.5,7.30816915889981,45690000
109,110,0.538291714269486,-6.92810808139831,-76.7605309055762,-6.92816056274282,-76.7482069269825,24.4613664785237,23.9230747642542,2011.02764791422,2011.56593962849,1.36194785774114,45690000
109,24,1.47235208578314,-6.92810808139831,-76.7605309055762,-6.88247223611865,-76.7500874237416,25.3954268500373,23.9230747642542,2011.02764791422,2012.5,5.20981462923744,45690000
110,23,0.850727732618936,-6.92816056274282,-76.7482069269825,-6.90083,-76.7415,25.3120942111426,24.4613664785237,2011.56593962849,2012.41666736111,3.13152800143661,45690000
110,22,0.850727732618936,-6.92816056274282,-76.7482069269825,-6.89126,-76.76425,25.3120942111426,24.4613664785237,2011.56593962849,2012.41666736111,4.47420399565487,45690000
111,26,1.44836709047053,-6.31259436481587,-77.5669003287457,-6.539128944,-77.39056361,24.478759488932,23.0303923984615,2010.13496554842,2011.58333263889,31.8827827957898,45690000
111,25,1.94837125710245,-6.31259436481587,-77.5669003287457,-5.702631,-77.3619,24.978763655564,23.0303923984615,2010.13496554842,2012.08333680553,71.596024576176,45690000
112,113,17.3085126905744,-5.85509909632074,-78.0193479062593,-5.53210517583369,-78.3781608962927,21.0800512977333,3.77153860715886,1990.87611175712,2008.1846244477,53.5980582538723,45690000
112,30,20.6238882428785,-5.85509909632074,-78.0193479062593,-5.73935,-77.5038,24.3954268500373,3.77153860715886,1990.87611175712,2011.5,58.5351493563001,45690000
113,114,0.29527861025857,-5.53210517583369,-78.3781608962927,-5.60570713385045,-78.3491548300769,21.3753299079919,21.0800512977333,2008.1846244477,2008.47990305795,8.8014012499585,45690000
113,27,1.56537346898796,-5.53210517583369,-78.3781608962927,-5.44954,-78.46378,22.6454247667212,21.0800512977333,2008.1846244477,2009.74999791668,13.2098425692499,45690000
114,28,0.853431664256035,-5.60570713385045,-78.3491548300769,-5.71,-78.38478,22.2287615722479,21.3753299079919,2008.47990305795,2009.33333472221,12.262726797056,45690000
114,29,1.68676638646683,-5.60570713385045,-78.3491548300769,-5.73035,-78.35316,23.0620962944587,21.3753299079919,2008.47990305795,2010.16666944442,13.8828183551355,45690000
115,116,1.74276418707061,-10.1979108106134,-75.2481369724856,-12.6335481546446,-69.4657737462854,3.53528401365395,1.79251982658335,1988.89709297655,1990.63985716362,686.713220789446,45690000
115,124,2.51253792496558,-10.1979108106134,-75.2481369724856,-10.1708897660077,-75.3034853021301,4.30505775154893,1.79251982658335,1988.89709297655,1991.40963090151,6.76955194581029,45690000
116,123,3.2340620250484,-12.6335481546446,-69.4657737462854,-12.7355687962449,-69.3816167445933,6.76934603870236,3.53528401365395,1990.63985716362,1993.87391918867,14.5783781858606,45690000
116,117,2.95701091599323,-12.6335481546446,-69.4657737462854,-12.5763375371438,-69.7633436771224,6.49229492964718,3.53528401365395,1990.63985716362,1993.59686807961,32.9496032715818,45690000
117,118,2.07507562158651,-12.5763375371438,-69.7633436771224,-12.2485625181837,-69.1724390601458,8.5673705512337,6.49229492964718,1993.59686807961,1995.6719437012,73.8834255481351,45690000
117,121,1.42863075771049,-12.5763375371438,-69.7633436771224,-12.5855830748004,-69.7709185432728,7.92092568735767,6.49229492964718,1993.59686807961,1995.02549883732,1.31784252667961,45690000
118,119,4.91230499908831,-12.2485625181837,-69.1724390601458,-12.3014857091466,-69.1138556803949,13.479675550322,8.5673705512337,1995.6719437012,2000.58424870028,8.67879862594565,45690000
118,31,8.41139310433027,-12.2485625181837,-69.1724390601458,-12.42667,-69.09448,16.978763655564,8.5673705512337,1995.6719437012,2004.08333680553,21.5642147760544,45690000
119,120,1.51916336050743,-12.3014857091466,-69.1138556803949,-12.3824589120492,-69.1418621328153,14.9988389108294,13.479675550322,2000.58424870028,2002.10341206079,9.51489331122682,45690000
119,32,3.91575129971532,-12.3014857091466,-69.1138556803949,-12.12081,-69.12051,17.3954268500373,13.479675550322,2000.58424870028,2004.5,20.1265465202311,45690000
120,34,1.97992474473453,-12.3824589120492,-69.1418621328153,-6.20594,-76.88527,16.978763655564,14.9988389108294,2002.10341206079,2004.08333680553,1093.48333812165,45690000
120,33,2.06325738362925,-12.3824589120492,-69.1418621328153,-12.37978,-69.14511,17.0620962944587,14.9988389108294,2002.10341206079,2004.16666944442,0.462232173563168,45690000
121,37,9.39116852378494,-12.5855830748004,-69.7709185432728,-12.7009677330567,-69.6360351546476,17.3120942111426,7.92092568735767,1995.02549883732,2004.41666736111,19.4850216124115,45690000
121,122,8.76499631660475,-12.5855830748004,-69.7709185432728,-12.6657752235076,-69.6783520370538,16.6859220039624,7.92092568735767,1995.02549883732,2003.79049515393,13.4466855315314,45690000
122,35,0.209500679442982,-12.6657752235076,-69.6783520370538,-12.63828,-69.27867,16.8954226834054,16.6859220039624,2003.79049515393,2003.99999583337,43.5215215616987,45690000
122,36,0.0428354016535479,-12.6657752235076,-69.6783520370538,-12.7009249741029,-69.6360157040766,16.728757405616,16.6859220039624,2003.79049515393,2003.83333055558,6.03767975119576,45690000
123,39,11.126076644703,-12.7355687962449,-69.3816167445933,-12.66387,-69.15824,17.8954226834054,6.76934603870236,1993.87391918867,2004.99999583337,25.538175232058,45690000
123,38,10.5427481724403,-12.7355687962449,-69.3816167445933,-12.81515,-69.31936,17.3120942111426,6.76934603870236,1993.87391918867,2004.41666736111,11.1432611690124,45690000
124,125,8.14987115655549,-10.1708897660077,-75.3034853021301,-10.4217790515488,-75.2678828314895,12.4549289081044,4.30505775154893,1991.40963090151,1999.55950205807,28.2008817672808,45690000
124,127,8.82568330979695,-10.1708897660077,-75.3034853021301,-10.0770186680702,-75.3663603706889,13.1307410613459,4.30505775154893,1991.40963090151,2000.23531421131,12.5173325511234,45690000
125,126,10.8561407193148,-10.4217790515488,-75.2678828314895,-9.49509587761235,-74.9781364288662,23.3110696274193,12.4549289081044,1999.55950205807,2010.41564277738,107.942948163128,45690000
125,42,0.190495858616828,-10.4217790515488,-75.2678828314895,-10.69608,-75.28361,12.6454247667213,12.4549289081044,1999.55950205807,1999.74999791668,30.5847113038342,45690000
126,41,0.834359305933922,-9.49509587761235,-74.9781364288662,-9.37936,-74.9659,24.1454289333532,23.3110696274193,2010.41564277738,2011.25000208332,12.9540515222164,45690000
126,40,0.751026667039433,-9.49509587761235,-74.9781364288662,-9.371511023,-75.03403475,24.0620962944587,23.3110696274193,2010.41564277738,2011.16666944442,15.0653327159471,45690000
127,44,3.84802259421809,-10.0770186680702,-75.3663603706889,-10.10456,-75.25846,16.978763655564,13.1307410613459,2000.23531421131,2004.08333680553,12.2170599495277,45690000
127,43,4.0146878720073,-10.0770186680702,-75.3663603706889,-3.71951,-73.28273,17.1454289333532,13.1307410613459,2000.23531421131,2004.25000208332,744.224951511657,45690000
128,129,0.634283735833662,-6.20994005711731,-77.1264212521494,-6.19274916014139,-77.1500266733692,1.16600000285816,0.531716267024496,1987.63628941699,1988.27057315282,3.23843562628512,45690000
128,142,0.86645029922644,-6.20994005711731,-77.1264212521494,-5.71439143250078,-77.7365027696408,1.39816656625094,0.531716267024496,1987.63628941699,1988.50273971621,87.2135469999845,45690000
129,131,4.82465377956363,-6.19274916014139,-77.1500266733692,-6.47917084516872,-76.7141140481077,5.99065378242179,1.16600000285816,1988.27057315282,1993.09522693238,57.8179951830925,45690000
129,130,0.665152794847398,-6.19274916014139,-77.1500266733692,-7.35205868336474,-76.4569802795915,1.83115279770556,1.16600000285816,1988.27057315282,1988.93572594767,150.085697893388,45690000
130,48,22.1476108578584,-7.35205868336474,-76.4569802795915,-7.37245,-76.8218,23.978763655564,1.83115279770556,1988.93572594767,2011.08333680553,40.3422370463258,45690000
130,47,10.9809372468051,-7.35205868336474,-76.4569802795915,-6.89391,-76.33832,12.8120900445107,1.83115279770556,1988.93572594767,1999.91666319447,52.6602985549477,45690000
131,132,2.63084451423419,-6.47917084516872,-76.7141140481077,-6.73903784147017,-76.6422373040708,8.62149829665598,5.99065378242179,1993.09522693238,1995.72607144662,30.0014583374616,45690000
131,136,13.1389714734721,-6.47917084516872,-76.7141140481077,-6.19273411135412,-76.7426166945067,19.1296252558938,5.99065378242179,1993.09522693238,2006.23419840586,32.0428137954085,45690000
132,134,2.59583162251114,-6.73903784147017,-76.6422373040708,-6.6346523918402,-76.6751736118918,11.2173299191671,8.62149829665598,1995.72607144662,1998.32190306913,12.1778411212471,45690000
132,133,0.713348282516325,-6.73903784147017,-76.6422373040708,-6.68704713207321,-76.685873483865,9.33484657917231,8.62149829665598,1995.72607144662,1996.43941972913,7.53485032447045,45690000
133,49,4.89391499307559,-6.68704713207321,-76.685873483865,-6.26063,-76.09012,14.2287615722479,9.33484657917231,1996.43941972913,2001.33333472221,81.2160961225183,45690000
133,50,1.47724346533838,-6.68704713207321,-76.685873483865,-6.59907,-76.73791,10.8120900445107,9.33484657917231,1996.43941972913,1997.91666319447,11.3591468900711,45690000
134,135,10.2214777637119,-6.6346523918402,-76.6751736118918,-8.59504719609146,-74.9156495943162,21.4388076828791,11.2173299191671,1998.32190306913,2008.54338083284,292.092964562301,45690000
134,53,11.8447663752916,-6.6346523918402,-76.6751736118918,-5.14308,-78.82405,23.0620962944587,11.2173299191671,1998.32190306913,2010.16666944442,290.160020060436,45690000
135,52,0.373282361631623,-8.59504719609146,-74.9156495943162,-8.57286,-74.9073,21.8120900445107,21.4388076828791,2008.54338083284,2008.91666319447,2.63542487322997,45690000
135,51,0.373282361631623,-8.59504719609146,-74.9156495943162,-8.5956,-74.93781,21.8120900445107,21.4388076828791,2008.54338083284,2008.91666319447,2.44005062287849,45690000
136,137,3.09934048344259,-6.19273411135412,-76.7426166945067,-6.42353772069173,-76.5428820280606,22.2289657393364,19.1296252558938,2006.23419840586,2009.3335388893,33.8912291280385,45690000
136,140,2.97879531671321,-6.19273411135412,-76.7426166945067,-6.18040102049771,-77.0342699609177,22.1084205726071,19.1296252558938,2006.23419840586,2009.21299372257,32.3080712265923,45690000
137,57,1.33312638849033,-6.42353772069173,-76.5428820280606,-6.72916,-76.4095,23.5620921278268,22.2289657393364,2009.3335388893,2010.66666527779,37.0831075210826,45690000
137,138,0.556711551299604,-6.42353772069173,-76.5428820280606,-6.35665282081775,-76.5703996151858,22.785677290636,22.2289657393364,2009.3335388893,2009.8902504406,8.04420137295222,45690000
138,54,0.693082198296004,-6.35665282081775,-76.5703996151858,-6.34624,-76.5816,23.478759488932,22.785677290636,2009.8902504406,2010.58333263889,1.69687739585153,45690000
138,139,0.572625030972989,-6.35665282081775,-76.5703996151858,-6.39732796610412,-76.5792279467669,23.358302321609,22.785677290636,2009.8902504406,2010.46287547157,4.63225756735803,45690000
139,56,0.953791889533581,-6.39732796610412,-76.5792279467669,-6.35014,-76.6293,24.3120942111426,23.358302321609,2010.46287547157,2011.41666736111,7.63442824871283,45690000
139,55,0.287122445112222,-6.39732796610412,-76.5792279467669,-6.39204,-76.59704,23.6454247667213,23.358302321609,2010.46287547157,2010.74999791668,2.05661978602715,45690000
140,141,0.0518548239170502,-6.18040102049771,-77.0342699609177,-6.20646256980801,-77.0374374375416,22.1602753965241,22.1084205726071,2009.21299372257,2009.26484854649,2.92237457960468,45690000
140,58,2.53700419411419,-6.18040102049771,-77.0342699609177,-5.02818682675096,-78.3079608097321,24.6454247667213,22.1084205726071,2009.21299372257,2011.74999791668,190.697429384535,45690000
141,60,0.235151453513216,-6.20646256980801,-77.0374374375416,-9.24147,-76.293,22.3954268500373,22.1602753965241,2009.26484854649,2009.5,347.703360479344,45690000
141,59,1.48514937019714,-6.20646256980801,-77.0374374375416,-5.90547,-76.9244,23.6454247667213,22.1602753965241,2009.26484854649,2010.74999791668,35.7680226901449,45690000
142,145,0.309505749841644,-5.71439143250078,-77.7365027696408,-5.72181011286985,-77.7408423445884,1.70767231609258,1.39816656625094,1988.50273971621,1988.81224546606,0.955582902384676,45690000
142,143,17.66428926623,-5.71439143250078,-77.7365027696408,-5.08968151349795,-79.1990738231801,19.062455832481,1.39816656625094,1988.50273971621,2006.16702898244,176.384056664603,45690000
143,144,2.13831578845004,-5.08968151349795,-79.1990738231801,-5.13749342840813,-79.158562087495,21.200771620931,19.062455832481,2006.16702898244,2008.30534477089,6.96476673492231,45690000
143,63,3.16630573976691,-5.08968151349795,-79.1990738231801,-5.16694,-79.06331,22.2287615722479,19.062455832481,2006.16702898244,2009.33333472221,17.3370328782805,45690000
144,62,0.444653145790227,-5.13749342840813,-79.158562087495,-5.10997,-78.9412,21.6454247667213,21.200771620931,2008.30534477089,2008.74999791668,24.2948867375905,45690000
144,61,0.944657312422152,-5.13749342840813,-79.158562087495,-5.14799,-79.00485,22.1454289333532,21.200771620931,2008.30534477089,2009.25000208332,17.0829522842458,45690000
145,157,10.1696199567801,-5.72181011286985,-77.7408423445884,-9.32928525622483,-75.9352133740673,11.8772922728727,1.70767231609258,1988.81224546606,1998.98186542284,448.306792859014,45690000
145,146,14.3460810071904,-5.72181011286985,-77.7408423445884,-6.04779523865477,-77.3896927721595,16.053753323283,1.70767231609258,1988.81224546606,2003.15832647325,53.1885573791276,45690000
146,147,1.55646575254683,-6.04779523865477,-77.3896927721595,-6.08111101268731,-77.6343675618744,17.6102190758298,16.053753323283,2003.15832647325,2004.71479222579,27.3384570607049,45690000
146,75,8.8416693601224,-6.04779523865477,-77.3896927721595,-5.92172,-77.2943,24.8954226834054,16.053753323283,2003.15832647325,2011.99999583337,17.5651359871075,45690000
147,148,0.237004892309077,-6.08111101268731,-77.6343675618744,-6.06658456837248,-77.6216962348016,17.8472239681389,17.6102190758298,2004.71479222579,2004.9517971181,2.14072791145334,45690000
147,156,6.30789408798267,-6.08111101268731,-77.6343675618744,-5.07173143371701,-78.267609603302,23.9181131638125,17.6102190758298,2004.71479222579,2011.02268631378,132.472860260128,45690000
148,149,1.8929162750774,-6.06658456837248,-77.6216962348016,-6.01770066296995,-78.2440265729638,19.7401402432163,17.8472239681389,2004.9517971181,2006.84471339318,69.1099388492272,45690000
148,64,5.29820496521427,-6.06658456837248,-77.6216962348016,-6.17865,-75.9955,23.1454289333532,17.8472239681389,2004.9517971181,2010.25000208332,180.433537174539,45690000
149,72,3.65528660682102,-6.01770066296995,-78.2440265729638,-6.00062,-78.14268,23.3954268500373,19.7401402432163,2006.84471339318,2010.5,11.3802788445588,45690000
149,150,1.42021089121571,-6.01770066296995,-78.2440265729638,-5.92152731555494,-78.6312397572325,21.160351134432,19.7401402432163,2006.84471339318,2008.26492428439,44.1889310565381,45690000
150,151,2.68610183845558,-5.92152731555494,-78.6312397572325,-5.9793331244846,-78.5924526370646,23.8464529728876,21.160351134432,2008.26492428439,2010.95102612285,7.73663568798642,45690000
150,152,1.52663119926046,-5.92152731555494,-78.6312397572325,-5.97607159078282,-78.5569596627285,22.6869823336925,21.160351134432,2008.26492428439,2009.79155548366,10.2232325121647,45690000
151,66,1.54897387714973,-5.9793331244846,-78.5924526370646,-6.01219,-78.4961,25.3954268500373,23.8464529728876,2010.95102612285,2012.5,11.2773391900998,45690000
151,65,0.965637071623086,-5.9793331244846,-78.5924526370646,-6.10341,-78.5567,24.8120900445107,23.8464529728876,2010.95102612285,2011.91666319447,14.368614239506,45690000
152,153,1.01820769759349,-5.97607159078282,-78.5569596627285,-4.96449487729361,-78.7306368118087,23.705190031286,22.6869823336925,2009.79155548366,2010.80976318125,114.245430006401,45690000
152,154,0.651434114416121,-5.97607159078282,-78.5569596627285,-6.14663316374517,-78.4101623293119,23.3384164481086,22.6869823336925,2009.79155548366,2010.44298959807,24.9922501849883,45690000
153,67,0.856902096540798,-4.96449487729361,-78.7306368118087,-4.98198,-78.75649,24.5620921278268,23.705190031286,2010.80976318125,2011.66666527779,3.46554228046886,45690000
153,68,0.940234735435288,-4.96449487729361,-78.7306368118087,-5.19408,-78.7989,24.6454247667213,23.705190031286,2010.80976318125,2011.74999791668,26.6556542269406,45690000
154,155,0.0141043462425956,-6.14663316374517,-78.4101623293119,-6.1638754200949,-78.3703068832856,23.3525207943512,23.3384164481086,2010.44298959807,2010.45709394431,4.81080140231845,45690000
154,69,0.64034720745537,-6.14663316374517,-78.4101623293119,-6.15529,-78.4005,23.978763655564,23.3384164481086,2010.44298959807,2011.08333680553,1.43960993759839,45690000
155,71,0.0429060556861329,-6.1638754200949,-78.3703068832856,-6.15461599887762,-78.3769891889439,23.3954268500373,23.3525207943512,2010.45709394431,2010.5,1.26868221491895,45690000
155,70,0.0429060556861329,-6.1638754200949,-78.3703068832856,-6.15466439391537,-78.3770012003119,23.3954268500373,23.3525207943512,2010.45709394431,2010.5,1.2650869392527,45690000
156,73,0.727311602908748,-5.07173143371701,-78.267609603302,-5.02819422430829,-78.3079283841086,24.6454247667213,23.9181131638125,2011.02268631378,2011.74999791668,6.593998636832,45690000
156,74,0.893976880698182,-5.07173143371701,-78.267609603302,-5.198996,-78.28709,24.8120900445107,23.9181131638125,2011.02268631378,2011.91666319447,14.3312850539961,45690000
157,158,0.336698228445089,-9.32928525622483,-75.9352133740673,-9.29038963275721,-75.9452465328061,12.2139905013178,11.8772922728727,1998.98186542284,1999.31856365128,4.46809609722575,45690000
157,81,1.76813249384856,-9.32928525622483,-75.9352133740673,-8.98836,-76.09174,13.6454247667213,11.8772922728727,1998.98186542284,2000.74999791668,41.6699097089803,45690000
158,159,0.556701059963403,-9.29038963275721,-75.9452465328061,-9.27521982560476,-75.8747914523407,12.7706915612812,12.2139905013178,1999.31856365128,1999.87526471124,7.92269354621791,45690000
158,161,8.95190554905481,-9.29038963275721,-75.9452465328061,-9.07856978403128,-76.0587511886687,21.1658960503726,12.2139905013178,1999.31856365128,2008.27046920034,26.6765812573912,45690000
159,76,0.874733205440068,-9.27521982560476,-75.8747914523407,-9.04006,-75.91713,13.6454247667213,12.7706915612812,1999.87526471124,2000.74999791668,26.5892329989654,45690000
159,160,7.09668958495396,-9.27521982560476,-75.8747914523407,-9.00285335071016,-74.7696034677861,19.8673811462351,12.7706915612812,1999.87526471124,2006.9719542962,125.198880997988,45690000
160,77,1.69471098159161,-9.00285335071016,-74.7696034677861,-8.68558,-74.93097,21.5620921278268,19.8673811462351,2006.9719542962,2008.66666527779,39.5295279735888,45690000
160,78,1.86137625938082,-9.00285335071016,-74.7696034677861,-8.78978,-74.2101,21.728757405616,19.8673811462351,2006.9719542962,2008.83333055558,65.9500966763462,45690000
161,79,0.229530799664742,-9.07856978403128,-76.0587511886687,-9.05828,-76.0758,21.3954268500373,21.1658960503726,2008.27046920034,2008.5,2.93506107301411,45690000
161,80,0.396196077454176,-9.07856978403128,-76.0587511886687,-9.01992,-76.08683,21.5620921278268,21.1658960503726,2008.27046920034,2008.66666527779,7.22209083076436,45690000
341,455,1.38865546209126,-13.4309561378097,-73.6322510701691,-13.4352252273805,-73.6369680864213,1.38865546209126,0,1994.40375923493,1995.79241469702,0.697660325739067,46460000
341,342,2.42356569639088,-13.4309561378097,-73.6322510701691,-13.4192402809995,-73.6508050788439,2.42356569639088,0,1994.40375923493,1996.82732493132,2.39528968867331,46460000
342,275,1.83934034647319,-13.4192402809995,-73.6508050788439,-13.3761734052933,-73.6573591966826,4.26290604286407,2.42356569639088,1996.82732493132,1998.66666527779,4.84662503661864,46460000
342,343,0.684865075956473,-13.4192402809995,-73.6508050788439,-13.4576103830711,-73.6511550060118,3.10843077234736,2.42356569639088,1996.82732493132,1997.51219000727,4.27167634957515,46460000
343,347,0.611786496277309,-13.4576103830711,-73.6511550060118,-13.6053834261485,-73.0806446473421,3.72021726862467,3.10843077234736,1997.51219000727,1998.12397650355,63.9021881734919,46460000
343,344,0.178565189241592,-13.4576103830711,-73.6511550060118,-13.5234665684248,-73.5933863462458,3.28699596158895,3.10843077234736,1997.51219000727,1997.69075519651,9.63619676024776,46460000
344,165,0.975910081275121,-13.5234665684248,-73.5933863462458,-13.49733,-73.55038,4.26290604286407,3.28699596158895,1997.69075519651,1998.66666527779,5.48965466268107,46460000
344,345,1.90155526205595,-13.5234665684248,-73.5933863462458,-13.5937667750311,-73.5554595809288,5.1885512236449,3.28699596158895,1997.69075519651,1999.59231045857,8.83710929647009,46460000
345,162,1.4910263469566,-13.5937667750311,-73.5554595809288,-13.61669,-73.55719,6.67957757060151,5.1885512236449,1999.59231045857,2001.08333680553,2.55876146082966,46460000
345,346,0.486804527790529,-13.5937667750311,-73.5554595809288,-13.7591133608015,-73.5086846106238,5.67535575143543,5.1885512236449,1999.59231045857,2000.07911498636,19.0897164281817,46460000
346,163,0.670882930323357,-13.7591133608015,-73.5086846106238,-13.69797,-73.6419,6.34623868175879,5.67535575143543,2000.07911498636,2000.74999791668,15.9334536133115,46460000
346,164,0.00422181916607478,-13.7591133608015,-73.5086846106238,-13.7602696990207,-73.5096470804413,5.67957757060151,5.67535575143543,2000.07911498636,2000.08333680553,0.165534524694655,46460000
347,355,3.0968484187759,-13.6053834261485,-73.0806446473421,-13.6285355368001,-73.1058622495748,6.81706568740057,3.72021726862467,1998.12397650355,2001.22082492233,3.75328231737826,46460000
347,348,0.221881853785279,-13.6053834261485,-73.0806446473421,-13.6173071769055,-73.0888739888728,3.94209912240995,3.72021726862467,1998.12397650355,1998.34585835734,1.59836924141958,46460000
348,173,0.320806920454125,-13.6173071769055,-73.0888739888728,-13.6230769851678,-73.1118395464321,4.26290604286407,3.94209912240995,1998.34585835734,1998.66666527779,2.56639716081361,46460000
348,349,0.291579141760595,-13.6173071769055,-73.0888739888728,-13.6131797921542,-73.0869781750059,4.23367826417054,3.94209912240995,1998.34585835734,1998.6374374991,0.503182087084984,46460000
349,350,1.53665421064008,-13.6131797921542,-73.0869781750059,-13.642724167666,-73.1141308012921,5.77033247481062,4.23367826417054,1998.6374374991,2000.17409170974,4.40989523419309,46460000
349,351,0.907974833496121,-13.6131797921542,-73.0869781750059,-13.620522102139,-73.0973712601784,5.14165309766666,4.23367826417054,1998.6374374991,1999.54541233259,1.39016191015249,46460000
350,166,0.992577734685373,-13.642724167666,-73.1141308012921,-13.6313668879233,-73.1929311910368,6.762910209496,5.77033247481062,2000.17409170974,2001.16666944442,8.61830637132917,46460000
350,167,0.825912456896166,-13.642724167666,-73.1141308012921,-13.6198902170072,-73.0745774144904,6.59624493170679,5.77033247481062,2000.17409170974,2001.00000416663,4.97726790509283,46460000
351,172,1.45459183404013,-13.620522102139,-73.0973712601784,-13.6198477904922,-73.074609674733,6.59624493170679,5.14165309766666,1999.54541233259,2001.00000416663,2.46379335174639,46460000
351,352,0.34511925551794,-13.620522102139,-73.0973712601784,-13.6262336179117,-73.0899968903943,5.4867723531846,5.14165309766666,1999.54541233259,1999.89053158811,1.02021358488121,46460000
352,168,5.02613160636362,-13.6262336179117,-73.0899968903943,-13.6231171324711,-73.1118351358129,10.5129039595482,5.4867723531846,1999.89053158811,2004.91666319447,2.3880418933526,46460000
352,353,0.0955043381083094,-13.6262336179117,-73.0899968903943,-13.6419223410469,-73.1297981010551,5.58227669129291,5.4867723531846,1999.89053158811,1999.98603592622,4.64669019054393,46460000
353,169,1.34729879599252,-13.6419223410469,-73.1297981010551,-13.6231291737993,-73.1119037147994,6.92957548728543,5.58227669129291,1999.98603592622,2001.33333472221,2.85042173987878,46460000
353,354,0.131314767961578,-13.6419223410469,-73.1297981010551,-13.6481069395202,-73.144744980301,5.71359145925449,5.58227669129291,1999.98603592622,2000.11735069418,1.75745597650205,46460000
354,170,0.799312500293732,-13.6481069395202,-73.144744980301,-13.6313588893028,-73.1929783674277,6.51290395954822,5.71359145925449,2000.11735069418,2000.91666319447,5.54118322753091,46460000
354,171,0.965986111347016,-13.6481069395202,-73.144744980301,-13.64361468,-73.16395048,6.67957757060151,5.71359145925449,2000.11735069418,2001.08333680553,2.13701822225045,46460000
355,174,0.0291771609901463,-13.6285355368001,-73.1058622495748,-13.6231101070616,-73.1118369768269,6.84624284839071,6.81706568740057,2001.22082492233,2001.25000208332,0.884667770765576,46460000
355,356,3.20473655663766,-13.6285355368001,-73.1058622495748,-13.6238304102644,-73.1051735116811,10.0218022440382,6.81706568740057,2001.22082492233,2004.42556147896,0.529066597384567,46460000
356,358,0.516132817229138,-13.6238304102644,-73.1051735116811,-13.6153523808897,-73.1341807608446,10.5379350612674,10.0218022440382,2004.42556147896,2004.94169429619,3.27723981566887,46460000
356,357,4.87205515796749,-13.6238304102644,-73.1051735116811,-13.6739510571579,-72.9999773861195,14.8938574020057,10.0218022440382,2004.42556147896,2009.29761663693,12.6743623684914,46460000
357,176,1.28571600196386,-13.6739510571579,-72.9999773861195,-13.64901,-72.91955,16.1795734039696,14.8938574020057,2009.29761663693,2010.58333263889,9.13248187605495,46460000
357,175,1.11905072417443,-13.6739510571579,-72.9999773861195,-13.68247,-73.03259,16.0129081261801,14.8938574020057,2009.29761663693,2010.41666736111,3.65285188020782,46460000
358,359,1.58675900180047,-13.6153523808897,-73.1341807608446,-13.6460839851782,-73.0966488813597,12.1246940630678,10.5379350612674,2004.94169429619,2006.52845329799,5.30962528575723,46460000
358,437,1.93054828352178,-13.6153523808897,-73.1341807608446,-13.5522174334883,-73.4793405652585,12.4684833447891,10.5379350612674,2004.94169429619,2006.87224257971,38.0052388083404,46460000
359,360,0.704414646953318,-13.6460839851782,-73.0966488813597,-13.6372183864479,-73.1119200618972,12.8291087100212,12.1246940630678,2006.52845329799,2007.23286794495,1.92444056655684,46460000
359,435,0.848062641264291,-13.6460839851782,-73.0966488813597,-13.5253906702708,-73.5451775646392,12.9727567043321,12.1246940630678,2006.52845329799,2007.37651593926,50.3602550121621,46460000
360,361,0.653215995854071,-13.6372183864479,-73.1119200618972,-13.6482373677441,-73.1961724348892,13.4823247058752,12.8291087100212,2007.23286794495,2007.8860839408,9.19684102730957,46460000
360,412,0.544836159629094,-13.6372183864479,-73.1119200618972,-13.6360997044937,-73.0949592999488,13.3739448696502,12.8291087100212,2007.23286794495,2007.77770410458,1.83913304342542,46460000
361,362,1.07290290961754,-13.6482373677441,-73.1961724348892,-13.6483764137267,-72.9142369984946,14.5552276154928,13.4823247058752,2007.8860839408,2008.95898685042,30.4998772471555,46460000
361,411,0.0884414090222778,-13.6482373677441,-73.1961724348892,-13.6468790450834,-73.2000941936615,13.5707661148975,13.4823247058752,2007.8860839408,2007.97452534982,0.4504008785581,46460000
362,363,0.0158688539976106,-13.6483764137267,-72.9142369984946,-13.6496506812086,-72.9184411124686,14.5710964694904,14.5552276154928,2008.95898685042,2008.97485570442,0.476410908072789,46460000
362,410,0.0250415517388118,-13.6483764137267,-72.9142369984946,-13.6517911602192,-72.899233128846,14.5802691672316,14.5552276154928,2008.95898685042,2008.98402840216,1.6670333253413,46460000
363,382,1.33128602680722,-13.6496506812086,-72.9184411124686,-13.6650498255163,-72.9015651486236,15.9023824962976,14.5710964694904,2008.97485570442,2010.30614173122,2.50430276893471,46460000
363,364,0.3089919670422,-13.6496506812086,-72.9184411124686,-13.6583807994381,-72.9114959759694,14.8800884365326,14.5710964694904,2008.97485570442,2009.28384767146,1.22841271764779,46460000
364,374,0.249207996953025,-13.6583807994381,-72.9114959759694,-13.6541799595911,-72.913291729548,15.1292964334856,14.8800884365326,2009.28384767146,2009.53305566841,0.506395573482649,46460000
364,365,0.101855793613449,-13.6583807994381,-72.9114959759694,-13.6564711394619,-72.9044425654549,14.981944230146,14.8800884365326,2009.28384767146,2009.38570346507,0.792073551514714,46460000
365,366,0.126185115303996,-13.6564711394619,-72.9044425654549,-13.6515755333341,-72.8901411161279,15.10812934545,14.981944230146,2009.38570346507,2009.51188858038,1.64028531782932,46460000
365,372,0.0594194623000965,-13.6564711394619,-72.9044425654549,-13.6719012675511,-72.9062910973755,15.0413636924461,14.981944230146,2009.38570346507,2009.44512292737,1.72934113224832,46460000
366,369,0.397666520411075,-13.6515755333341,-72.8901411161279,-13.644867832173,-72.9077205310092,15.5057958658611,15.10812934545,2009.51188858038,2009.90955510079,2.04309741241653,46460000
366,367,0.227996724635474,-13.6515755333341,-72.8901411161279,-13.6423218362054,-72.8903971266966,15.3361260700855,15.10812934545,2009.51188858038,2009.73988530501,1.03052962541522,46460000
367,368,0.249263664688502,-13.6423218362054,-72.8903971266966,-13.6291296216812,-72.8939710822722,15.585389734774,15.3361260700855,2009.73988530501,2009.9891489697,1.51865423815845,46460000
367,179,0.343451500516018,-13.6423218362054,-72.8903971266966,-13.64260885,-72.88095487,15.6795775706015,15.3361260700855,2009.73988530501,2010.08333680553,1.02199153527988,46460000
368,177,0.0941878358275163,-13.6291296216812,-72.8939710822722,-13.61669,-72.89469,15.6795775706015,15.585389734774,2009.9891489697,2010.08333680553,1.38700948642359,46460000
368,178,0.0941878358275163,-13.6291296216812,-72.8939710822722,-13.62708,-72.89845,15.6795775706015,15.585389734774,2009.9891489697,2010.08333680553,0.535605031122788,46460000
369,183,0.507112260319058,-13.644867832173,-72.9077205310092,-13.65013,-72.9079,16.0129081261801,15.5057958658611,2009.90955510079,2010.41666736111,0.586126535117599,46460000
369,370,0.0253059935772995,-13.644867832173,-72.9077205310092,-13.6733803750599,-72.9093311243862,15.5311018594384,15.5057958658611,2009.90955510079,2009.93486109436,3.17890467859789,46460000
370,182,0.231808350057607,-13.6733803750599,-72.9093311243862,-13.67702,-72.90166,15.762910209496,15.5311018594384,2009.93486109436,2010.16666944442,0.923410646750834,46460000
370,371,0.465401422502848,-13.6733803750599,-72.9093311243862,-13.7155741777723,-72.93192891337,15.9965032819412,15.5311018594384,2009.93486109436,2010.40026251687,5.29503376315686,46460000
371,181,0.099737483133628,-13.7155741777723,-72.93192891337,-13.71471,-72.92747,16.0962407650749,15.9965032819412,2010.40026251687,2010.5,0.491732412533485,46460000
371,180,0.183070122028345,-13.7155741777723,-72.93192891337,-13.74389,-72.97218,16.1795734039696,15.9965032819412,2010.40026251687,2010.58333263889,5.37438456711065,46460000
372,186,0.554881239260674,-13.6719012675511,-72.9062910973755,-13.67012,-72.92948,15.5962449317068,15.0413636924461,2009.44512292737,2010.00000416663,2.51616812980298,46460000
372,373,0.229869797859469,-13.6719012675511,-72.9062910973755,-13.6705233101472,-72.8989352261638,15.2712334903056,15.0413636924461,2009.44512292737,2009.67499272523,0.810335455515297,46460000
373,185,0.325011441401206,-13.6705233101472,-72.8989352261638,-13.6797619536579,-72.8700922540057,15.5962449317068,15.2712334903056,2009.67499272523,2010.00000416663,3.28503783437522,46460000
373,184,0.408344080295923,-13.6705233101472,-72.8989352261638,-13.67325,-72.92323,15.6795775706015,15.2712334903056,2009.67499272523,2010.08333680553,2.645427001098,46460000
374,375,0.255080506837337,-13.6541799595911,-72.913291729548,-13.6380241790082,-72.8981406359625,15.3843769403229,15.1292964334856,2009.53305566841,2009.78813617525,2.43335693404779,46460000
374,195,0.466948498221194,-13.6541799595911,-72.913291729548,-13.65354,-72.91645,15.5962449317068,15.1292964334856,2009.53305566841,2010.00000416663,0.349003609538675,46460000
375,376,0.156704980415394,-13.6380241790082,-72.8981406359625,-13.6289229200517,-72.8994425648765,15.5410819207383,15.3843769403229,2009.78813617525,2009.94484115566,1.02293106350278,46460000
375,379,0.146610968594895,-13.6380241790082,-72.8981406359625,-13.644311843257,-72.904002330998,15.5309879089178,15.3843769403229,2009.78813617525,2009.93474714384,0.944503459539766,46460000
376,190,0.221828288757671,-13.6289229200517,-72.8994425648765,-13.6297,-72.90354,15.762910209496,15.5410819207383,2009.94484115566,2010.16666944442,0.45165955286095,46460000
376,377,0.598025548717614,-13.6289229200517,-72.8994425648765,-13.6327872930767,-72.9123548061241,16.1391074694559,15.5410819207383,2009.94484115566,2010.54286670438,1.46169425158871,46460000
377,187,0.79046801782949,-13.6327872930767,-72.9123548061241,-13.65118818,-72.90838146,16.9295754872854,16.1391074694559,2010.54286670438,2011.33333472221,2.09307205872412,46460000
377,378,0.190934752499457,-13.6327872930767,-72.9123548061241,-13.6165726878533,-72.9195176284713,16.3300422219554,16.1391074694559,2010.54286670438,2010.73380145688,1.96439333353875,46460000
378,189,1.34953534864611,-13.6165726878533,-72.9195176284713,-13.641482,-72.83627,17.6795775706015,16.3300422219554,2010.73380145688,2012.08333680553,9.42371749896471,46460000
378,188,0.349535348646109,-13.6165726878533,-72.9195176284713,-13.61913225,-72.916739,16.6795775706015,16.3300422219554,2010.73380145688,2011.08333680553,0.414210667791925,46460000
379,194,0.148589661683679,-13.644311843257,-72.904002330998,-13.64171,-72.91106,15.6795775706015,15.5309879089178,2009.93474714384,2010.08333680553,0.81661231679207,46460000
379,380,0.0421026744096102,-13.644311843257,-72.904002330998,-13.6452519246201,-72.8995409981444,15.5730905833274,15.5309879089178,2009.93474714384,2009.97684981825,0.493851856313329,46460000
380,381,0.0511883334753636,-13.6452519246201,-72.8995409981444,-13.6415990295399,-72.9049089890833,15.6242789168028,15.5730905833274,2009.97684981825,2010.02803815173,0.708947962773941,46460000
380,193,0.0231543483793519,-13.6452519246201,-72.8995409981444,-13.6359,-72.9095,15.5962449317068,15.5730905833274,2009.97684981825,2010.00000416663,1.49822297104417,46460000
381,191,0.0552986537987055,-13.6415990295399,-72.9049089890833,-13.62786,-72.90173,15.6795775706015,15.6242789168028,2010.02803815173,2010.08333680553,1.5676730312073,46460000
381,192,0.888625042745422,-13.6415990295399,-72.9049089890833,-13.67975041019,-72.8700354465005,16.5129039595482,15.6242789168028,2010.02803815173,2010.91666319447,5.6806357918726,46460000
382,224,0.110525629882559,-13.6650498255163,-72.9015651486236,-13.6564,-72.91622,16.0129081261801,15.9023824962976,2010.30614173122,2010.41666736111,1.85482128540576,46460000
382,383,0.388670977995857,-13.6650498255163,-72.9015651486236,-13.7412670370541,-72.9093077989252,16.2910534742934,15.9023824962976,2010.30614173122,2010.69481270922,8.52601892117904,46460000
383,384,0.0097972777519455,-13.7412670370541,-72.9093077989252,-13.7401704532695,-72.9116689251203,16.3008507520454,16.2910534742934,2010.69481270922,2010.70460998697,0.283009640162237,46460000
383,196,0.388524096308061,-13.7412670370541,-72.9093077989252,-13.74860789,-72.89700838,16.6795775706015,16.2910534742934,2010.69481270922,2011.08333680553,1.56101213342275,46460000
384,385,0.0543005534840897,-13.7401704532695,-72.9116689251203,-13.7638326308323,-72.8680140598317,16.3551513055295,16.3008507520454,2010.70460998697,2010.75891054045,5.40574636664542,46460000
384,405,0.0141589173048013,-13.7401704532695,-72.9116689251203,-13.7381153733194,-72.9151058727495,16.3150096693502,16.3008507520454,2010.70460998697,2010.71876890428,0.436435680781779,46460000
385,386,0.0411173192490322,-13.7638326308323,-72.8680140598317,-13.7592566523927,-72.8739704331074,16.3962686247785,16.3551513055295,2010.75891054045,2010.8000278597,0.821162206439721,46460000
385,403,0.144123012613838,-13.7638326308323,-72.8680140598317,-13.7698309302284,-72.850805365852,16.4992743181433,16.3551513055295,2010.75891054045,2010.90303355307,1.97689473104,46460000
386,387,0.0696027020092382,-13.7592566523927,-72.8739704331074,-13.7435935666235,-72.9748586952774,16.4658713267878,16.3962686247785,2010.8000278597,2010.86963056171,11.0478102779228,46460000
386,391,0.218972756803959,-13.7592566523927,-72.8739704331074,-13.8245289341909,-72.8145908795023,16.6152413815825,16.3962686247785,2010.8000278597,2011.01900061651,9.69605589465626,46460000
387,197,0.0470326327604711,-13.7435935666235,-72.9748586952774,-13.7508132032849,-72.9714989997118,16.5129039595482,16.4658713267878,2010.86963056171,2010.91666319447,0.882014449498054,46460000
387,388,0.056847824637275,-13.7435935666235,-72.9748586952774,-13.7465517950208,-72.9837277036373,16.522719151425,16.4658713267878,2010.86963056171,2010.92647838635,1.01402372854866,46460000
388,390,0.415235676287335,-13.7465517950208,-72.9837277036373,-13.7814470293039,-72.9863945242933,16.9379548277124,16.522719151425,2010.92647838635,2011.34171406264,3.89536005768147,46460000
388,389,0.0660642076205373,-13.7465517950208,-72.9837277036373,-13.7444303435082,-72.9674777261564,16.5887833590456,16.522719151425,2010.92647838635,2010.99254259397,1.7730012349159,46460000
389,199,0.0907942115559426,-13.7444303435082,-72.9674777261564,-13.7507539843276,-72.9715273775778,16.6795775706015,16.5887833590456,2010.99254259397,2011.08333680553,0.829059708640901,46460000
389,198,0.00746157266122549,-13.7444303435082,-72.9674777261564,-13.7508315854423,-72.9715221967207,16.5962449317068,16.5887833590456,2010.99254259397,2011.00000416663,0.836114379231355,46460000
390,200,0.158285937362503,-13.7814470293039,-72.9863945242933,-13.7833,-72.982,17.0962407650749,16.9379548277124,2011.34171406264,2011.5,0.517976548865924,46460000
390,201,0.0749532984677861,-13.7814470293039,-72.9863945242933,-13.79335065,-72.99122792,17.0129081261801,16.9379548277124,2011.34171406264,2011.41666736111,1.42447165218881,46460000
391,392,0.528661866528181,-13.8245289341909,-72.8145908795023,-13.8040677711172,-72.8288286439198,17.1439032481107,16.6152413815825,2011.01900061651,2011.54766248304,2.74908123638623,46460000
391,396,0.592053996884414,-13.8245289341909,-72.8145908795023,-13.8464563665379,-72.7842947139127,17.2072953784669,16.6152413815825,2011.01900061651,2011.61105461339,4.08451173867452,46460000
392,393,0.0478870543414261,-13.8040677711172,-72.8288286439198,-13.8026524756517,-72.8241771239102,17.1917903024521,17.1439032481107,2011.54766248304,2011.59554953738,0.526975113335599,46460000
392,202,0.119002794753418,-13.8040677711172,-72.8288286439198,-13.7964825,-72.83230959,17.2629060428641,17.1439032481107,2011.54766248304,2011.66666527779,0.924483338915921,46460000
393,394,0.214348298294911,-13.8026524756517,-72.8241771239102,-13.8244265521347,-72.8233207799481,17.406138600747,17.1917903024521,2011.59554953738,2011.80989783567,2.42574161167808,46460000
393,203,0.40445462925471,-13.8026524756517,-72.8241771239102,-13.8137,-72.8199,17.5962449317068,17.1917903024521,2011.59554953738,2012.00000416663,1.31390227220533,46460000
394,204,0.190106330959799,-13.8244265521347,-72.8233207799481,-13.824581,-72.820168,17.5962449317068,17.406138600747,2011.80989783567,2012.00000416663,0.34124598129321,46460000
394,395,0.0718727471443399,-13.8244265521347,-72.8233207799481,-13.82618700014,-72.8254514380279,17.4780113478913,17.406138600747,2011.80989783567,2011.88177058282,0.302417009295705,46460000
395,206,0.118233583815459,-13.82618700014,-72.8254514380279,-13.8278,-72.8256,17.5962449317068,17.4780113478913,2011.88177058282,2012.00000416663,0.18028208546754,46460000
395,205,0.118233583815459,-13.82618700014,-72.8254514380279,-13.831311,-72.825813,17.5962449317068,17.4780113478913,2011.88177058282,2012.00000416663,0.571760901468152,46460000
396,397,0.131352306384801,-13.8464563665379,-72.7842947139127,-13.891073403529,-72.8753169342695,17.3386476848517,17.2072953784669,2011.61105461339,2011.74240691978,11.0203337334413,46460000
396,207,0.222275942186619,-13.8464563665379,-72.7842947139127,-13.85205,-72.77877,17.4295713206535,17.2072953784669,2011.61105461339,2011.83333055558,0.86275892645299,46460000
397,398,0.542984933764697,-13.891073403529,-72.8753169342695,-13.8928758302986,-72.9632751984456,17.8816326186164,17.3386476848517,2011.74240691978,2012.28539185354,9.50756147411769,46460000
397,399,0.0407576163040886,-13.891073403529,-72.8753169342695,-13.8884242579967,-72.8831739033644,17.3794053011558,17.3386476848517,2011.74240691978,2011.78316453608,0.898850227612382,46460000
398,209,0.047942868669046,-13.8928758302986,-72.9632751984456,-13.8916725445958,-72.9617071434484,17.9295754872854,17.8816326186164,2012.28539185354,2012.33333472221,0.216007095610241,46460000
398,208,0.047942868669046,-13.8928758302986,-72.9632751984456,-13.8917262729179,-72.961698335362,17.9295754872854,17.8816326186164,2012.28539185354,2012.33333472221,0.213110114766844,46460000
399,210,0.216839630551013,-13.8884242579967,-72.8831739033644,-13.8818,-72.8858,17.5962449317068,17.3794053011558,2011.78316453608,2012.00000416663,0.790164477454547,46460000
399,400,0.0751072027049667,-13.8884242579967,-72.8831739033644,-13.9011346807036,-72.9008320772134,17.4545125038607,17.3794053011558,2011.78316453608,2011.85827173879,2.37562306476638,46460000
400,402,0.387553723874232,-13.9011346807036,-72.9008320772134,-13.900669295118,-72.9107507303847,17.842066227735,17.4545125038607,2011.85827173879,2012.24582546266,1.07309571111218,46460000
400,401,0.532009043948729,-13.9011346807036,-72.9008320772134,-13.851208427562,-72.9757113362975,17.9865215478095,17.4545125038607,2011.85827173879,2012.39028078273,9.81738251412388,46460000
401,212,0.0263865783706758,-13.851208427562,-72.9757113362975,-13.8511,-72.9778,18.0129081261801,17.9865215478095,2012.39028078273,2012.41666736111,0.226079175687884,46460000
401,211,0.0263865783706758,-13.851208427562,-72.9757113362975,-13.851854,-72.976275,18.0129081261801,17.9865215478095,2012.39028078273,2012.41666736111,0.0942164942421754,46460000
402,213,0.170841898445173,-13.900669295118,-72.9107507303847,-13.91296,-72.962987,18.0129081261801,17.842066227735,2012.24582546266,2012.41666736111,5.80815173151046,46460000
402,214,0.00417662065573871,-13.900669295118,-72.9107507303847,-13.8994,-72.9026,17.8462428483907,17.842066227735,2012.24582546266,2012.25000208332,0.892062005360118,46460000
403,404,0.263508085736572,-13.7698309302284,-72.850805365852,-13.7741279169764,-72.8779943501029,16.7627824038799,16.4992743181433,2010.90303355307,2011.16654163881,2.9784302152436,46460000
403,215,0.0969706135634698,-13.7698309302284,-72.850805365852,-13.76596764,-72.85201464,16.5962449317068,16.4992743181433,2010.90303355307,2011.00000416663,0.449513179838118,46460000
404,217,0.00012780561610426,-13.7741279169764,-72.8779943501029,-13.7741034899261,-72.8780038542496,16.762910209496,16.7627824038799,2011.16654163881,2011.16666944442,0.00290782972072956,46460000
404,216,0.00012780561610426,-13.7741279169764,-72.8779943501029,-13.7740465113998,-72.8779415459835,16.762910209496,16.7627824038799,2011.16654163881,2011.16666944442,0.0107106495211705,46460000
405,407,0.152792225599923,-13.7381153733194,-72.9151058727495,-13.7669537987664,-72.9028434645154,16.4678018949501,16.3150096693502,2010.71876890428,2010.87156112988,3.47345368595737,46460000
405,406,0.277938998017876,-13.7381153733194,-72.9151058727495,-13.7436246115469,-72.8919548247088,16.5929486673681,16.3150096693502,2010.71876890428,2010.99670790229,2.57753277206501,46460000
406,218,0.169961542127927,-13.7436246115469,-72.8919548247088,-13.74963041,-72.88133904,16.762910209496,16.5929486673681,2010.99670790229,2011.16666944442,1.32844839409252,46460000
406,219,0.169961542127927,-13.7436246115469,-72.8919548247088,-13.75015529,-72.87303278,16.762910209496,16.5929486673681,2010.99670790229,2011.16666944442,2.17145758536771,46460000
407,220,0.128443036756674,-13.7669537987664,-72.9028434645154,-13.74557677,-72.87024537,16.5962449317068,16.4678018949501,2010.87156112988,2011.00000416663,4.25298901568142,46460000
407,408,0.137983417695883,-13.7669537987664,-72.9028434645154,-13.7599028805305,-72.9059892971295,16.605785312646,16.4678018949501,2010.87156112988,2011.00954454757,0.855468387963704,46460000
408,223,0.657120730218073,-13.7599028805305,-72.9059892971295,-13.78947401,-72.84300698,17.2629060428641,16.605785312646,2011.00954454757,2011.66666527779,7.56374461650817,46460000
408,409,0.0284440820239067,-13.7599028805305,-72.9059892971295,-13.7583040885796,-72.9069029261423,16.6342293946699,16.605785312646,2011.00954454757,2011.0379886296,0.203562481518405,46460000
409,221,0.0453481759316012,-13.7583040885796,-72.9069029261423,-13.7407,-72.9795,16.6795775706015,16.6342293946699,2011.0379886296,2011.08333680553,8.09112034224315,46460000
409,222,0.0453481759316012,-13.7583040885796,-72.9069029261423,-13.74752073,-72.89668529,16.6795775706015,16.6342293946699,2011.0379886296,2011.08333680553,1.63149461938058,46460000
410,226,0.6826368756325,-13.6517911602192,-72.899233128846,-13.64588,-72.89052,15.2629060428641,14.5802691672316,2008.98402840216,2009.66666527779,1.14956721608427,46460000
410,225,0.349306320053859,-13.6517911602192,-72.899233128846,-13.6764,-72.9485,14.9295754872854,14.5802691672316,2008.98402840216,2009.33333472221,5.99225496676984,46460000
411,227,0.442142011282646,-13.6468790450834,-73.2000941936615,-13.6075,-73.3,14.0129081261801,13.5707661148975,2007.97452534982,2008.41666736111,11.6639767510912,46460000
411,228,2.02547881680929,-13.6468790450834,-73.2000941936615,-13.6075,-73.2726,15.5962449317068,13.5707661148975,2007.97452534982,2010.00000416663,8.98624698418964,46460000
412,413,0.389718613331634,-13.6360997044937,-73.0949592999488,-13.6341958488458,-73.0818288702206,13.7636634829819,13.3739448696502,2007.77770410458,2008.16742271791,1.43625780885007,46460000
412,414,0.241445115879513,-13.6360997044937,-73.0949592999488,-13.6379152466978,-73.0959513795095,13.6153899855298,13.3739448696502,2007.77770410458,2008.01914922045,0.228843142885161,46460000
413,230,0.499242559882191,-13.6341958488458,-73.0818288702206,-13.6409907338472,-73.091088599151,14.2629060428641,13.7636634829819,2008.16742271791,2008.66666527779,1.25527935641883,46460000
413,229,0.249244643198267,-13.6341958488458,-73.0818288702206,-13.651,-73.0758,14.0129081261801,13.7636634829819,2008.16742271791,2008.41666736111,1.98114175819951,46460000
414,430,0.605482229806714,-13.6379152466978,-73.0959513795095,-13.6384881204842,-73.0952738527053,14.2208722153365,13.6153899855298,2008.01914922045,2008.62463145026,0.0971587965467244,46460000
414,415,1.62252161707702,-13.6379152466978,-73.0959513795095,-13.4854601416752,-72.8923712434102,15.2379116026068,13.6153899855298,2008.01914922045,2009.64167083753,27.8105860435463,46460000
415,417,0.565715301520225,-13.4854601416752,-72.8923712434102,-13.4384148405493,-72.9017462275485,15.803626904127,15.2379116026068,2009.64167083753,2010.20738613905,5.33471079886546,46460000
415,416,0.111402453894397,-13.4854601416752,-72.8923712434102,-13.4743477667076,-72.8756632702677,15.3493140565012,15.2379116026068,2009.64167083753,2009.75307329143,2.19133498578803,46460000
416,231,0.0802572641523289,-13.4743477667076,-72.8756632702677,-13.4743474842053,-72.8756632496906,15.4295713206535,15.3493140565012,2009.75307329143,2009.83333055558,9.50453877449036e-05,46460000
416,232,0.913591986362895,-13.4743477667076,-72.8756632702677,-13.4744189390931,-72.8756684543612,16.2629060428641,15.3493140565012,2009.75307329143,2010.66666527779,0.0079424057113462,46460000
417,418,0.349475860676649,-13.4384148405493,-72.9017462275485,-13.5121790495956,-72.8427977643951,16.1531027648037,15.803626904127,2010.20738613905,2010.55686199973,10.399930074453,46460000
417,233,0.209281222053142,-13.4384148405493,-72.9017462275485,-13.43765,-72.89533,16.0129081261801,15.803626904127,2010.20738613905,2010.41666736111,0.699921850652183,46460000
418,420,0.0495498709466593,-13.5121790495956,-72.8427977643951,-13.5118349954232,-72.8191415056068,16.2026526357503,16.1531027648037,2010.55686199973,2010.60641187068,2.56089987389491,46460000
418,419,1.25186549602355,-13.5121790495956,-72.8427977643951,-13.4725746277487,-72.8639801946785,17.4049682608272,16.1531027648037,2010.55686199973,2011.80872749575,4.96956075105876,46460000
419,235,0.0246030598262988,-13.4725746277487,-72.8639801946785,-13.471,-72.8639,17.4295713206535,17.4049682608272,2011.80872749575,2011.83333055558,0.17550855962321,46460000
419,234,0.524607226458224,-13.4725746277487,-72.8639801946785,-13.4903,-72.8918,17.9295754872854,17.4049682608272,2011.80872749575,2012.33333472221,3.60054316703574,46460000
420,421,0.231747569302885,-13.5118349954232,-72.8191415056068,-13.5154389370033,-72.8102514423028,16.4344002050532,16.2026526357503,2010.60641187068,2010.83815943998,1.04256469120064,46460000
420,425,0.559161593003473,-13.5118349954232,-72.8191415056068,-13.5054197231297,-72.8144295042752,16.7618142287538,16.2026526357503,2010.60641187068,2011.16557346368,0.877604767845764,46460000
421,424,0.165375980077528,-13.5154389370033,-72.8102514423028,-13.5157549916713,-72.81650174898,16.5997761851307,16.4344002050532,2010.83815943998,2011.00353542006,0.6774531550953,46460000
421,422,0.492119763860127,-13.5154389370033,-72.8102514423028,-13.4985178989303,-72.7985192542456,16.9265199689133,16.4344002050532,2010.83815943998,2011.33027920384,2.27181718302212,46460000
422,423,0.204538912873317,-13.4985178989303,-72.7985192542456,-13.4931845496934,-72.7914445301151,17.1310588817866,16.9265199689133,2011.33027920384,2011.53481811671,0.969031465663461,46460000
422,238,0.0863881572668221,-13.4985178989303,-72.7985192542456,-13.498337329962,-72.8080455113503,17.0129081261801,16.9265199689133,2011.33027920384,2011.41666736111,1.03140082577543,46460000
423,236,0.298512438866864,-13.4931845496934,-72.7914445301151,-13.51395,-72.81362,17.4295713206535,17.1310588817866,2011.53481811671,2011.83333055558,3.33255151086645,46460000
423,237,0.298512438866864,-13.4931845496934,-72.7914445301151,-13.47072,-72.77116,17.4295713206535,17.1310588817866,2011.53481811671,2011.83333055558,3.32810642389645,46460000
424,240,0.413131941049422,-13.5157549916713,-72.81650174898,-13.4983463404084,-72.8080438154999,17.0129081261801,16.5997761851307,2011.00353542006,2011.41666736111,2.14336838896181,46460000
424,239,0.329799302154705,-13.5157549916713,-72.81650174898,-13.51078073,-72.82340248,16.9295754872854,16.5997761851307,2011.00353542006,2011.33333472221,0.929825735618121,46460000
425,426,0.119593744450075,-13.5054197231297,-72.8144295042752,-13.5111437559022,-72.8043044134102,16.8814079732039,16.7618142287538,2011.16557346368,2011.28516720813,1.26776541385532,46460000
425,429,0.535842745271747,-13.5054197231297,-72.8144295042752,-13.5092462900417,-72.8315606396341,17.2976569740255,16.7618142287538,2011.16557346368,2011.70141620895,1.90265453516706,46460000
426,241,0.0481675140815689,-13.5111437559022,-72.8043044134102,-13.51264431,-72.81222981,16.9295754872854,16.8814079732039,2011.28516720813,2011.33333472221,0.873978234236976,46460000
426,427,0.0499270624919439,-13.5111437559022,-72.8043044134102,-13.4967672450284,-72.8000716188811,16.9313350356958,16.8814079732039,2011.28516720813,2011.33509427062,1.66474291693217,46460000
427,428,0.395950718492381,-13.4967672450284,-72.8000716188811,-13.4765206567997,-72.7993345817943,17.3272857541882,16.9313350356958,2011.33509427062,2011.73104498911,2.25534034687144,46460000
427,242,0.4982362849577,-13.4967672450284,-72.8000716188811,-13.4865744629612,-72.8089495926118,17.4295713206535,16.9313350356958,2011.33509427062,2011.83333055558,1.48700140930496,46460000
428,244,0.10228556646532,-13.4765206567997,-72.7993345817943,-13.478,-72.80967,17.4295713206535,17.3272857541882,2011.73104498911,2011.83333055558,1.13094955533073,46460000
428,243,0.10228556646532,-13.4765206567997,-72.7993345817943,-13.4866387481759,-72.8089582624745,17.4295713206535,17.3272857541882,2011.73104498911,2011.83333055558,1.53432117181333,46460000
429,246,0.131914346627972,-13.5092462900417,-72.8315606396341,-13.50964,-72.82766,17.4295713206535,17.2976569740255,2011.70141620895,2011.83333055558,0.424488460771518,46460000
429,245,0.798583791049331,-13.5092462900417,-72.8315606396341,-13.508855,-72.83628,18.0962407650749,17.2976569740255,2011.70141620895,2012.5,0.512695701591573,46460000
430,247,1.45870535526503,-13.6384881204842,-73.0952738527053,-13.62536,-72.8939,15.6795775706015,14.2208722153365,2008.62463145026,2010.08333680553,21.8351700292498,46460000
430,431,0.0138852700108409,-13.6384881204842,-73.0952738527053,-13.6447361597086,-73.0917906714026,14.2347574853473,14.2208722153365,2008.62463145026,2008.63851672027,0.791070921974848,46460000
431,432,0.201769257154919,-13.6447361597086,-73.0917906714026,-13.6496277141646,-73.0880875632206,14.4365267425022,14.2347574853473,2008.63851672027,2008.84028597743,0.676029534914927,46460000
431,248,0.028148557516757,-13.6447361597086,-73.0917906714026,-13.6409684490241,-73.0911214807308,14.2629060428641,14.2347574853473,2008.63851672027,2008.66666527779,0.425638004600786,46460000
432,433,0.301148627377215,-13.6496277141646,-73.0880875632206,-13.6433471255877,-73.075639322061,14.7376753698794,14.4365267425022,2008.84028597743,2009.1414346048,1.51735291112281,46460000
432,249,1.99304457815127,-13.6496277141646,-73.0880875632206,-13.64668,-73.08495,16.4295713206535,14.4365267425022,2008.84028597743,2010.83333055558,0.47211328811683,46460000
433,434,1.86064672875254,-13.6433471255877,-73.075639322061,-13.6429749222932,-73.1636203088984,16.598322098632,14.7376753698794,2009.1414346048,2011.00208133356,9.51811187757873,46460000
433,252,0.108567478511266,-13.6433471255877,-73.075639322061,-13.6497,-73.0807,14.8462428483907,14.7376753698794,2009.1414346048,2009.25000208332,0.894367317057128,46460000
434,251,0.747916583126804,-13.6429749222932,-73.1636203088984,-13.6308,-73.2021,17.3462386817588,16.598322098632,2011.00208133356,2011.74999791668,4.37802864144393,46460000
434,250,0.664583944232087,-13.6429749222932,-73.1636203088984,-13.6134,-73.2032,17.2629060428641,16.598322098632,2011.00208133356,2011.66666527779,5.40151159174969,46460000
435,255,1.20681669963746,-13.5253906702708,-73.5451775646392,-13.51681,-73.52962,14.1795734039696,12.9727567043321,2007.37651593926,2008.58333263889,1.93599526802781,46460000
435,436,1.84055551131044,-13.5253906702708,-73.5451775646392,-13.5297191713886,-73.5402511015079,14.8133122156426,12.9727567043321,2007.37651593926,2009.21707145057,0.71869038670521,46460000
436,253,0.866265354958946,-13.5297191713886,-73.5402511015079,-13.51619,-73.72242,15.6795775706015,14.8133122156426,2009.21707145057,2010.08333680553,19.7749559703225,46460000
436,254,1.2829285494323,-13.5297191713886,-73.5402511015079,-13.5281,-73.5501,16.0962407650749,14.8133122156426,2009.21707145057,2010.5,1.0811264597103,46460000
437,256,2.46109214249629,-13.5522174334883,-73.4793405652585,-13.50515,-73.45191,14.9295754872854,12.4684833447891,2006.87224257971,2009.33333472221,6.02240813689183,46460000
437,438,1.09092259483121,-13.5522174334883,-73.4793405652585,-13.5506366106501,-73.5307798931073,13.5594059396203,12.4684833447891,2006.87224257971,2007.96316517455,5.56978229841156,46460000
438,441,0.887612797405847,-13.5506366106501,-73.5307798931073,-13.5485887959042,-73.5113826825686,14.4470187370262,13.5594059396203,2007.96316517455,2008.85077797195,2.11161362022676,46460000
438,439,0.400331716066395,-13.5506366106501,-73.5307798931073,-13.4902296564726,-73.551413210701,13.9597376556867,13.5594059396203,2007.96316517455,2008.36349689061,7.08588797735606,46460000
439,259,0.303168387177327,-13.4902296564726,-73.551413210701,-13.4951311307205,-73.5439217299948,14.2629060428641,13.9597376556867,2008.36349689061,2008.66666527779,0.977443284260597,46460000
439,440,0.00147288628759767,-13.4902296564726,-73.551413210701,-13.4904054851216,-73.5516682770956,13.9612105419743,13.9597376556867,2008.36349689061,2008.3649697769,0.0338457680038844,46460000
440,258,0.385028139784446,-13.4904054851216,-73.5516682770956,-13.4951534385187,-73.5439860347272,14.3462386817588,13.9612105419743,2008.3649697769,2008.74999791668,0.985370717574054,46460000
440,257,0.301695500889729,-13.4904054851216,-73.5516682770956,-13.4951002119812,-73.5438960882274,14.2629060428641,13.9612105419743,2008.3649697769,2008.66666527779,0.990462619218863,46460000
441,274,1.56588938915395,-13.5485887959042,-73.5113826825686,-13.477,-73.3723,16.0129081261801,14.4470187370262,2008.85077797195,2010.41666736111,17.033934237177,46460000
441,442,0.0254872720362913,-13.5485887959042,-73.5113826825686,-13.5532213514959,-73.485657198516,14.4725060090625,14.4470187370262,2008.85077797195,2008.87626524399,2.83149750933625,46460000
442,444,0.633407960388448,-13.5532213514959,-73.485657198516,-13.5567884401322,-73.4867302303875,15.1059139694509,14.4725060090625,2008.87626524399,2009.50967320438,0.413733620978666,46460000
442,443,0.85793732873765,-13.5532213514959,-73.485657198516,-13.537546648909,-73.527591144332,15.3304433378001,14.4725060090625,2008.87626524399,2009.73420257273,4.86230335223435,46460000
443,261,0.765797427274727,-13.537546648909,-73.527591144332,-13.53184,-73.5287,16.0962407650749,15.3304433378001,2009.73420257273,2010.5,0.646522984656411,46460000
443,260,0.765797427274727,-13.537546648909,-73.527591144332,-13.6452,-73.0856,16.0962407650749,15.3304433378001,2009.73420257273,2010.5,49.3049324184349,46460000
444,448,1.66499876202487,-13.5567884401322,-73.4867302303875,-13.5672309661495,-73.4881528326987,16.7709127314758,15.1059139694509,2009.50967320438,2011.1746719664,1.17265239694349,46460000
444,445,0.961881749831205,-13.5567884401322,-73.4867302303875,-13.5325565326368,-73.4614236862879,16.0677957192821,15.1059139694509,2009.50967320438,2010.47155495421,3.84426749145993,46460000
445,447,1.17583641853231,-13.5325565326368,-73.4614236862879,-13.5547979087544,-73.4871401257559,17.2436321378144,16.0677957192821,2010.47155495421,2011.64739137274,3.72518390201145,46460000
445,446,1.60865916614953,-13.5325565326368,-73.4614236862879,-13.4050596386551,-73.5673634340896,17.6764548854317,16.0677957192821,2010.47155495421,2012.08021412036,18.2482286890798,46460000
446,263,0.00312268516983827,-13.4050596386551,-73.5673634340896,-13.4021388570184,-73.5716946291339,17.6795775706015,17.6764548854317,2012.08021412036,2012.08333680553,0.570714615187307,46460000
446,262,0.169787962959045,-13.4050596386551,-73.5673634340896,-13.4020797600299,-73.5717041622818,17.8462428483907,17.6764548854317,2012.08021412036,2012.25000208332,0.575331463642707,46460000
447,265,0.102606543944342,-13.5547979087544,-73.4871401257559,-13.5163547412923,-73.5294487328327,17.3462386817588,17.2436321378144,2011.64739137274,2011.74999791668,6.26768218364969,46460000
447,264,0.0192739050496246,-13.5547979087544,-73.4871401257559,-13.5602,-73.4846,17.2629060428641,17.2436321378144,2011.64739137274,2011.66666527779,0.661232470564587,46460000
448,266,0.491993311388268,-13.5672309661495,-73.4881528326987,-13.5163613144022,-73.5293849783999,17.2629060428641,16.7709127314758,2011.1746719664,2011.66666527779,7.20997027131028,46460000
448,449,0.0556411480347367,-13.5672309661495,-73.4881528326987,-13.5674207442841,-73.4828315548914,16.8265538795105,16.7709127314758,2011.1746719664,2011.23031311444,0.576242126716376,46460000
449,451,0.387919496496596,-13.5674207442841,-73.4828315548914,-13.6443706878876,-73.4448265602848,17.2144733760071,16.8265538795105,2011.23031311444,2011.61823261093,9.50222307438615,46460000
449,450,0.216710733073738,-13.5674207442841,-73.4828315548914,-13.5629318002813,-73.4958452185972,17.0432646125843,16.8265538795105,2011.23031311444,2011.44702384751,1.49435074272502,46460000
450,268,0.136308791385304,-13.5629318002813,-73.4958452185972,-13.65862953,-73.41075343,17.1795734039696,17.0432646125843,2011.44702384751,2011.58333263889,14.0804659825737,46460000
450,267,0.469639346963945,-13.5629318002813,-73.4958452185972,-13.5603,-73.4946,17.5129039595482,17.0432646125843,2011.44702384751,2011.91666319447,0.322487445972071,46460000
451,452,0.0313379337161184,-13.6443706878876,-73.4448265602848,-13.6395466595335,-73.4452899100394,17.2458113097233,17.2144733760071,2011.61823261093,2011.64957054465,0.539363876050925,46460000
451,269,0.131765305751652,-13.6443706878876,-73.4448265602848,-13.645173,-73.44613,17.3462386817588,17.2144733760071,2011.61823261093,2011.74999791668,0.166915829675847,46460000
452,270,0.100427372035534,-13.6395466595335,-73.4452899100394,-13.6462376663066,-73.4489618358919,17.3462386817588,17.2458113097233,2011.64957054465,2011.74999791668,0.844173326969334,46460000
452,453,0.0319853840532629,-13.6395466595335,-73.4452899100394,-13.6414164680939,-73.4481068377785,17.2777966937765,17.2458113097233,2011.64957054465,2011.6815559287,0.369050886618328,46460000
453,273,0.0684419879822707,-13.6414164680939,-73.4481068377785,-13.646193388569,-73.4489617316997,17.3462386817588,17.2777966937765,2011.6815559287,2011.74999791668,0.539767518617712,46460000
453,454,0.332811497857206,-13.6414164680939,-73.4481068377785,-13.6384677707156,-73.4443389997809,17.6106081916337,17.2777966937765,2011.6815559287,2012.01436742656,0.52336350744005,46460000
454,272,0.152302017862273,-13.6384677707156,-73.4443389997809,-13.6437,-73.4484,17.762910209496,17.6106081916337,2012.01436742656,2012.16666944442,0.729580642571744,46460000
454,271,0.0689693789677832,-13.6384677707156,-73.4443389997809,-13.6371,-73.4513,17.6795775706015,17.6106081916337,2012.01436742656,2012.08333680553,0.768316216272741,46460000
455,456,2.02606531014002,-13.4352252273805,-73.6369680864213,-13.6903573381113,-73.4292555936917,3.41472077223128,1.38865546209126,1995.79241469702,1997.81848000716,36.2211760247292,46460000
455,457,0.650518252226757,-13.4352252273805,-73.6369680864213,-13.3887744902347,-73.6330573956917,2.03917371431801,1.38865546209126,1995.79241469702,1996.44293294924,5.18838714951693,46460000
456,276,0.348189437264715,-13.6903573381113,-73.4292555936917,-13.7602399801793,-73.5096677548666,3.762910209496,3.41472077223128,1997.81848000716,1998.16666944442,11.6681459538072,46460000
456,277,2.18152415947551,-13.6903573381113,-73.4292555936917,-13.64024,-73.44811,5.59624493170679,3.41472077223128,1997.81848000716,2000.00000416663,5.94035171193394,46460000
457,340,1.22373232854606,-13.3887744902347,-73.6330573956917,-13.3761678886664,-73.6574183532486,3.26290604286407,2.03917371431801,1996.44293294924,1997.66666527779,2.98836001210714,46460000
457,458,1.1097477302294,-13.3887744902347,-73.6330573956917,-13.3123128172733,-73.671828563623,3.14892144454742,2.03917371431801,1996.44293294924,1997.55268067947,9.4915871378441,46460000
458,459,2.3395581158948,-13.3123128172733,-73.671828563623,-13.2657298415072,-73.6916346169715,5.48847956044222,3.14892144454742,1997.55268067947,1999.89223879537,5.61223200977962,46460000
458,488,1.81460428930682,-13.3123128172733,-73.671828563623,-13.3419393716861,-73.8860324505622,4.96352573385423,3.14892144454742,1997.55268067947,1999.36728496878,23.4370518562831,46460000
459,278,1.69109384352737,-13.2657298415072,-73.6916346169715,-12.93456,-73.54192,7.17957340396958,5.48847956044222,1999.89223879537,2001.58333263889,40.2826912269832,46460000
459,460,0.123949787673542,-13.2657298415072,-73.6916346169715,-13.2876165437249,-73.6911966565605,5.61242934811576,5.48847956044222,1999.89223879537,2000.01618858304,2.43697446215859,46460000
460,473,1.91079929791764,-13.2876165437249,-73.6911966565605,-13.2942698042138,-73.6858087367151,7.5232286460334,5.61242934811576,2000.01618858304,2001.92698788096,0.943047077047088,46460000
460,461,0.0470913222379874,-13.2876165437249,-73.6911966565605,-13.2883782066439,-73.685027601664,5.65952067035374,5.61242934811576,2000.01618858304,2000.06327990528,0.673733305805799,46460000
461,462,0.141243947600783,-13.2883782066439,-73.685027601664,-13.121992811919,-73.748625969646,5.80076461795453,5.65952067035374,2000.06327990528,2000.20452385288,19.7636012855987,46460000
461,467,0.482150805928351,-13.2883782066439,-73.685027601664,-13.042270033141,-74.0581564448636,6.1416714762821,5.65952067035374,2000.06327990528,2000.54543071121,48.8522526107313,46460000
462,279,0.878812952646978,-13.121992811919,-73.748625969646,-13.0978636112545,-73.8136543639474,6.67957757060151,5.80076461795453,2000.20452385288,2001.08333680553,7.54489711912444,46460000
462,463,0.363002671722162,-13.121992811919,-73.748625969646,-13.0809051341789,-73.7319852117778,6.16376728967669,5.80076461795453,2000.20452385288,2000.5675265246,4.91704275797106,46460000
463,464,0.264581861108111,-13.0809051341789,-73.7319852117778,-13.0840027549607,-73.7425235017602,6.4283491507848,6.16376728967669,2000.5675265246,2000.83210838571,1.19361204461729,46460000
463,280,0.599142919819306,-13.0809051341789,-73.7319852117778,-13.12364,-73.67562,6.762910209496,6.16376728967669,2000.5675265246,2001.16666944442,7.74484827406591,46460000
464,284,0.334561058711195,-13.0840027549607,-73.7425235017602,-13.09534,-73.50951,6.762910209496,6.4283491507848,2000.83210838571,2001.16666944442,25.2974643848245,46460000
464,465,0.0138693494326514,-13.0840027549607,-73.7425235017602,-13.0822682195289,-73.7459236719886,6.44221850021745,6.4283491507848,2000.83210838571,2000.84597773514,0.416198945364335,46460000
465,466,0.317997376386874,-13.0822682195289,-73.7459236719886,-13.0787260631285,-73.7417922380775,6.76021587660433,6.44221850021745,2000.84597773514,2001.16397511153,0.596817932164258,46460000
465,281,0.570689625962695,-13.0822682195289,-73.7459236719886,-13.0978249154802,-73.8136269206561,7.01290812618015,6.44221850021745,2000.84597773514,2001.41666736111,7.54265205063153,46460000
466,282,0.00269433289166976,-13.0787260631285,-73.7417922380775,-13.0770614466255,-73.7451253288145,6.762910209496,6.76021587660433,2001.16397511153,2001.16666944442,0.406166319956508,46460000
466,283,0.00269433289166976,-13.0787260631285,-73.7417922380775,-13.0770422365365,-73.7452024520699,6.762910209496,6.76021587660433,2001.16397511153,2001.16666944442,0.414588264678429,46460000
467,468,0.42866738404841,-13.042270033141,-74.0581564448636,-13.0397226001099,-73.9183052496082,6.57033886033051,6.1416714762821,2000.54543071121,2000.97409809526,15.1698907720198,46460000
467,285,0.6212387332139,-13.042270033141,-74.0581564448636,-13.02015,-74.00296,6.762910209496,6.1416714762821,2000.54543071121,2001.16666944442,6.47312233743217,46460000
468,470,0.637517232497274,-13.0397226001099,-73.9183052496082,-13.0465395323879,-73.9118819600541,7.20785609282778,6.57033886033051,2000.97409809526,2001.61161532775,1.03013848225986,46460000
468,469,0.090765192113027,-13.0397226001099,-73.9183052496082,-13.0486659904555,-73.9302090746511,6.66110405244353,6.57033886033051,2000.97409809526,2001.06486328737,1.63030302627677,46460000
469,287,0.351804073736615,-13.0486659904555,-73.9302090746511,-13.0603301852403,-73.9518221009852,7.01290812618015,6.66110405244353,2001.06486328737,2001.41666736111,2.67951582688113,46460000
469,286,0.351804073736615,-13.0486659904555,-73.9302090746511,-13.1545,-73.9103,7.01290812618015,6.66110405244353,2001.06486328737,2001.41666736111,11.9779736634253,46460000
470,472,0.571636557794118,-13.0465395323879,-73.9118819600541,-13.0309755768493,-73.9005753973002,7.7794926506219,7.20785609282778,2001.61161532775,2002.18325188555,2.12266369646983,46460000
470,471,1.29922733311044,-13.0465395323879,-73.9118819600541,-13.0430521942445,-73.8859030704464,8.50708342593822,7.20785609282778,2001.61161532775,2002.91084266086,2.84405904107954,46460000
471,288,1.17249414466328,-13.0430521942445,-73.8859030704464,-12.88977,-73.95644,9.67957757060151,8.50708342593822,2002.91084266086,2004.08333680553,18.7012144163515,46460000
471,289,1.33915942245249,-13.0430521942445,-73.8859030704464,-13.0534817280321,-73.8864877073389,9.84624284839071,8.50708342593822,2002.91084266086,2004.25000208332,1.16278597837146,46460000
472,291,1.9834175588741,-13.0309755768493,-73.9005753973002,-13.0602492526774,-73.9518064175858,9.762910209496,7.7794926506219,2002.18325188555,2004.16666944442,6.44125209211949,46460000
472,290,2.06675019776882,-13.0309755768493,-73.9005753973002,-13.0535185340643,-73.8865277493501,9.84624284839071,7.7794926506219,2002.18325188555,2004.25000208332,2.93581045723572,46460000
473,474,0.471891757303238,-13.2942698042138,-73.6858087367151,-13.3025382918972,-73.688128441163,7.99512040333664,7.5232286460334,2001.92698788096,2002.39887963826,0.954170958637905,46460000
473,483,2.10367710520329,-13.2942698042138,-73.6858087367151,-13.2797248558937,-73.6667966567518,9.62690575123669,7.5232286460334,2001.92698788096,2004.03066498616,2.6200681682893,46460000
474,292,2.10112036173823,-13.3025382918972,-73.688128441163,-13.3761298974718,-73.6574023174488,10.0962407650749,7.99512040333664,2002.39887963826,2004.5,8.8427629116912,46460000
474,475,1.27220839891148,-13.3025382918972,-73.688128441163,-13.268677711046,-73.6197266139853,9.26732880224811,7.99512040333664,2002.39887963826,2003.67108803717,8.31452843259467,46460000
475,293,0.412248768353392,-13.268677711046,-73.6197266139853,-13.29204,-73.62505,9.67957757060151,9.26732880224811,2003.67108803717,2004.08333680553,2.66396786854777,46460000
475,476,0.804237035545619,-13.268677711046,-73.6197266139853,-13.3966549778675,-73.6210183052138,10.0715658377937,9.26732880224811,2003.67108803717,2004.47532507272,14.2476118844596,46460000
476,294,0.274672843965055,-13.3966549778675,-73.6210183052138,-13.3761258463042,-73.6574212681412,10.3462386817588,10.0715658377937,2004.47532507272,2004.74999791668,4.55693013955511,46460000
476,477,1.75993182036083,-13.3966549778675,-73.6210183052138,-13.7252088252009,-73.7002376738064,11.8314976581546,10.0715658377937,2004.47532507272,2006.23525689308,37.5671931002686,46460000
477,301,2.51474102360423,-13.7252088252009,-73.7002376738064,-13.8048892721466,-73.7561951429505,14.3462386817588,11.8314976581546,2006.23525689308,2008.74999791668,10.7373784033054,46460000
477,478,1.56528021223154,-13.7252088252009,-73.7002376738064,-13.0511014909667,-73.8698297071644,13.3967778703861,11.8314976581546,2006.23525689308,2007.80053710531,77.2590694789746,46460000
478,479,0.685944131343744,-13.0511014909667,-73.8698297071644,-13.0882275675213,-73.8842950893189,14.0827220017298,13.3967778703861,2007.80053710531,2008.48648123665,4.42068270173724,46460000
478,295,0.782795533583484,-13.0511014909667,-73.8698297071644,-13.04946,-73.87967,14.1795734039696,13.3967778703861,2007.80053710531,2008.58333263889,1.08269881325641,46460000
479,481,0.155438456486409,-13.0882275675213,-73.8842950893189,-13.0886804559766,-73.8955121830206,14.2381604582162,14.0827220017298,2008.48648123665,2008.64191969314,1.21733480519861,46460000
479,480,0.223260403788405,-13.0882275675213,-73.8842950893189,-13.1155015381045,-73.8705412160656,14.3059824055182,14.0827220017298,2008.48648123665,2008.70974164044,3.38270367714883,46460000
480,296,0.45692780397775,-13.1155015381045,-73.8705412160656,-13.11264,-73.86189,14.762910209496,14.3059824055182,2008.70974164044,2009.16666944442,0.990588849573019,46460000
480,297,0.45692780397775,-13.1155015381045,-73.8705412160656,-13.11235,-73.86196,14.762910209496,14.3059824055182,2008.70974164044,2009.16666944442,0.994333136523869,46460000
481,298,0.524749751279745,-13.0886804559766,-73.8955121830206,-13.06714,-73.92555,14.762910209496,14.2381604582162,2008.64191969314,2009.16666944442,4.04469634463878,46460000
481,482,0.149962606770619,-13.0886804559766,-73.8955121830206,-13.0862645704313,-73.9127801818602,14.3881230649869,14.2381604582162,2008.64191969314,2008.79188229991,1.89162521742682,46460000
482,300,0.124780894561353,-13.0862645704313,-73.9127801818602,-13.08528,-73.91664,14.5129039595482,14.3881230649869,2008.79188229991,2008.91666319447,0.432645801220143,46460000
482,299,0.374787144509126,-13.0862645704313,-73.9127801818602,-13.0654,-73.9189,14.762910209496,14.3881230649869,2008.79188229991,2009.16666944442,2.41566514909491,46460000
483,484,3.88750156040906,-13.2797248558937,-73.6667966567518,-13.3488688080009,-73.6701207823755,13.5144073116457,9.62690575123669,2004.03066498616,2007.91816654657,7.70579134765293,46460000
483,302,5.38600237494346,-13.2797248558937,-73.6667966567518,-13.23128,-73.89729,15.0129081261801,9.62690575123669,2004.03066498616,2009.41666736111,25.5514067156549,46460000
484,303,2.41516817563968,-13.3488688080009,-73.6701207823755,-13.4222,-73.6467,15.9295754872854,13.5144073116457,2007.91816654657,2010.33333472221,8.54848390040217,46460000
484,485,2.09518860694043,-13.3488688080009,-73.6701207823755,-13.1644168133249,-73.8621038006577,15.6095959185862,13.5144073116457,2007.91816654657,2010.01335515351,29.2300633489144,46460000
485,487,0.368767611570028,-13.1644168133249,-73.8621038006577,-13.1677634233231,-73.8476036395761,15.9783635301562,15.6095959185862,2010.01335515351,2010.38212276508,1.61533272859614,46460000
485,486,0.463639832280268,-13.1644168133249,-73.8621038006577,-13.1786395203032,-73.8656395715513,16.0732357508664,15.6095959185862,2010.01335515351,2010.47699498579,1.62905261675626,46460000
486,305,1.52300918084034,-13.1786395203032,-73.8656395715513,-13.146,-73.8863,17.5962449317068,16.0732357508664,2010.47699498579,2012.00000416663,4.26830638862907,46460000
486,304,0.439668208681775,-13.1786395203032,-73.8656395715513,-13.69406,-72.86539,16.5129039595482,16.0732357508664,2010.47699498579,2010.91666319447,122.563904697447,46460000
487,306,0.0345445960239408,-13.1677634233231,-73.8476036395761,-13.16995,-73.84859,16.0129081261801,15.9783635301562,2010.38212276508,2010.41666736111,0.26586434220269,46460000
487,307,1.95121195712922,-13.1677634233231,-73.8476036395761,-13.16722,-73.86203,17.9295754872854,15.9783635301562,2010.38212276508,2012.33333472221,1.56494361090222,46460000
488,518,0.626321005005289,-13.3419393716861,-73.8860324505622,-13.3471858304531,-73.893298031978,5.58984673885952,4.96352573385423,1999.36728496878,1999.99360597378,0.980041283215698,46460000
488,489,3.32440885843355,-13.3419393716861,-73.8860324505622,-13.4243291519104,-73.7628648738438,8.28793459228779,4.96352573385423,1999.36728496878,2002.69169382721,16.1881855011476,46460000
489,490,0.220559864142391,-13.4243291519104,-73.7628648738438,-13.4229754851309,-73.848562212865,8.50849445643018,8.28793459228779,2002.69169382721,2002.91225369136,9.28074710481394,46460000
489,337,1.55830825610292,-13.4243291519104,-73.7628648738438,-13.42647,-73.694,9.84624284839071,8.28793459228779,2002.69169382721,2004.25000208332,7.46061523865735,46460000
490,491,0.530315829629261,-13.4229754851309,-73.848562212865,-13.4227039717323,-73.8465309442446,9.03881028605944,8.50849445643018,2002.91225369136,2003.44256952098,0.222018762992549,46460000
490,492,0.448768875521507,-13.4229754851309,-73.848562212865,-13.5406019877587,-73.8620014656407,8.95726333195169,8.50849445643018,2002.91225369136,2003.36102256688,13.1752123063234,46460000
491,308,0.557434645647348,-13.4227039717323,-73.8465309442446,-13.4268854162251,-73.840265911995,9.59624493170679,9.03881028605944,2003.44256952098,2004.00000416663,0.822738438607597,46460000
491,309,0.390761034594064,-13.4227039717323,-73.8465309442446,-13.4268299147466,-73.8403598820697,9.4295713206535,9.03881028605944,2003.44256952098,2003.83333055558,0.810852942435007,46460000
492,336,0.972312155333743,-13.5406019877587,-73.8620014656407,-13.54748,-73.87069,9.92957548728543,8.95726333195169,2003.36102256688,2004.33333472221,1.21265019818298,46460000
492,493,1.86661343265587,-13.5406019877587,-73.8620014656407,-13.5118679811531,-73.8911832401186,10.8238767646076,8.95726333195169,2003.36102256688,2005.22763599953,4.49538114304545,46460000
493,499,0.118888542401242,-13.5118679811531,-73.8911832401186,-13.526754228937,-73.8543932955161,10.9427653070088,10.8238767646076,2005.22763599953,2005.34652454193,4.31318131714189,46460000
493,494,2.38824278284698,-13.5118679811531,-73.8911832401186,-13.7711856289714,-73.6578237682023,13.2121195474545,10.8238767646076,2005.22763599953,2007.61587878238,38.3499193212657,46460000
494,495,0.0469318972181654,-13.7711856289714,-73.6578237682023,-13.7889839488514,-73.6615022399431,13.2590514446727,13.2121195474545,2007.61587878238,2007.6628106796,2.02089969501725,46460000
494,310,1.21745177319897,-13.7711856289714,-73.6578237682023,-13.7288053446418,-73.6753219326987,14.4295713206535,13.2121195474545,2007.61587878238,2008.83333055558,5.08321963937657,46460000
495,315,1.58719140371801,-13.7889839488514,-73.6615022399431,-13.9738,-73.8607,14.8462428483907,13.2590514446727,2007.6628106796,2009.25000208332,29.7784151525729,46460000
495,496,0.672034251135435,-13.7889839488514,-73.6615022399431,-13.8140808674365,-73.7544665312255,13.9310856958081,13.2590514446727,2007.6628106796,2008.33484493073,10.4314522768291,46460000
496,311,0.415152985950654,-13.8140808674365,-73.7544665312255,-13.8048371076129,-73.7562340980382,14.3462386817588,13.9310856958081,2008.33484493073,2008.74999791668,1.04664204646693,46460000
496,497,1.40977409714944,-13.8140808674365,-73.7544665312255,-13.8923891715679,-73.7317174571352,15.3408597929576,13.9310856958081,2008.33484493073,2009.74461902788,9.05771521332611,46460000
497,498,0.355839917177499,-13.8923891715679,-73.7317174571352,-13.8962658300431,-73.7184827361034,15.6966997101351,15.3408597929576,2009.74461902788,2010.10045894506,1.49392377382732,46460000
497,314,0.25538513874922,-13.8923891715679,-73.7317174571352,-13.89314,-73.72751,15.5962449317068,15.3408597929576,2009.74461902788,2010.00000416663,0.462307370761727,46460000
498,313,0.232875777150362,-13.8962658300431,-73.7184827361034,-13.88945,-73.71745,15.9295754872854,15.6966997101351,2010.10045894506,2010.33333472221,0.766928525390803,46460000
498,312,0.399541054939796,-13.8962658300431,-73.7184827361034,-13.889446,-73.71745,16.0962407650749,15.6966997101351,2010.10045894506,2010.5,0.767369079455973,46460000
499,514,2.77759222460331,-13.526754228937,-73.8543932955161,-13.7014477404192,-73.6946349161178,13.7203575316121,10.9427653070088,2005.34652454193,2008.12411676654,26.0189559140914,46460000
499,500,0.585382229835841,-13.526754228937,-73.8543932955161,-13.5354831025265,-73.8393219488569,11.5281475368446,10.9427653070088,2005.34652454193,2005.93190677177,1.89872961344498,46460000
500,501,2.15401327529441,-13.5354831025265,-73.8393219488569,-13.5502029105126,-73.8530217264282,13.682160812139,11.5281475368446,2005.93190677177,2008.08592004706,2.20989713711301,46460000
500,330,2.56809322823023,-13.5354831025265,-73.8393219488569,-13.4259,-73.90192,14.0962407650749,11.5281475368446,2005.93190677177,2008.5,13.9550695336702,46460000
501,502,0.842997861491705,-13.5502029105126,-73.8530217264282,-13.5110685500225,-73.8596927847956,14.5251586736308,13.682160812139,2008.08592004706,2008.92891790856,4.41601621825005,46460000
501,316,1.99741675846246,-13.5502029105126,-73.8530217264282,-13.64676,-73.08495,15.6795775706015,13.682160812139,2008.08592004706,2010.08333680553,83.7999971463014,46460000
502,510,1.36386358762198,-13.5110685500225,-73.8596927847956,-13.5279926574536,-73.8467488351667,15.8890222612527,14.5251586736308,2008.92891790856,2010.29278149618,2.34789038063652,46460000
502,503,0.996056313721791,-13.5110685500225,-73.8596927847956,-13.524770149569,-73.7134509440139,15.5212149873525,14.5251586736308,2008.92891790856,2009.92497422228,15.9025153249002,46460000
503,504,0.00853054951888099,-13.524770149569,-73.7134509440139,-13.5254404092245,-73.7135248701046,15.5297455368714,15.5212149873525,2009.92497422228,2009.9335047718,0.0750436755996508,46460000
503,505,0.00734410011842757,-13.524770149569,-73.7134509440139,-13.5289318846409,-73.7096385781733,15.528559087471,15.5212149873525,2009.92497422228,2009.9323183224,0.62041478049579,46460000
504,318,0.0664993948353656,-13.5254404092245,-73.7135248701046,-13.5224409542692,-73.7150949599565,15.5962449317068,15.5297455368714,2009.9335047718,2010.00000416663,0.374668918544275,46460000
504,317,0.0664993948353656,-13.5254404092245,-73.7135248701046,-13.52299,-73.70694,15.5962449317068,15.5297455368714,2009.9335047718,2010.00000416663,0.763146751561017,46460000
505,506,0.263380254489719,-13.5289318846409,-73.7096385781733,-13.5341718010379,-73.7058129477956,15.7919393419607,15.528559087471,2009.9323183224,2010.19569857689,0.715345092331057,46460000
505,324,1.48434903870918,-13.5289318846409,-73.7096385781733,-13.5628,-73.7241,17.0129081261801,15.528559087471,2009.9323183224,2011.41666736111,4.08227654233964,46460000
506,323,1.13763614532474,-13.5341718010379,-73.7058129477956,-13.5224172409994,-73.7151299543359,16.9295754872854,15.7919393419607,2010.19569857689,2011.33333472221,1.65204825843748,46460000
506,507,0.909490521675339,-13.5341718010379,-73.7058129477956,-13.5178118617025,-73.700959184265,16.701429863636,15.7919393419607,2010.19569857689,2011.10518909856,1.8955088163103,46460000
507,319,0.228145623649402,-13.5178118617025,-73.700959184265,-13.51619277,-73.72241881,16.9295754872854,16.701429863636,2011.10518909856,2011.33333472221,2.32977837557426,46460000
507,508,0.0810179782689449,-13.5178118617025,-73.700959184265,-13.5120178326353,-73.6867060406451,16.782447841905,16.701429863636,2011.10518909856,2011.18620707683,1.67218582253664,46460000
508,509,0.04711090692586,-13.5120178326353,-73.6867060406451,-13.5211947146268,-73.6906140317665,16.8295587488308,16.782447841905,2011.18620707683,2011.23331798376,1.10571704239828,46460000
508,320,0.397125562064609,-13.5120178326353,-73.6867060406451,-13.5309057085075,-73.6809522032064,17.1795734039696,16.782447841905,2011.18620707683,2011.58333263889,2.19296346829514,46460000
509,321,0.100016738454598,-13.5211947146268,-73.6906140317665,-13.4297,-73.7768,16.9295754872854,16.8295587488308,2011.23331798376,2011.33333472221,13.8131093456715,46460000
509,322,0.100016738454598,-13.5211947146268,-73.6906140317665,-13.5309029248539,-73.6809282797736,16.9295754872854,16.8295587488308,2011.23331798376,2011.33333472221,1.50567835697246,46460000
510,511,0.242581245769236,-13.5279926574536,-73.8467488351667,-13.5533254092161,-73.8706786325348,16.131603507022,15.8890222612527,2010.29278149618,2010.53536274195,3.82894570026099,46460000
510,325,0.123885864927415,-13.5279926574536,-73.8467488351667,-13.5327,-73.8751,16.0129081261801,15.8890222612527,2010.29278149618,2010.41666736111,3.11299106742803,46460000
511,512,0.436278635434797,-13.5533254092161,-73.8706786325348,-13.5697306734508,-73.8549569918738,16.5678821424568,16.131603507022,2010.53536274195,2010.97164137738,2.49601914565348,46460000
511,329,0.381300452526253,-13.5533254092161,-73.8706786325348,-13.54761,-73.86726,16.5129039595482,16.131603507022,2010.53536274195,2010.91666319447,0.736012980687138,46460000
512,513,0.504104926525671,-13.5697306734508,-73.8549569918738,-13.5728309266426,-73.8489333892946,17.0719870689824,16.5678821424568,2010.97164137738,2011.47574630391,0.737578131995435,46460000
512,328,0.11169542814474,-13.5697306734508,-73.8549569918738,-13.56780197,-73.85621445,16.6795775706015,16.5678821424568,2010.97164137738,2011.08333680553,0.254200555361451,46460000
513,327,0.857588418302993,-13.5728309266426,-73.8489333892946,-13.69494583,-73.78347417,17.9295754872854,17.0719870689824,2011.47574630391,2012.33333472221,15.3283216818503,46460000
513,326,0.190918973881634,-13.5728309266426,-73.8489333892946,-13.8084,-73.8583,17.2629060428641,17.0719870689824,2011.47574630391,2011.66666527779,26.2440229638455,46460000
514,335,0.209217955673319,-13.7014477404192,-73.6946349161178,-13.7288703238053,-73.67527542244,13.9295754872854,13.7203575316121,2008.12411676654,2008.33333472221,3.70178166963664,46460000
514,515,1.32904280729019,-13.7014477404192,-73.6946349161178,-13.7230019592969,-73.6678505215076,15.0494003389023,13.7203575316121,2008.12411676654,2009.45315957383,3.76148986147127,46460000
515,334,0.963507787277849,-13.7230019592969,-73.6678505215076,-13.64773,-73.71306,16.0129081261801,15.0494003389023,2009.45315957383,2010.41666736111,9.70202562361005,46460000
515,516,0.511305320850035,-13.7230019592969,-73.6678505215076,-13.7154120616117,-73.6734001610454,15.5607056597523,15.0494003389023,2009.45315957383,2009.96446489468,1.03640510719828,46460000
516,517,0.535404714129913,-13.7154120616117,-73.6734001610454,-13.7322941977115,-73.6741959062034,16.0961103738822,15.5607056597523,2009.96446489468,2010.49986960881,1.88135396165934,46460000
516,331,0.452202466427814,-13.7154120616117,-73.6734001610454,-13.7324052448508,-73.6741383673515,16.0129081261801,15.5607056597523,2009.96446489468,2010.41666736111,1.89343073449741,46460000
517,333,0.000130391192618262,-13.7322941977115,-73.6741959062034,-13.7324564120534,-73.6741013565431,16.0962407650749,16.0961103738822,2010.49986960881,2010.5,0.0207523502163478,46460000
517,332,1.16679566898183,-13.7322941977115,-73.6741959062034,-13.798,-73.818,17.2629060428641,16.0961103738822,2010.49986960881,2011.66666527779,17.1836084811182,46460000
518,339,1.00639819284726,-13.3471858304531,-73.893298031978,-13.21421,-73.9077,6.59624493170679,5.58984673885952,1999.99360597378,2001.00000416663,14.8853971678301,46460000
518,338,1.00639819284726,-13.3471858304531,-73.893298031978,-13.38726,-73.88843,6.59624493170679,5.58984673885952,1999.99360597378,2001.00000416663,4.49225985720793,46460000
