"","node1","node2","length","startLat","startLon","endLat","endLon","endNodeL","startNodeL","startYear","endYear","greatCircleDist_km","treeID"
"1",242,243,24.2905243031377,30.7191627690867,-98.9697592561201,30.3969675482703,-99.0162678856586,24.2905243031377,0,1849.27329052746,1873.56381483059,36.1440502910972,"139950000"
"2",242,394,28.1917571154879,30.7191627690867,-98.9697592561201,31.586156932329,-97.4696478855839,28.1917571154879,0,1849.27329052746,1877.46504764294,172.450964075696,"139950000"
"3",243,244,20.5764094548683,30.3969675482703,-99.0162678856586,30.5370586575261,-99.1760465564177,44.8669337580061,24.2905243031377,1873.56381483059,1894.14022428546,21.8692241893297,"139950000"
"4",243,379,86.1776453327751,30.3969675482703,-99.0162678856586,29.7318561489039,-98.4211097930427,110.468169635913,24.2905243031377,1873.56381483059,1959.74146016337,93.6498720142787,"139950000"
"5",244,378,40.970303669739,30.5370586575261,-99.1760465564177,30.3373423339513,-99.9720050437178,85.837237427745,44.8669337580061,1894.14022428546,1935.1105279552,79.5666819569644,"139950000"
"6",244,245,0.261482800171422,30.5370586575261,-99.1760465564177,30.5328555385677,-99.1158902646015,45.1284165581775,44.8669337580061,1894.14022428546,1894.40170708563,5.78705740643472,"139950000"
"7",245,375,60.2657916406265,30.5328555385677,-99.1158902646015,33.3975977479216,-111.166370065915,105.394208198804,45.1284165581775,1894.40170708563,1954.66749872626,1181.11570510966,"139950000"
"8",245,246,52.2401339174939,30.5328555385677,-99.1158902646015,31.6861809127477,-99.4022684497356,97.3685504756714,45.1284165581775,1894.40170708563,1946.64184100313,131.261847909462,"139950000"
"9",246,372,17.6675338499135,31.6861809127477,-99.4022684497356,31.497519225545,-99.1442086706056,115.036084325585,97.3685504756714,1946.64184100313,1964.30937485304,32.2478292238723,"139950000"
"10",246,247,2.76028724492893,31.6861809127477,-99.4022684497356,30.6859788507452,-98.6059672656331,100.1288377206,97.3685504756714,1946.64184100313,1949.40212824806,134.717924422791,"139950000"
"11",247,248,2.23787112011477,30.6859788507452,-98.6059672656331,33.4863033415619,-98.1310518931968,102.366708840715,100.1288377206,1949.40212824806,1951.63999936817,314.943283385951,"139950000"
"12",247,301,6.84782748684742,30.6859788507452,-98.6059672656331,31.1309488558063,-98.8554397237804,106.976665207448,100.1288377206,1949.40212824806,1956.2499557349,54.9688503289715,"139950000"
"13",248,261,7.63124222355896,33.4863033415619,-98.1310518931968,33.223608048214,-98.3338871672701,109.997951064274,102.366708840715,1951.63999936817,1959.27124159173,34.7988689737816,"139950000"
"14",248,249,17.4193080789263,33.4863033415619,-98.1310518931968,33.3821326389322,-98.8496735064062,119.786016919641,102.366708840715,1951.63999936817,1969.0593074471,67.7608567511592,"139950000"
"15",249,250,28.8491156554928,33.3821326389322,-98.8496735064062,33.5203446238083,-98.7824376697085,148.635132575134,119.786016919641,1969.0593074471,1997.90842310259,16.6054020748325,"139950000"
"16",249,13,15.9406925529028,33.3821326389322,-98.8496735064062,33.60009,-99.7337,135.726709472544,119.786016919641,1969.0593074471,1985,85.5849909981213,"139950000"
"17",250,251,3.82182107874235,33.5203446238083,-98.7824376697085,32.7120216194942,-99.7559130224966,152.456953653877,148.635132575134,1997.90842310259,2001.73024418133,127.81168859484,"139950000"
"18",250,259,3.6157819326614,33.5203446238083,-98.7824376697085,33.5672826518419,-98.8792675345516,152.250914507796,148.635132575134,1997.90842310259,2001.52420503525,10.3933450695432,"139950000"
"19",251,252,2.58746239590669,32.7120216194942,-99.7559130224966,32.7602908694966,-99.8555073215671,155.044416049783,152.456953653877,2001.73024418133,2004.31770657724,10.7635205552418,"139950000"
"20",251,257,6.3583200006183,32.7120216194942,-99.7559130224966,32.2537604322664,-99.4927089512748,158.815273654495,152.456953653877,2001.73024418133,2008.08856418195,56.68761711255,"139950000"
"21",252,6,6.68229342276098,32.7602908694966,-99.8555073215671,32.75067,-99.88371,161.726709472544,155.044416049783,2004.31770657724,2011,2.84934548043553,"139950000"
"22",252,253,1.98748101381765,32.7602908694966,-99.8555073215671,33.591231493292,-100.750950598135,157.031897063601,155.044416049783,2004.31770657724,2006.30518759106,124.571372444726,"139950000"
"23",253,5,4.69481240894331,33.591231493292,-100.750950598135,33.61688,-100.77774,161.726709472544,157.031897063601,2006.30518759106,2011,3.78450347207509,"139950000"
"24",253,254,1.21195331231096,33.591231493292,-100.750950598135,34.1886260797825,-101.653473546869,158.243850375912,157.031897063601,2006.30518759106,2007.51714090337,106.67102943986,"139950000"
"25",254,255,3.21845117070138,34.1886260797825,-101.653473546869,34.0515935216034,-101.801724851737,161.462301546613,158.243850375912,2007.51714090337,2010.73559207407,20.4790566863443,"139950000"
"26",254,256,2.43789044409769,34.1886260797825,-101.653473546869,34.4010900602357,-101.68131359519,160.68174082001,158.243850375912,2007.51714090337,2009.95503134747,23.7904980901776,"139950000"
"27",255,1,0.26440792593097,34.0515935216034,-101.801724851737,34.06674,-101.83379,161.726709472544,161.462301546613,2010.73559207407,2011,3.40421435446688,"139950000"
"28",255,2,2.26440792593097,34.0515935216034,-101.801724851737,33.61,-101.82,163.726709472544,161.462301546613,2010.73559207407,2013,49.1889405253357,"139950000"
"29",256,3,1.04496865253466,34.4010900602357,-101.68131359519,34.5311,-101.21071,161.726709472544,160.68174082001,2009.95503134747,2011,45.5533449108659,"139950000"
"30",256,4,2.04496865253466,34.4010900602357,-101.68131359519,34.06676,-102.35046,162.726709472544,160.68174082001,2009.95503134747,2012,71.958674776519,"139950000"
"31",257,7,3.91143581804938,32.2537604322664,-99.4927089512748,32.30013,-99.8337,162.726709472544,158.815273654495,2008.08856418195,2012,32.5071337075856,"139950000"
"32",257,258,1.32559471573804,32.2537604322664,-99.4927089512748,32.2817025364133,-99.4457010717319,160.140868370233,158.815273654495,2008.08856418195,2009.41415889769,5.40886604496744,"139950000"
"33",258,8,1.58584110231134,32.2817025364133,-99.4457010717319,32.3226290670641,-99.3989452421173,161.726709472544,160.140868370233,2009.41415889769,2011,6.3335447419096,"139950000"
"34",258,9,1.58584110231134,32.2817025364133,-99.4457010717319,32.3005645035987,-99.3658482874478,161.726709472544,160.140868370233,2009.41415889769,2011,7.8025596658237,"139950000"
"35",259,12,11.4757949647486,33.5672826518419,-98.8792675345516,33.62973,-99.21986,163.726709472544,152.250914507796,2001.52420503525,2013,32.3377186031465,"139950000"
"36",259,260,2.17416634251012,33.5672826518419,-98.8792675345516,33.5828138330035,-98.821895602505,154.425080850306,152.250914507796,2001.52420503525,2003.69837137776,5.59513959218923,"139950000"
"37",260,11,7.30162862223848,33.5828138330035,-98.821895602505,33.23984,-98.18169,161.726709472544,154.425080850306,2003.69837137776,2011,70.6899096422692,"139950000"
"38",260,10,7.30162862223848,33.5828138330035,-98.821895602505,33.96676,-98.71701,161.726709472544,154.425080850306,2003.69837137776,2011,43.8304628238136,"139950000"
"39",261,263,0.975091536917361,33.223608048214,-98.3338871672701,33.1547283734239,-98.2139654168145,110.973042601191,109.997951064274,1959.27124159173,1960.24633312865,13.5505733236103,"139950000"
"40",261,262,9.92253027328475,33.223608048214,-98.3338871672701,33.8035086845825,-97.9804824455922,119.920481337559,109.997951064274,1959.27124159173,1969.19377186501,72.4121652520077,"139950000"
"41",262,15,16.8062281349855,33.8035086845825,-97.9804824455922,33.2371345718718,-97.6956829401337,136.726709472544,119.920481337559,1969.19377186501,1986,68.367150041695,"139950000"
"42",262,14,13.8062281349855,33.8035086845825,-97.9804824455922,33.5978188511915,-97.1828261740154,133.726709472544,119.920481337559,1969.19377186501,1983,77.3425339104709,"139950000"
"43",263,282,8.11587996457842,33.1547283734239,-98.2139654168145,33.2343610633443,-98.3882090144373,119.08892256577,110.973042601191,1960.24633312865,1968.36221309323,18.4951410411826,"139950000"
"44",263,264,11.8118795221445,33.1547283734239,-98.2139654168145,33.1225582239268,-97.1063992433885,122.784922123336,110.973042601191,1960.24633312865,1972.05821265079,103.305681840737,"139950000"
"45",264,265,10.4209747661367,33.1225582239268,-97.1063992433885,33.4429586162411,-96.9263723205159,133.205896889473,122.784922123336,1972.05821265079,1982.47918741693,39.4070446479177,"139950000"
"46",264,16,3.94178734920835,33.1225582239268,-97.1063992433885,33.97,-96.25108,126.726709472544,122.784922123336,1972.05821265079,1976,123.278226145478,"139950000"
"47",265,266,3.93549616634344,33.4429586162411,-96.9263723205159,33.563083103587,-97.1360360449913,137.141393055816,133.205896889473,1982.47918741693,1986.41468358327,23.6141030370673,"139950000"
"48",265,17,26.5208125830716,33.4429586162411,-96.9263723205159,34.10842,-94.76886,159.726709472544,133.205896889473,1982.47918741693,2009,212.940383329914,"139950000"
"49",266,267,10.1192412924101,33.563083103587,-97.1360360449913,33.3630238629397,-97.2722565298378,147.260634348226,137.141393055816,1986.41468358327,1996.53392487568,25.613660131862,"139950000"
"50",266,270,16.7084762862266,33.563083103587,-97.1360360449913,33.5980395711199,-95.6864925804938,153.849869342043,137.141393055816,1986.41468358327,2003.1231598695,134.492991395539,"139950000"
"51",267,269,10.1107443435005,33.3630238629397,-97.2722565298378,34.1792101709985,-97.3364086422813,157.371378691727,147.260634348226,1996.53392487568,2006.64466921918,91.0547465557482,"139950000"
"52",267,268,6.3972876931365,33.3630238629397,-97.2722565298378,35.1594446959539,-98.3807901914116,153.657922041363,147.260634348226,1996.53392487568,2002.93121256882,224.486490541274,"139950000"
"53",268,18,6.06878743118156,35.1594446959539,-98.3807901914116,35.5352,-98.701092,159.726709472544,153.657922041363,2002.93121256882,2009,50.9477681025755,"139950000"
"54",268,19,6.06878743118156,35.1594446959539,-98.3807901914116,35.63,-98.318873,159.726709472544,153.657922041363,2002.93121256882,2009,52.6845271134524,"139950000"
"55",269,20,2.35533078081753,34.1792101709985,-97.3364086422813,34.1842,-97.59748498,159.726709472544,157.371378691727,2006.64466921918,2009,24.0499180209428,"139950000"
"56",269,21,2.35533078081753,34.1792101709985,-97.3364086422813,34.2165,-97.49091901,159.726709472544,157.371378691727,2006.64466921918,2009,14.8199992976163,"139950000"
"57",270,34,7.87684013050156,33.5980395711199,-95.6864925804938,33.66967,-95.57,161.726709472544,153.849869342043,2003.1231598695,2011,13.4228042512115,"139950000"
"58",270,271,0.820449665188143,33.5980395711199,-95.6864925804938,33.5053499730043,-95.7911203978872,154.670319007231,153.849869342043,2003.1231598695,2003.94360953469,14.1667729536262,"139950000"
"59",271,272,1.23460074331197,33.5053499730043,-95.7911203978872,33.1999182884039,-95.3031407994985,155.904919750543,154.670319007231,2003.94360953469,2005.178210278,56.7024127549572,"139950000"
"60",271,280,1.10323806299271,33.5053499730043,-95.7911203978872,33.6104508973164,-96.5037858487386,155.773557070224,154.670319007231,2003.94360953469,2005.04684759768,67.1406230913844,"139950000"
"61",272,273,0.545284784503865,33.1999182884039,-95.3031407994985,33.1458151755442,-95.3251194569629,156.450204535047,155.904919750543,2005.178210278,2005.7234950625,6.36163438770317,"139950000"
"62",272,30,5.82178972200142,33.1999182884039,-95.3031407994985,33.61841,-95.05028,161.726709472544,155.904919750543,2005.178210278,2011,52.1785768844953,"139950000"
"63",273,278,1.41591175453906,33.1458151755442,-95.3251194569629,33.1329030372611,-95.3779690752055,157.866116289586,156.450204535047,2005.7234950625,2007.13940681704,5.13186850071742,"139950000"
"64",273,274,0.0706286314292459,33.1458151755442,-95.3251194569629,33.1129529413203,-95.3181282440784,156.520833166476,156.450204535047,2005.7234950625,2005.79412369393,3.7159569467731,"139950000"
"65",274,275,4.87117386382482,33.1129529413203,-95.3181282440784,33.1931380188428,-94.9986410336881,161.392007030301,156.520833166476,2005.79412369393,2010.66529755776,31.0859742575887,"139950000"
"66",274,277,3.6626720519735,33.1129529413203,-95.3181282440784,33.248972718454,-95.286576424188,160.183505218449,156.520833166476,2005.79412369393,2009.45679574591,15.4249731184723,"139950000"
"67",275,22,1.33470244224352,33.1931380188428,-94.9986410336881,33.45066,-94.42016,162.726709472544,161.392007030301,2010.66529755776,2012,60.9715127642932,"139950000"
"68",275,276,0.0895955377996267,33.1931380188428,-94.9986410336881,33.1770607464407,-95.0027703174857,161.4816025681,161.392007030301,2010.66529755776,2010.75489309556,1.83066485004183,"139950000"
"69",276,24,1.24510690444389,33.1770607464407,-95.0027703174857,33.22179,-94.96998,162.726709472544,161.4816025681,2010.75489309556,2012,5.84163675654238,"139950000"
"70",276,23,1.24510690444389,33.1770607464407,-95.0027703174857,33.12122,-94.72997,162.726709472544,161.4816025681,2010.75489309556,2012,26.1754734037859,"139950000"
"71",277,26,2.54320425409484,33.248972718454,-95.286576424188,33.18003,-95.22019,162.726709472544,160.183505218449,2009.45679574591,2012,9.85568691877269,"139950000"
"72",277,25,1.54320425409484,33.248972718454,-95.286576424188,32.34884,-96.79063,161.726709472544,160.183505218449,2009.45679574591,2011,172.768183824107,"139950000"
"73",278,279,2.85360325893938,33.1329030372611,-95.3779690752055,32.8552585536615,-95.4446806306009,160.719719548525,157.866116289586,2007.13940681704,2009.99301007598,31.5298523553006,"139950000"
"74",278,29,3.8605931829585,33.1329030372611,-95.3779690752055,33.15004,-95.56168,161.726709472544,157.866116289586,2007.13940681704,2011,17.2303785131817,"139950000"
"75",279,28,2.00698992401912,32.8552585536615,-95.4446806306009,32.72976,-94.94,162.726709472544,160.719719548525,2009.99301007598,2012,49.2525229723204,"139950000"
"76",279,27,1.00698992401912,32.8552585536615,-95.4446806306009,32.77894,-95.37884,161.726709472544,160.719719548525,2009.99301007598,2011,10.4941501090655,"139950000"
"77",280,281,0.0208823758132075,33.6104508973164,-96.5037858487386,33.6453653832652,-96.470032225975,155.794439446037,155.773557070224,2005.04684759768,2005.06772997349,4.9896356750364,"139950000"
"78",280,31,3.95315240232068,33.6104508973164,-96.5037858487386,33.2431848092226,-96.5906628818643,159.726709472544,155.773557070224,2005.04684759768,2009,41.6746323339923,"139950000"
"79",281,33,6.93227002650748,33.6453653832652,-96.470032225975,33.62051,-96.68008,162.726709472544,155.794439446037,2005.06772997349,2012,19.664671630347,"139950000"
"80",281,32,3.9322700265075,33.6453653832652,-96.470032225975,33.5902,-96.11082,159.726709472544,155.794439446037,2005.06772997349,2009,33.8622502133256,"139950000"
"81",282,297,14.2407900517934,33.2343610633443,-98.3882090144373,34.2973525789465,-99.6927593466859,133.329712617563,119.08892256577,1968.36221309323,1982.60300314502,169.050424586286,"139950000"
"82",282,283,8.34542595021885,33.2343610633443,-98.3882090144373,33.7508174314553,-97.8791498571722,127.434348515989,119.08892256577,1968.36221309323,1976.70763904344,74.4250439530294,"139950000"
"83",283,284,6.38290565079514,33.7508174314553,-97.8791498571722,33.7321601955425,-97.8361279789807,133.817254166784,127.434348515989,1976.70763904344,1983.09054469424,4.49166417681189,"139950000"
"84",283,49,7.29236095655555,33.7508174314553,-97.8791498571722,31.80997,-95.64892,134.726709472544,127.434348515989,1976.70763904344,1984,300.407251022693,"139950000"
"85",284,296,1.97835091927105,33.7321601955425,-97.8361279789807,33.8337716012138,-97.3118888191048,135.795605086055,133.817254166784,1983.09054469424,1985.06889561351,49.8076224223661,"139950000"
"86",284,285,11.4445543603419,33.7321601955425,-97.8361279789807,33.7718651009242,-97.5204002808817,145.261808527126,133.817254166784,1983.09054469424,1994.53509905458,29.5562001468927,"139950000"
"87",285,286,2.09839425645487,33.7718651009242,-97.5204002808817,33.6336072680258,-97.1026129453868,147.360202783581,145.261808527126,1994.53509905458,1996.63349331104,41.6415293657392,"139950000"
"88",285,293,1.38911008246118,33.7718651009242,-97.5204002808817,33.794599913331,-97.2552958478006,146.650918609587,145.261808527126,1994.53509905458,1995.92420913704,24.6594107125628,"139950000"
"89",286,42,14.3665066889637,33.6336072680258,-97.1026129453868,33.1874200099003,-97.6019957458296,161.726709472544,147.360202783581,1996.63349331104,2011,67.9760990350181,"139950000"
"90",286,287,3.08858032588742,33.6336072680258,-97.1026129453868,33.3616567980509,-96.6545367186676,150.448783109468,147.360202783581,1996.63349331104,1999.72207363692,51.4472911234655,"139950000"
"91",287,35,9.27792636307625,33.3616567980509,-96.6545367186676,32.76983,-96.78019,159.726709472544,150.448783109468,1999.72207363692,2009,66.919211702685,"139950000"
"92",287,288,1.87974668780852,33.3616567980509,-96.6545367186676,33.1733474539637,-96.5346442729556,152.328529797277,150.448783109468,1999.72207363692,2001.60182032473,23.748622245555,"139950000"
"93",288,289,7.18994933791499,33.1733474539637,-96.5346442729556,33.1192226124189,-96.1169282242463,159.518479135192,152.328529797277,2001.60182032473,2008.79176966265,39.3983176743532,"139950000"
"94",288,290,3.17028723422958,33.1733474539637,-96.5346442729556,33.0368267879147,-96.6789224178019,155.498817031506,152.328529797277,2001.60182032473,2004.77210755896,20.2977371119137,"139950000"
"95",289,37,2.20823033735274,33.1192226124189,-96.1169282242463,32.89,-96.40955,161.726709472544,159.518479135192,2008.79176966265,2011,37.3829742485228,"139950000"
"96",289,36,0.208230337352743,33.1192226124189,-96.1169282242463,33.12005,-96.09,159.726709472544,159.518479135192,2008.79176966265,2009,2.51240254129626,"139950000"
"97",290,38,7.22789244103815,33.0368267879147,-96.6789224178019,33.2274429039339,-96.5461102988156,162.726709472544,155.498817031506,2004.77210755896,2012,24.5680538918918,"139950000"
"98",290,291,2.09733618035307,33.0368267879147,-96.6789224178019,33.1390384751779,-96.9827646827097,157.596153211859,155.498817031506,2004.77210755896,2006.86944373931,30.5386094767323,"139950000"
"99",291,292,0.419481145447775,33.1390384751779,-96.9827646827097,33.1763459211846,-96.9804015324291,158.015634357307,157.596153211859,2006.86944373931,2007.28892488476,4.1590446700116,"139950000"
"100",291,39,4.1305562606851,33.1390384751779,-96.9827646827097,33.2109732321153,-97.6726170292329,161.726709472544,157.596153211859,2006.86944373931,2011,64.7761398602726,"139950000"
"101",292,41,1.7110751152373,33.1763459211846,-96.9804015324291,33.1969655808744,-97.072061919102,159.726709472544,158.015634357307,2007.28892488476,2009,8.84276528227748,"139950000"
"102",292,40,3.71107511523733,33.1763459211846,-96.9804015324291,33.2235838203437,-97.1185201742762,161.726709472544,158.015634357307,2007.28892488476,2011,13.8992152864693,"139950000"
"103",293,295,7.56496490085967,33.794599913331,-97.2552958478006,33.9460569974118,-97.242647825734,154.215883510447,146.650918609587,1995.92420913704,2003.4891740379,16.9012711134762,"139950000"
"104",293,294,10.1905304233109,33.794599913331,-97.2552958478006,33.6716916768689,-97.7144001479074,156.841449032898,146.650918609587,1995.92420913704,2006.11473956035,44.6521290868886,"139950000"
"105",294,44,5.88526043964643,33.6716916768689,-97.7144001479074,32.75068,-98.30033,162.726709472544,156.841449032898,2006.11473956035,2012,116.149173129866,"139950000"
"106",294,43,4.88526043964643,33.6716916768689,-97.7144001479074,33.68344,-97.71697,161.726709472544,156.841449032898,2006.11473956035,2011,1.32936049901841,"139950000"
"107",295,45,5.51082596209769,33.9460569974118,-97.242647825734,33.1763812551069,-97.095989226828,159.726709472544,154.215883510447,2003.4891740379,2009,86.7566223523502,"139950000"
"108",295,46,7.51082596209769,33.9460569974118,-97.242647825734,33.6808739878883,-97.1879129584587,161.726709472544,154.215883510447,2003.4891740379,2011,29.9521520141016,"139950000"
"109",296,48,13.9311043864894,33.8337716012138,-97.3118888191048,33.6291771428684,-97.1797333661071,149.726709472544,135.795605086055,1985.06889561351,1999,25.8545717733855,"139950000"
"110",296,47,3.93110438648935,33.8337716012138,-97.3118888191048,34.49169,-97.06999,139.726709472544,135.795605086055,1985.06889561351,1989,76.5564206471985,"139950000"
"111",297,50,1.396996854981,34.2973525789465,-99.6927593466859,34.29004,-99.75013,134.726709472544,133.329712617563,1982.60300314502,1984,5.33888565765955,"139950000"
"112",297,298,22.5236301798827,34.2973525789465,-99.6927593466859,34.7941352392669,-100.406812905831,155.853342797446,133.329712617563,1982.60300314502,2005.1266333249,85.7051675518452,"139950000"
"113",298,54,3.87336667509834,34.7941352392669,-100.406812905831,34.6455,-99.32627198,159.726709472544,155.853342797446,2005.1266333249,2009,100.24649386408,"139950000"
"114",298,299,0.0729367100944751,34.7941352392669,-100.406812905831,34.7795422410043,-100.414244362772,155.92627950754,155.853342797446,2005.1266333249,2005.199570035,1.76090993403197,"139950000"
"115",299,53,5.80042996500386,34.7795422410043,-100.414244362772,34.54011,-100.2,161.726709472544,155.92627950754,2005.199570035,2011,33.0957833729251,"139950000"
"116",299,300,5.3423511273037,34.7795422410043,-100.414244362772,34.939715170363,-100.869494691575,161.268630634844,155.92627950754,2005.199570035,2010.5419211623,45.247418872928,"139950000"
"117",300,51,0.458078837700166,34.939715170363,-100.869494691575,34.9966236164547,-100.824012861726,161.726709472544,161.268630634844,2010.5419211623,2011,7.57305126992107,"139950000"
"118",300,52,1.45807883770017,34.939715170363,-100.869494691575,34.9480897945862,-100.780181628192,162.726709472544,161.268630634844,2010.5419211623,2012,8.2032921806293,"139950000"
"119",301,302,8.03724949371924,31.1309488558063,-98.8554397237804,31.2357531637278,-99.0071167728625,115.013914701167,106.976665207448,1956.2499557349,1964.28720522862,18.5687733671744,"139950000"
"120",301,55,27.7500442650965,31.1309488558063,-98.8554397237804,29.34824,-99.75937,134.726709472544,106.976665207448,1956.2499557349,1984,216.661525823053,"139950000"
"121",302,353,12.0062019401362,31.2357531637278,-99.0071167728625,31.7823739692008,-99.5282111740858,127.020116641303,115.013914701167,1964.28720522862,1976.29340716876,78.415029665207,"139950000"
"122",302,303,8.15467956352596,31.2357531637278,-99.0071167728625,31.3286661579089,-99.0695192873653,123.168594264693,115.013914701167,1964.28720522862,1972.44188479215,11.9261899392403,"139950000"
"123",303,106,39.5581152078513,31.3286661579089,-99.0695192873653,31.32993,-99.86022,162.726709472544,123.168594264693,1972.44188479215,2012,75.1893448638411,"139950000"
"124",303,304,5.80467483985463,31.3286661579089,-99.0695192873653,31.496404406682,-97.9741336684561,128.973269104548,123.168594264693,1972.44188479215,1978.246559632,105.731768735243,"139950000"
"125",304,305,3.19482382883605,31.496404406682,-97.9741336684561,31.7093936715354,-97.6957558805179,132.168092933384,128.973269104548,1978.246559632,1981.44138346084,35.4803779952808,"139950000"
"126",304,336,9.65776984345184,31.496404406682,-97.9741336684561,31.2626240707119,-96.7558313638714,138.631038947999,128.973269104548,1978.246559632,1987.90432947546,118.677063085031,"139950000"
"127",305,306,8.57595341567935,31.7093936715354,-97.6957558805179,31.8509989826135,-98.2042178450114,140.744046349063,132.168092933384,1981.44138346084,1990.01733687652,50.6339947574528,"139950000"
"128",305,87,3.55861653916064,31.7093936715354,-97.6957558805179,31.3982649911788,-97.8139094117776,135.726709472544,132.168092933384,1981.44138346084,1985,36.4044975998726,"139950000"
"129",306,315,6.63069274520477,31.8509989826135,-98.2042178450114,31.3584040696424,-98.2370781398127,147.374739094268,140.744046349063,1990.01733687652,1996.64802962172,54.9260054390122,"139950000"
"130",306,307,5.20314240401877,31.8509989826135,-98.2042178450114,32.4764649130591,-97.9102131758274,145.947188753082,140.744046349063,1990.01733687652,1995.22047928054,74.9391939724584,"139950000"
"131",307,309,0.864857799129613,32.4764649130591,-97.9102131758274,32.5191594747381,-98.010716435117,146.812046552211,145.947188753082,1995.22047928054,1996.08533707967,10.5658259646256,"139950000"
"132",307,308,14.5424110591725,32.4764649130591,-97.9102131758274,32.4825240468279,-98.0083094297532,160.489599812254,145.947188753082,1995.22047928054,2009.76289033971,9.23697855801927,"139950000"
"133",308,57,1.23710966029004,32.4825240468279,-98.0083094297532,32.43079,-97.83033,161.726709472544,160.489599812254,2009.76289033971,2011,17.6826407200051,"139950000"
"134",308,56,1.23710966029004,32.4825240468279,-98.0083094297532,32.7712471892398,-97.3118390862159,161.726709472544,160.489599812254,2009.76289033971,2011,72.7805304854907,"139950000"
"135",309,310,0.632465536363863,32.5191594747381,-98.010716435117,32.5120906509235,-97.9981008003933,147.444512088575,146.812046552211,1996.08533707967,1996.71780261603,1.42188430860461,"139950000"
"136",309,64,12.9146629203329,32.5191594747381,-98.010716435117,33.2517040940427,-97.6577491019443,159.726709472544,146.812046552211,1996.08533707967,2009,87.972348372738,"139950000"
"137",310,311,14.2432661158396,32.5120906509235,-97.9981008003933,32.7586417332833,-97.7996402578306,161.687778204415,147.444512088575,1996.71780261603,2010.96106873187,33.1586224665453,"139950000"
"138",310,312,6.40126727518634,32.5120906509235,-97.9981008003933,32.5738713008299,-97.8252171669397,153.845779363762,147.444512088575,1996.71780261603,2003.11906989122,17.6217822830009,"139950000"
"139",311,58,0.0389312681294123,32.7586417332833,-97.7996402578306,32.7600991135577,-97.7892112744165,161.726709472544,161.687778204415,2010.96106873187,2011,0.989727462155442,"139950000"
"140",311,59,0.0389312681294123,32.7586417332833,-97.7996402578306,32.7844703417335,-97.7726199763569,161.726709472544,161.687778204415,2010.96106873187,2011,3.82944031886077,"139950000"
"141",312,313,5.12705855619123,32.5738713008299,-97.8252171669397,32.5533050503707,-97.8346121970088,158.972837919953,153.845779363762,2003.11906989122,2008.24612844741,2.45333834421328,"139950000"
"142",312,63,7.88093010878269,32.5738713008299,-97.8252171669397,31.95015,-98.56699,161.726709472544,153.845779363762,2003.11906989122,2011,98.4739353326621,"139950000"
"143",313,62,2.75387155259143,32.5533050503707,-97.8346121970088,32.7574641994777,-97.8301847576318,161.726709472544,158.972837919953,2008.24612844741,2011,22.7315749015067,"139950000"
"144",313,314,1.17715731018176,32.5533050503707,-97.8346121970088,32.3691208147485,-98.1775463238947,160.149995230135,158.972837919953,2008.24612844741,2009.42328575759,38.1839905969694,"139950000"
"145",314,60,1.57671424240967,32.3691208147485,-98.1775463238947,32.23348,-97.76697,161.726709472544,160.149995230135,2009.42328575759,2011,41.4798460895756,"139950000"
"146",314,61,1.57671424240967,32.3691208147485,-98.1775463238947,32.2635654936598,-98.1956474389396,161.726709472544,160.149995230135,2009.42328575759,2011,11.8735855759849,"139950000"
"147",315,316,0.199687145347898,31.3584040696424,-98.2370781398127,31.3634962293416,-98.2399054750458,147.574426239616,147.374739094268,1996.64802962172,1996.84771676707,0.627365353248668,"139950000"
"148",315,335,12.2592092717169,31.3584040696424,-98.2370781398127,31.4594468024051,-99.0364381840644,159.633948365985,147.374739094268,1996.64802962172,2008.90723889344,76.7767129635298,"139950000"
"149",316,317,2.97645222618536,31.3634962293416,-98.2399054750458,31.3392190701087,-98.0669321632267,150.550878465801,147.574426239616,1996.84771676707,1999.82416899326,16.6651398446342,"139950000"
"150",316,333,9.98228531840723,31.3634962293416,-98.2399054750458,31.7332841875722,-98.6418513056414,157.556711558023,147.574426239616,1996.84771676707,2006.83000208548,56.1136569435841,"139950000"
"151",317,318,0.793781039044754,31.3392190701087,-98.0669321632267,31.2989561512988,-97.9795813851555,151.344659504846,150.550878465801,1999.82416899326,2000.6179500323,9.43933386598242,"139950000"
"152",317,325,4.83849204326567,31.3392190701087,-98.0669321632267,30.6711579917078,-98.4327921675354,155.389370509067,150.550878465801,1999.82416899326,2004.66266103652,82.1566762183819,"139950000"
"153",318,322,7.11282825859938,31.2989561512988,-97.9795813851555,31.3845846523457,-97.7448729232185,158.457487763445,151.344659504846,2000.6179500323,2007.7307782909,24.26664515148,"139950000"
"154",318,319,2.95248517133705,31.2989561512988,-97.9795813851555,31.31070966598,-97.9994319331609,154.297144676183,151.344659504846,2000.6179500323,2003.57043520364,2.29717898353521,"139950000"
"155",319,320,5.98629815311615,31.31070966598,-97.9994319331609,31.6819439678588,-98.0653871839678,160.283442829299,154.297144676183,2003.57043520364,2009.55673335675,41.7987606165889,"139950000"
"156",319,68,7.42956479636145,31.31070966598,-97.9994319331609,31.3901399807894,-97.8146903799512,161.726709472544,154.297144676183,2003.57043520364,2011,19.6638369670725,"139950000"
"157",320,67,1.4432666432453,31.6819439678588,-98.0653871839678,31.6564418000813,-98.0973456420649,161.726709472544,160.283442829299,2009.55673335675,2011,4.15072480196883,"139950000"
"158",320,321,0.134587395513856,31.6819439678588,-98.0653871839678,31.6806806364964,-98.0605436234832,160.418030224813,160.283442829299,2009.55673335675,2009.69132075227,0.479922328188985,"139950000"
"159",321,66,1.30867924773144,31.6806806364964,-98.0605436234832,31.6773698298376,-98.0770882094991,161.726709472544,160.418030224813,2009.69132075227,2011,1.6101363091623,"139950000"
"160",321,65,1.30867924773144,31.6806806364964,-98.0605436234832,31.6559450144816,-98.1021499835246,161.726709472544,160.418030224813,2009.69132075227,2011,4.8086330495199,"139950000"
"161",322,324,1.17957844754849,31.3845846523457,-97.7448729232185,31.3598930223138,-97.7566585377939,159.637066210994,158.457487763445,2007.7307782909,2008.91035673845,2.96826353115609,"139950000"
"162",322,323,3.2491107573761,31.3845846523457,-97.7448729232185,30.7061399499786,-97.72236675716,161.706598520821,158.457487763445,2007.7307782909,2010.97988904828,75.5575885539947,"139950000"
"163",323,69,0.0201109517230273,30.7061399499786,-97.72236675716,30.7008858715166,-97.7206693941509,161.726709472544,161.706598520821,2010.97988904828,2011,0.607049705681106,"139950000"
"164",323,70,0.0201109517230273,30.7061399499786,-97.72236675716,30.6944869865119,-97.6752686946082,161.726709472544,161.706598520821,2010.97988904828,2011,4.69123911315518,"139950000"
"165",324,71,0.0896432615506626,31.3598930223138,-97.7566585377939,31.3628415477218,-97.8122991473672,159.726709472544,159.637066210994,2008.91035673845,2009,5.29935307407057,"139950000"
"166",324,72,0.0896432615506626,31.3598930223138,-97.7566585377939,31.3726372243198,-97.758802007108,159.726709472544,159.637066210994,2008.91035673845,2009,1.43328946718459,"139950000"
"167",325,326,4.57087927609434,30.6711579917078,-98.4327921675354,30.735931439607,-98.1421646052347,159.960249785161,155.389370509067,2004.66266103652,2009.23354031262,28.7378123691707,"139950000"
"168",325,330,0.595834613934704,30.6711579917078,-98.4327921675354,30.6416654823032,-98.5894415135947,155.985205123001,155.389370509067,2004.66266103652,2005.25849565046,15.3566472102592,"139950000"
"169",326,327,1.04681444224984,30.735931439607,-98.1421646052347,30.8029809844315,-98.1551763293122,161.007064227411,159.960249785161,2009.23354031262,2010.28035475487,7.56726918012748,"139950000"
"170",326,328,0.37648499321583,30.735931439607,-98.1421646052347,30.7721049614993,-98.1789444035636,160.336734778377,159.960249785161,2009.23354031262,2009.61002530583,5.3476680088976,"139950000"
"171",327,73,0.719645245133441,30.8029809844315,-98.1551763293122,30.827148958019,-98.1917227570885,161.726709472544,161.007064227411,2010.28035475487,2011,4.40993513142881,"139950000"
"172",327,74,0.719645245133441,30.8029809844315,-98.1551763293122,30.7975854240123,-98.1893129205747,161.726709472544,161.007064227411,2010.28035475487,2011,3.31902840903618,"139950000"
"173",328,75,1.38997469416745,30.7721049614993,-98.1789444035636,30.4967830719734,-100.596287433904,161.726709472544,160.336734778377,2009.61002530583,2011,233.565013563042,"139950000"
"174",328,329,0.259132308636201,30.7721049614993,-98.1789444035636,30.7291909968802,-98.09215920481,160.595867087013,160.336734778377,2009.61002530583,2009.86915761447,9.57920366696309,"139950000"
"175",329,76,1.13084238553125,30.7291909968802,-98.09215920481,30.7735722296437,-98.1540320256048,161.726709472544,160.595867087013,2009.86915761447,2011,7.71039441784758,"139950000"
"176",329,77,2.13084238553125,30.7291909968802,-98.09215920481,30.33074,-97.7785,162.726709472544,160.595867087013,2009.86915761447,2012,53.5925738441186,"139950000"
"177",330,81,6.74150434954288,30.6416654823032,-98.5894415135947,30.31101,-98.94995,162.726709472544,155.985205123001,2005.25849565046,2012,50.5105015436098,"139950000"
"178",330,331,2.58642381923087,30.6416654823032,-98.5894415135947,30.6870037783387,-98.6304604801423,158.571628942232,155.985205123001,2005.25849565046,2007.84491946969,6.39552573962279,"139950000"
"179",331,332,0.137587802368326,30.6870037783387,-98.6304604801423,30.7071978058792,-98.612130592709,158.709216744601,158.571628942232,2007.84491946969,2007.98250727206,2.85176613266109,"139950000"
"180",331,80,3.15508053031199,30.6870037783387,-98.6304604801423,30.6666648722418,-98.6743021417863,161.726709472544,158.571628942232,2007.84491946969,2011,4.76934591174428,"139950000"
"181",332,79,3.01749272794366,30.7071978058792,-98.612130592709,30.7284180359327,-98.7029214762724,161.726709472544,158.709216744601,2007.98250727206,2011,9.0044876233828,"139950000"
"182",332,78,3.01749272794366,30.7071978058792,-98.612130592709,30.71994,-99.21839,161.726709472544,158.709216744601,2007.98250727206,2011,58.0415176168386,"139950000"
"183",333,334,1.58630306750221,31.7332841875722,-98.6418513056414,31.5300162132578,-98.5975149869308,159.143014625525,157.556711558023,2006.83000208548,2008.41630515298,23.0154931731321,"139950000"
"184",333,82,4.16999791452138,31.7332841875722,-98.6418513056414,32.32999,-98.82911,161.726709472544,157.556711558023,2006.83000208548,2011,68.7382087327047,"139950000"
"185",334,84,2.5836948470192,31.5300162132578,-98.5975149869308,31.77706,-99.00721,161.726709472544,159.143014625525,2008.41630515298,2011,47.5777605620844,"139950000"
"186",334,83,3.5836948470192,31.5300162132578,-98.5975149869308,31.49948,-98.59043,162.726709472544,159.143014625525,2008.41630515298,2012,3.46527057356343,"139950000"
"187",335,85,2.09276110655964,31.4594468024051,-99.0364381840644,31.151748796361,-98.8904800909629,161.726709472544,159.633948365985,2008.90723889344,2011,36.9605330164705,"139950000"
"188",335,86,2.09276110655964,31.4594468024051,-99.0364381840644,31.1745531744516,-99.3362701869967,161.726709472544,159.633948365985,2008.90723889344,2011,42.6496537864368,"139950000"
"189",336,337,9.03157483981877,31.2626240707119,-96.7558313638714,31.1503171561978,-96.7562111066211,147.662613787818,138.631038947999,1987.90432947546,1996.93590431527,12.5024928122208,"139950000"
"190",336,343,1.19207213540761,31.2626240707119,-96.7558313638714,31.9203480585928,-96.3962656149664,139.823111083407,138.631038947999,1987.90432947546,1989.09640161086,80.7697377347542,"139950000"
"191",337,340,3.59636015170358,31.1503171561978,-96.7562111066211,30.8467003880314,-96.8146146385083,151.258973939522,147.662613787818,1996.93590431527,2000.53226446698,34.2561789616212,"139950000"
"192",337,338,5.25628470649753,31.1503171561978,-96.7562111066211,31.4497609023488,-94.805535409135,152.918898494316,147.662613787818,1996.93590431527,2002.19218902177,188.519265026322,"139950000"
"193",338,339,0.97623373703345,31.4497609023488,-94.805535409135,32.2857867181851,-94.5072655861009,153.895132231349,152.918898494316,2002.19218902177,2003.16842275881,97.2478378623062,"139950000"
"194",338,90,9.80781097822854,31.4497609023488,-94.805535409135,31.5766240967198,-94.6804438743127,162.726709472544,152.918898494316,2002.19218902177,2012,18.4498928579269,"139950000"
"195",339,88,8.83157724119509,32.2857867181851,-94.5072655861009,31.78442,-94.13873,162.726709472544,153.895132231349,2003.16842275881,2012,65.7632063776622,"139950000"
"196",339,89,5.83157724119509,32.2857867181851,-94.5072655861009,32.48064,-94.80931,159.726709472544,153.895132231349,2003.16842275881,2009,35.7329363907767,"139950000"
"197",340,91,8.46773553302249,30.8467003880314,-96.8146146385083,30.676249936691,-96.3149818818426,159.726709472544,151.258973939522,2000.53226446698,2009,51.4242227159089,"139950000"
"198",340,341,7.93516784339266,30.8467003880314,-96.8146146385083,30.7587379289523,-97.0162383087142,159.194141782914,151.258973939522,2000.53226446698,2008.46743231037,21.6235814476666,"139950000"
"199",341,92,3.53256768962983,30.7587379289523,-97.0162383087142,31.03402,-96.50977,162.726709472544,159.194141782914,2008.46743231037,2012,57.2702121205252,"139950000"
"200",341,342,0.257375598319567,30.7587379289523,-97.0162383087142,30.639514308065,-96.3123191008356,159.451517381234,159.194141782914,2008.46743231037,2008.72480790869,68.6758223496811,"139950000"
"201",342,94,0.275192091310259,30.639514308065,-96.3123191008356,30.6408833606077,-96.3464315788047,159.726709472544,159.451517381234,2008.72480790869,2009,3.27089194893279,"139950000"
"202",342,93,0.275192091310259,30.639514308065,-96.3123191008356,30.6648053639849,-96.3337873524388,159.726709472544,159.451517381234,2008.72480790869,2009,3.48628486603561,"139950000"
"203",343,344,6.34614258182629,31.9203480585928,-96.3962656149664,32.0070502302788,-96.5651512248886,146.169253665233,139.823111083407,1989.09640161086,1995.44254419269,18.643459322491,"139950000"
"204",343,105,9.90359838913723,31.9203480585928,-96.3962656149664,31.70005,-96.14683,149.726709472544,139.823111083407,1989.09640161086,1999,34.0335157976934,"139950000"
"205",344,345,5.14379641743167,32.0070502302788,-96.5651512248886,30.765258311451,-97.0291415592438,151.313050082665,146.169253665233,1995.44254419269,2000.58634061012,145.102770654792,"139950000"
"206",344,347,1.27380814166171,32.0070502302788,-96.5651512248886,31.9561495991135,-96.6910749830508,147.443061806895,146.169253665233,1995.44254419269,1996.71635233435,13.1717472459599,"139950000"
"207",345,346,3.41477243388959,30.765258311451,-97.0291415592438,30.6484742313963,-96.7942623812026,154.727822516555,151.313050082665,2000.58634061012,2004.00111304401,25.9699951972858,"139950000"
"208",345,97,10.4136593898793,30.765258311451,-97.0291415592438,31.05018,-97.46695,161.726709472544,151.313050082665,2000.58634061012,2011,52.4857893747316,"139950000"
"209",346,96,7.99888695598967,30.6484742313963,-96.7942623812026,30.79193,-96.97903,162.726709472544,154.727822516555,2004.00111304401,2012,23.8268297332503,"139950000"
"210",346,95,6.99888695598967,30.6484742313963,-96.7942623812026,30.49229,-96.62154,161.726709472544,154.727822516555,2004.00111304401,2011,24.0081966256753,"139950000"
"211",347,348,2.72570330282898,31.9561495991135,-96.6910749830508,31.5839753001465,-96.4628176938745,150.168765109724,147.443061806895,1996.71635233435,1999.44205563718,46.7257386406626,"139950000"
"212",347,351,10.3618267273655,31.9561495991135,-96.6910749830508,32.110300976349,-96.6285784668637,157.80488853426,147.443061806895,1996.71635233435,2007.07817906172,18.1460002286385,"139950000"
"213",348,350,0.175488943515704,31.5839753001465,-96.4628176938745,31.5767837281538,-96.4496783482996,150.34425405324,150.168765109724,1999.44205563718,1999.6175445807,1.48112199909629,"139950000"
"214",348,349,9.14010221177027,31.5839753001465,-96.4628176938745,32.2091119010816,-97.0509392522864,159.308867321494,150.168765109724,1999.44205563718,2008.58215784895,89.0665818584252,"139950000"
"215",349,99,3.41784215104997,32.2091119010816,-97.0509392522864,32.38002,-97.36072,162.726709472544,159.308867321494,2008.58215784895,2012,34.8109026256636,"139950000"
"216",349,98,3.41784215104997,32.2091119010816,-97.0509392522864,30.97068,-95.9299,162.726709472544,159.308867321494,2008.58215784895,2012,174.08959132517,"139950000"
"217",350,100,9.38245541930454,31.5767837281538,-96.4496783482996,31.53825,-96.58016,159.726709472544,150.34425405324,1999.6175445807,2009,13.0998632726065,"139950000"
"218",350,101,11.3824554193045,31.5767837281538,-96.4496783482996,31.55036,-97.19964,161.726709472544,150.34425405324,1999.6175445807,2011,71.1979706464284,"139950000"
"219",351,352,0.117669844093387,32.110300976349,-96.6285784668637,32.1229135048787,-96.6205872937863,157.922558378354,157.80488853426,2007.07817906172,2007.19584890581,1.59346933837176,"139950000"
"220",351,102,4.92182093828377,32.110300976349,-96.6285784668637,32.60224,-96.27809,162.726709472544,157.80488853426,2007.07817906172,2012,63.9177860801339,"139950000"
"221",352,103,3.80415109419039,32.1229135048787,-96.6205872937863,32.0503,-96.47184,161.726709472544,157.922558378354,2007.19584890581,2011,16.1918485379817,"139950000"
"222",352,104,1.80415109419039,32.1229135048787,-96.6205872937863,32.7591756067519,-97.3118992694229,159.726709472544,157.922558378354,2007.19584890581,2009,96.1008987142531,"139950000"
"223",353,370,3.80223974042918,31.7823739692008,-99.5282111740858,31.1380629086769,-99.6318732213361,130.822356381732,127.020116641303,1976.29340716876,1980.09564690919,72.3995012976403,"139950000"
"224",353,354,11.4181573089976,31.7823739692008,-99.5282111740858,31.6145669354446,-100.580240291623,138.438273950301,127.020116641303,1976.29340716876,1987.71156447776,101.380719680085,"139950000"
"225",354,355,1.21822674563358,31.6145669354446,-100.580240291623,31.5980516425142,-100.488086379773,139.656500695934,138.438273950301,1987.71156447776,1988.92979122339,8.92855960837538,"139950000"
"226",354,359,0.918809700380194,31.6145669354446,-100.580240291623,31.6733339581189,-100.623008195468,139.357083650681,138.438273950301,1987.71156447776,1988.63037417814,7.69601921511639,"139950000"
"227",355,358,8.88662469117561,31.5980516425142,-100.488086379773,31.3039312201621,-100.321880005796,148.54312538711,139.656500695934,1988.92979122339,1997.81641591457,36.3486833534472,"139950000"
"228",355,356,1.11106835262745,31.5980516425142,-100.488086379773,31.5147790664107,-100.491573064592,140.767569048562,139.656500695934,1988.92979122339,1990.04085957602,9.27612418556341,"139950000"
"229",356,357,18.4602271433811,31.5147790664107,-100.491573064592,32.6041472352628,-100.865707909523,159.227796191943,140.767569048562,1990.04085957602,2008.5010867194,126.305016750728,"139950000"
"230",356,109,21.9591404239824,31.5147790664107,-100.491573064592,30.4746469713943,-100.569967347773,162.726709472544,140.767569048562,1990.04085957602,2012,116.032933618812,"139950000"
"231",357,107,0.49891328060132,32.6041472352628,-100.865707909523,32.74998,-100.91869,159.726709472544,159.227796191943,2008.5010867194,2009,16.976812536917,"139950000"
"232",357,108,3.49891328060132,32.6041472352628,-100.865707909523,32.73878,-100.39976,162.726709472544,159.227796191943,2008.5010867194,2012,46.1647128363444,"139950000"
"233",358,110,11.1835840854342,31.3039312201621,-100.321880005796,35.0013698314741,-101.938686790583,159.726709472544,148.54312538711,1997.81641591457,2009,438.308615890686,"139950000"
"234",358,111,1.18358408543422,31.3039312201621,-100.321880005796,31.4082465094934,-100.44656390867,149.726709472544,148.54312538711,1997.81641591457,1999,16.5937339569565,"139950000"
"235",359,360,1.77306310796714,31.6733339581189,-100.623008195468,35.7839975604722,-105.055153940948,141.130146758648,139.357083650681,1988.63037417814,1990.4034372861,614.49621554995,"139950000"
"236",359,112,5.36962582186322,31.6733339581189,-100.623008195468,31.4435527199947,-100.482646105928,144.726709472544,139.357083650681,1988.63037417814,1994,28.8379043768529,"139950000"
"237",360,361,16.4886494707562,35.7839975604722,-105.055153940948,32.4751876723695,-104.281167623649,157.618796229404,141.130146758648,1990.4034372861,2006.89208675686,375.186625858463,"139950000"
"238",360,364,10.4453612974116,35.7839975604722,-105.055153940948,35.0554569542892,-101.183132558463,151.57550805606,141.130146758648,1990.4034372861,2000.84879858352,360.487162903485,"139950000"
"239",361,116,4.1079132431399,32.4751876723695,-104.281167623649,32.4127313900473,-104.229607847836,161.726709472544,157.618796229404,2006.89208675686,2011,8.4738557197902,"139950000"
"240",361,362,4.02484349736431,32.4751876723695,-104.281167623649,32.413819266225,-104.254709666354,161.643639726769,157.618796229404,2006.89208675686,2010.91693025422,7.26990782681459,"139950000"
"241",362,363,0.798231029291187,32.413819266225,-104.254709666354,32.4561721462182,-104.265257424638,162.44187075606,161.643639726769,2010.91693025422,2011.71516128352,4.81791609719593,"139950000"
"242",362,115,1.0830697457756,32.413819266225,-104.254709666354,32.4154922532548,-104.217889139334,162.726709472544,161.643639726769,2010.91693025422,2012,3.4653496804523,"139950000"
"243",363,114,0.284838716484408,32.4561721462182,-104.265257424638,32.4541777527858,-104.246943337188,162.726709472544,162.44187075606,2011.71516128352,2012,1.73462648908723,"139950000"
"244",363,113,0.284838716484408,32.4561721462182,-104.265257424638,32.428222298616,-104.267891572952,162.726709472544,162.44187075606,2011.71516128352,2012,3.12131154753542,"139950000"
"245",364,368,7.3296839394415,35.0554569542892,-101.183132558463,35.2129301577588,-100.946799670151,158.905191995501,151.57550805606,2000.84879858352,2008.17848252296,27.7535538705521,"139950000"
"246",364,365,3.32667415808082,35.0554569542892,-101.183132558463,35.0996401085207,-101.548921998914,154.902182214141,151.57550805606,2000.84879858352,2004.1754727416,33.6861348508885,"139950000"
"247",365,366,2.42192285793739,35.0996401085207,-101.548921998914,34.9754066223101,-101.613862619109,157.324105072078,154.902182214141,2004.1754727416,2006.59739559953,15.043641074152,"139950000"
"248",365,117,6.82452725840364,35.0996401085207,-101.548921998914,35.4012,-101.88964,161.726709472544,154.902182214141,2004.1754727416,2011,45.677669032824,"139950000"
"249",366,367,2.24708659052477,34.9754066223101,-101.613862619109,35.0157804431125,-101.678419635417,159.571191662603,157.324105072078,2006.59739559953,2008.84448219006,7.40688959064586,"139950000"
"250",366,118,2.40260440046625,34.9754066223101,-101.613862619109,31.4503633913645,-100.414339728933,159.726709472544,157.324105072078,2006.59739559953,2009,408.00382034911,"139950000"
"251",367,119,2.15551780994148,35.0157804431125,-101.678419635417,34.96672,-101.36711,161.726709472544,159.571191662603,2008.84448219006,2011,28.9122545888415,"139950000"
"252",367,120,0.155517809941482,35.0157804431125,-101.678419635417,34.9323110123325,-101.875858252228,159.726709472544,159.571191662603,2008.84448219006,2009,20.2661542248538,"139950000"
"253",368,121,3.82151747704297,35.2129301577588,-100.946799670151,34.07955,-100.26927,162.726709472544,158.905191995501,2008.17848252296,2012,140.603718290543,"139950000"
"254",368,369,1.36571949741819,35.2129301577588,-100.946799670151,35.3672083322793,-101.045316869796,160.270911492919,158.905191995501,2008.17848252296,2009.54420202038,19.3678162964688,"139950000"
"255",369,123,1.45579797962478,35.3672083322793,-101.045316869796,35.41671,-101.36711,161.726709472544,160.270911492919,2009.54420202038,2011,29.718820560178,"139950000"
"256",369,122,1.45579797962478,35.3672083322793,-101.045316869796,35.4167,-100.802,161.726709472544,160.270911492919,2009.54420202038,2011,22.7585209297111,"139950000"
"257",370,371,3.66622095758623,31.1380629086769,-99.6318732213361,31.3639821161525,-99.2536964231818,134.488577339319,130.822356381732,1980.09564690919,1983.76186786677,43.908030667813,"139950000"
"258",370,124,3.90435309081187,31.1380629086769,-99.6318732213361,30.49154,-99.75013,134.726709472544,130.822356381732,1980.09564690919,1984,72.856053950793,"139950000"
"259",371,125,15.2381321332256,31.3639821161525,-99.2536964231818,32.2691628954236,-99.3892294997203,149.726709472544,134.488577339319,1983.76186786677,1999,101.580534497808,"139950000"
"260",371,126,10.2381321332256,31.3639821161525,-99.2536964231818,31.2097009526603,-99.3240393914033,144.726709472544,134.488577339319,1983.76186786677,1994,18.4328643089286,"139950000"
"261",372,130,19.6906251469593,31.497519225545,-99.1442086706056,32.2522820067983,-98.2567010001455,134.726709472544,115.036084325585,1964.30937485304,1984,118.739882541012,"139950000"
"262",372,373,7.8026083662997,31.497519225545,-99.1442086706056,31.4305477607202,-99.2422078380397,122.838692691885,115.036084325585,1964.30937485304,1972.11198321934,11.9238668569835,"139950000"
"263",373,374,0.383599150474183,31.4305477607202,-99.2422078380397,31.4863402418527,-99.0170010059852,123.222291842359,122.838692691885,1972.11198321934,1972.49558236981,22.2696096759667,"139950000"
"264",373,127,11.8880167806596,31.4305477607202,-99.2422078380397,31.1755179887189,-99.3190697347058,134.726709472544,122.838692691885,1972.11198321934,1984,29.3171241941591,"139950000"
"265",374,129,11.5044176301854,31.4863402418527,-99.0170010059852,31.99036,-97.12897,134.726709472544,123.222291842359,1972.49558236981,1984,187.348079359257,"139950000"
"266",374,128,11.5044176301854,31.4863402418527,-99.0170010059852,31.1885283100582,-98.8092901216202,134.726709472544,123.222291842359,1972.49558236981,1984,38.590391669102,"139950000"
"267",375,376,23.1692759141779,33.3975977479216,-111.166370065915,33.4487714024445,-110.724546210344,128.563484112982,105.394208198804,1954.66749872626,1977.83677464044,41.4448518666804,"139950000"
"268",375,134,30.3325012737402,33.3975977479216,-111.166370065915,33.040556,-109.300833,135.726709472544,105.394208198804,1954.66749872626,1985,178.226060490182,"139950000"
"269",376,377,16.3457418361712,33.4487714024445,-110.724546210344,32.0102277991426,-109.985105508428,144.909225949153,128.563484112982,1977.83677464044,1994.18251647661,174.473181461259,"139950000"
"270",376,133,8.16322535956239,33.4487714024445,-110.724546210344,33.671667,-111.161111,136.726709472544,128.563484112982,1977.83677464044,1986,47.4958170507445,"139950000"
"271",377,132,15.8174835233912,32.0102277991426,-109.985105508428,31.9546211627971,-109.694374916974,160.726709472544,144.909225949153,1994.18251647661,2010,28.1418274300656,"139950000"
"272",377,131,15.8174835233912,32.0102277991426,-109.985105508428,31.9775748226594,-109.791105938817,160.726709472544,144.909225949153,1994.18251647661,2010,18.6735488383819,"139950000"
"273",378,136,55.8894720447992,30.3373423339513,-99.9720050437178,30.5421077189328,-100.555911626788,141.726709472544,85.837237427745,1935.1105279552,1991,60.5014146974487,"139950000"
"274",378,135,63.8894720447992,30.3373423339513,-99.9720050437178,30.04591,-99.14096,149.726709472544,85.837237427745,1935.1105279552,1999,86.2958173424847,"139950000"
"275",379,393,15.4997225539211,29.7318561489039,-98.4211097930427,29.5844707472666,-98.4056524300898,125.967892189834,110.468169635913,1959.74146016337,1975.24118271729,16.4755133437416,"139950000"
"276",379,380,8.94704060548465,29.7318561489039,-98.4211097930427,29.5899383780147,-96.285391518088,119.415210241397,110.468169635913,1959.74146016337,1968.68850076885,207.203230495164,"139950000"
"277",380,381,5.24447986874726,29.5899383780147,-96.285391518088,29.5164541389415,-96.4380187300441,124.659690110145,119.415210241397,1968.68850076885,1973.9329806376,16.8933131649468,"139950000"
"278",380,392,8.12186370306011,29.5899383780147,-96.285391518088,29.654882249936,-95.957236301865,127.537073944458,119.415210241397,1968.68850076885,1976.81036447191,32.5694638829334,"139950000"
"279",381,137,10.0670193623995,29.5164541389415,-96.4380187300441,29.38,-94.86,134.726709472544,124.659690110145,1973.9329806376,1984,153.725635312891,"139950000"
"280",381,382,21.8124896993531,29.5164541389415,-96.4380187300441,29.9870965175519,-96.7254088515518,146.472179809498,124.659690110145,1973.9329806376,1995.74547033695,59.3009879475009,"139950000"
"281",382,383,4.31819061356072,29.9870965175519,-96.7254088515518,29.9975496293233,-96.6493182482883,150.790370423058,146.472179809498,1995.74547033695,2000.06366095051,7.42812573925961,"139950000"
"282",382,387,5.48486615844837,29.9870965175519,-96.7254088515518,30.1183170008436,-97.1196814723859,151.957045967946,146.472179809498,1995.74547033695,2001.2303364954,40.7029769403036,"139950000"
"283",383,142,10.9363390494858,29.9975496293233,-96.6493182482883,28.9336,-96.55025,161.726709472544,150.790370423058,2000.06366095051,2011,118.83155232432,"139950000"
"284",383,384,1.4790155794503,29.9975496293233,-96.6493182482883,29.9551230286954,-96.6257380917465,152.269386002509,150.790370423058,2000.06366095051,2001.54267652996,5.24196328897429,"139950000"
"285",384,386,4.5597965738863,29.9551230286954,-96.6257380917465,29.6288446536815,-97.8975958205108,156.829182576395,152.269386002509,2001.54267652996,2006.10247310385,128.130372669303,"139950000"
"286",384,385,7.25065255536027,29.9551230286954,-96.6257380917465,29.8340805645197,-96.5550331843651,159.520038557869,152.269386002509,2001.54267652996,2008.79332908532,15.104240937041,"139950000"
"287",385,138,2.20667091467518,29.8340805645197,-96.5550331843651,29.9136517230132,-96.3118380075786,161.726709472544,159.520038557869,2008.79332908532,2011,25.0916385317263,"139950000"
"288",385,139,2.20667091467518,29.8340805645197,-96.5550331843651,30.20995,-96.41,161.726709472544,159.520038557869,2008.79332908532,2011,44.11666635369,"139950000"
"289",386,140,2.89752689614912,29.6288446536815,-97.8975958205108,28.65209,-97.43163,159.726709472544,156.829182576395,2006.10247310385,2009,117.797320969194,"139950000"
"290",386,141,4.89752689614912,29.6288446536815,-97.8975958205108,29.58,-97.95023,161.726709472544,156.829182576395,2006.10247310385,2011,7.45127304115533,"139950000"
"291",387,389,0.534307736542381,30.1183170008436,-97.1196814723859,30.1812590028982,-97.2278340867997,152.491353704489,151.957045967946,2001.2303364954,2001.76464423194,12.5494703943138,"139950000"
"292",387,388,9.041368236686,30.1183170008436,-97.1196814723859,30.0104755443957,-97.2813439040001,160.998414204632,151.957045967946,2001.2303364954,2010.27170473209,19.6654072898824,"139950000"
"293",388,143,0.728295267912087,30.0104755443957,-97.2813439040001,30.0821731281202,-97.3054987582455,161.726709472544,160.998414204632,2010.27170473209,2011,8.31413256103466,"139950000"
"294",388,144,0.728295267912087,30.0104755443957,-97.2813439040001,30.0583617113702,-97.2818018970682,161.726709472544,160.998414204632,2010.27170473209,2011,5.33105623587892,"139950000"
"295",389,391,2.13466383378025,30.1812590028982,-97.2278340867997,29.9962848308575,-96.9738762806566,154.626017538269,152.491353704489,2001.76464423194,2003.89930806572,31.9752799858298,"139950000"
"296",389,390,0.371819490982638,30.1812590028982,-97.2278340867997,30.0781941149266,-97.1357842989689,152.863173195471,152.491353704489,2001.76464423194,2002.13646372293,14.498028801568,"139950000"
"297",390,145,8.86353627707307,30.0781941149266,-97.1357842989689,30.0962060438915,-97.2831356267347,161.726709472544,152.863173195471,2002.13646372293,2011,14.334475454201,"139950000"
"298",390,146,6.86353627707307,30.0781941149266,-97.1357842989689,29.62151,-96.52164,159.726709472544,152.863173195471,2002.13646372293,2009,78.1086971326355,"139950000"
"299",391,148,8.10069193427548,29.9962848308575,-96.9738762806566,30.53353,-95.9669,162.726709472544,154.626017538269,2003.89930806572,2012,113.803613659505,"139950000"
"300",391,147,7.10069193427545,29.9962848308575,-96.9738762806566,29.85939,-96.92991,161.726709472544,154.626017538269,2003.89930806572,2011,15.8189911588755,"139950000"
"301",392,149,7.18963552808666,29.654882249936,-95.957236301865,29.8632759848192,-96.3190581418167,134.726709472544,127.537073944458,1976.81036447191,1984,41.9632675092382,"139950000"
"302",392,150,7.18963552808666,29.654882249936,-95.957236301865,29.53063,-95.7698,134.726709472544,127.537073944458,1976.81036447191,1984,22.8154826901553,"139950000"
"303",393,152,7.75881728271029,29.5844707472666,-98.4056524300898,29.83933,-97.60989,133.726709472544,125.967892189834,1975.24118271729,1983,82.0047969619859,"139950000"
"304",393,151,8.75881728271029,29.5844707472666,-98.4056524300898,29.07915,-97.36045,134.726709472544,125.967892189834,1975.24118271729,1984,115.992168203389,"139950000"
"305",394,397,36.4901538261591,31.586156932329,-97.4696478855839,31.7377320317894,-97.9823214939728,64.681910941647,28.1917571154879,1877.46504764294,1913.9552014691,51.4252172354793,"139950000"
"306",394,395,69.2916762344171,31.586156932329,-97.4696478855839,38.3603359819255,-103.280308285911,97.483433349905,28.1917571154879,1877.46504764294,1946.75672387736,921.291803570734,"139950000"
"307",395,155,37.2432761226393,38.3603359819255,-103.280308285911,38.01578,-101.66666,134.726709472544,97.483433349905,1946.75672387736,1984,146.307728804203,"139950000"
"308",395,396,23.2793441033641,38.3603359819255,-103.280308285911,39.4523680899147,-102.980062242683,120.762777453269,97.483433349905,1946.75672387736,1970.03606798072,124.320331796704,"139950000"
"309",396,153,16.9639320192752,39.4523680899147,-102.980062242683,40.076721,-102.225873,137.726709472544,120.762777453269,1970.03606798072,1987,94.8470877469377,"139950000"
"310",396,154,16.9639320192752,39.4523680899147,-102.980062242683,39.61283,-102.59222,137.726709472544,120.762777453269,1970.03606798072,1987,37.7887381879881,"139950000"
"311",397,435,1.03913533069843,31.7377320317894,-97.9823214939728,31.6597522650956,-98.0256643799904,65.7210462723454,64.681910941647,1913.9552014691,1914.9943367998,9.6027823904968,"139950000"
"312",397,398,22.7443480180322,31.7377320317894,-97.9823214939728,32.7807298271558,-96.7436929663762,87.4262589596791,64.681910941647,1913.9552014691,1936.69954948713,164.551900724764,"139950000"
"313",398,399,14.6947548470036,32.7807298271558,-96.7436929663762,34.2714818755141,-91.3661676770266,102.121013806683,87.4262589596791,1936.69954948713,1951.39430433414,525.838969476933,"139950000"
"314",398,417,4.2400546040397,32.7807298271558,-96.7436929663762,32.9738430551715,-96.7537366499612,91.6663135637188,87.4262589596791,1936.69954948713,1940.93960409117,21.5186102406763,"139950000"
"315",399,174,32.6056956658615,34.2714818755141,-91.3661676770266,33.78344,-91.31678,134.726709472544,102.121013806683,1951.39430433414,1984,54.5214494139107,"139950000"
"316",399,400,6.47247074819042,34.2714818755141,-91.3661676770266,36.1470812160262,-93.214060250863,108.593484554873,102.121013806683,1951.39430433414,1957.86677508233,268.030947227094,"139950000"
"317",400,173,26.133224917671,36.1470812160262,-93.214060250863,36.61904,-94.34961,134.726709472544,108.593484554873,1957.86677508233,1984,114.532605617191,"139950000"
"318",400,401,5.91073765476321,36.1470812160262,-93.214060250863,36.2025721928792,-93.1104405316245,114.504222209636,108.593484554873,1957.86677508233,1963.77751273709,11.1743579741852,"139950000"
"319",401,402,10.6964099316194,36.2025721928792,-93.1104405316245,36.2298371544639,-92.3485222809741,125.200632141256,114.504222209636,1963.77751273709,1974.47392266871,68.4990544211138,"139950000"
"320",401,156,20.2224872629078,36.2025721928792,-93.1104405316245,38.51034,-92.28239,134.726709472544,114.504222209636,1963.77751273709,1984,267.150675487991,"139950000"
"321",402,416,14.5322175790555,36.2298371544639,-92.3485222809741,36.1191849400407,-92.5506140464582,139.732849720311,125.200632141256,1974.47392266871,1989.00614024777,21.9441616895265,"139950000"
"322",402,403,22.5289835712074,36.2298371544639,-92.3485222809741,36.016752655692,-92.1354450354186,147.729615712463,125.200632141256,1974.47392266871,1997.00290623992,30.4929592500979,"139950000"
"323",403,404,2.77047944000178,36.016752655692,-92.1354450354186,36.0684934538543,-91.9997674007477,150.500095152465,147.729615712463,1997.00290623992,1999.77338567992,13.5030609499767,"139950000"
"324",403,407,2.90186361590404,36.016752655692,-92.1354450354186,36.0032434094052,-92.3163841125851,150.631479328367,147.729615712463,1997.00290623992,1999.90476985582,16.3630870398296,"139950000"
"325",404,157,0.226614320079188,36.0684934538543,-91.9997674007477,37.25923,-93.34003,150.726709472544,150.500095152465,1999.77338567992,2000,178.589063666778,"139950000"
"326",404,405,5.75635905304547,36.0684934538543,-91.9997674007477,37.40018462562,-91.0406175814228,156.25645420551,150.500095152465,1999.77338567992,2005.52974473297,171.170841871202,"139950000"
"327",405,406,6.25780672448425,37.40018462562,-91.0406175814228,37.3599406789342,-90.9062061011664,162.514260929995,156.25645420551,2005.52974473297,2011.78755145745,12.7061823435324,"139950000"
"328",405,158,5.47025526703375,37.40018462562,-91.0406175814228,37.60956,-91.50031,161.726709472544,156.25645420551,2005.52974473297,2011,46.8123197759256,"139950000"
"329",406,160,0.212448542549496,37.3599406789342,-90.9062061011664,37.3762835396815,-91.0177715558693,162.726709472544,162.514260929995,2011.78755145745,2012,10.0370136517826,"139950000"
"330",406,159,0.212448542549496,37.3599406789342,-90.9062061011664,37.3405270348562,-90.9221359874482,162.726709472544,162.514260929995,2011.78755145745,2012,2.58033652123362,"139950000"
"331",407,408,0.892665494342463,36.0032434094052,-92.3163841125851,36.7454640920434,-92.2708825908489,151.52414482271,150.631479328367,1999.90476985582,2000.79743535017,82.7274712731713,"139950000"
"332",407,161,9.09523014417693,36.0032434094052,-92.3163841125851,35.9548,-92.23221101,159.726709472544,150.631479328367,1999.90476985582,2009,9.30503447803769,"139950000"
"333",408,409,0.58784457844868,36.7454640920434,-92.2708825908489,36.9371127880024,-91.9881635095717,152.111989401158,151.52414482271,2000.79743535017,2001.38527992861,33.0094740145418,"139950000"
"334",408,415,5.80643715498511,36.7454640920434,-92.2708825908489,36.5219072808736,-92.3103833986752,157.330581977695,151.52414482271,2000.79743535017,2006.60387250515,25.1361347318727,"139950000"
"335",409,168,7.61472007138578,36.9371127880024,-91.9881635095717,36.9922,-91.96816602,159.726709472544,152.111989401158,2001.38527992861,2009,6.38527699105538,"139950000"
"336",409,410,4.28066448724953,36.9371127880024,-91.9881635095717,36.8001504468755,-92.0069863451157,156.392653888408,152.111989401158,2001.38527992861,2005.66594441586,15.3390566996732,"139950000"
"337",410,411,2.47631705308814,36.8001504468755,-92.0069863451157,36.7681156851175,-91.7622098522647,158.868970941496,156.392653888408,2005.66594441586,2008.14226146895,22.1134729636166,"139950000"
"338",410,413,2.00555634856137,36.8001504468755,-92.0069863451157,36.8514987827505,-91.9728733710655,158.398210236969,156.392653888408,2005.66594441586,2007.67150076443,6.47429948042225,"139950000"
"339",411,162,0.857738531048115,36.7681156851175,-91.7622098522647,36.7298,-91.87088502,159.726709472544,158.868970941496,2008.14226146895,2009,10.5907532447612,"139950000"
"340",411,412,2.08486123348955,36.7681156851175,-91.7622098522647,36.8365332199511,-91.7609335093832,160.953832174986,158.868970941496,2008.14226146895,2010.22712270244,7.61735452761816,"139950000"
"341",412,164,0.772877297558568,36.8365332199511,-91.7609335093832,36.7818641928901,-91.8444432605392,161.726709472544,160.953832174986,2010.22712270244,2011,9.61458976807918,"139950000"
"342",412,163,0.772877297558568,36.8365332199511,-91.7609335093832,36.8036440597281,-91.9192047056369,161.726709472544,160.953832174986,2010.22712270244,2011,14.5721400003693,"139950000"
"343",413,167,4.32849923557488,36.8514987827505,-91.9728733710655,36.7642085749052,-91.9020326141888,162.726709472544,158.398210236969,2007.67150076443,2012,11.5886910114535,"139950000"
"344",413,414,2.57582735159308,36.8514987827505,-91.9728733710655,36.6791916619153,-91.8182962114441,160.974037588562,158.398210236969,2007.67150076443,2010.24732811602,23.6215949952687,"139950000"
"345",414,166,0.752671883981824,36.6791916619153,-91.8182962114441,36.7543107854086,-91.851206529341,161.726709472544,160.974037588562,2010.24732811602,2011,8.86325153155055,"139950000"
"346",414,165,0.752671883981824,36.6791916619153,-91.8182962114441,36.7314857644278,-91.8499269802238,161.726709472544,160.974037588562,2010.24732811602,2011,6.46996954572187,"139950000"
"347",415,170,2.39612749484938,36.5219072808736,-92.3103833986752,36.6029,-92.43117198,159.726709472544,157.330581977695,2006.60387250515,2009,14.0693242478313,"139950000"
"348",415,169,2.39612749484932,36.5219072808736,-92.3103833986752,36.3377,-92.38064101,159.726709472544,157.330581977695,2006.60387250515,2009,21.4505111002868,"139950000"
"349",416,171,19.9938597522329,36.1191849400407,-92.5506140464582,35.8794,-92.09239302,159.726709472544,139.732849720311,1989.00614024777,2009,49.1496313130484,"139950000"
"350",416,172,19.9938597522329,36.1191849400407,-92.5506140464582,35.9082,-94.20030899,159.726709472544,139.732849720311,1989.00614024777,2009,150.39393092981,"139950000"
"351",417,418,9.52622918242077,32.9738430551715,-96.7537366499612,33.1517731296706,-96.6718517025187,101.19254274614,91.6663135637188,1940.93960409117,1950.4658332736,21.230069661814,"139950000"
"352",417,175,38.0603959088254,32.9738430551715,-96.7537366499612,34.0501,-93.16684,129.726709472544,91.6663135637188,1940.93960409117,1979,353.806951922682,"139950000"
"353",418,429,1.30723577930608,33.1517731296706,-96.6718517025187,32.7379416895092,-96.4204234313452,102.499778525446,101.19254274614,1950.4658332736,1951.7730690529,51.711803417126,"139950000"
"354",418,419,21.4185856095593,33.1517731296706,-96.6718517025187,33.8116179684359,-95.2116293411319,122.611128355699,101.19254274614,1950.4658332736,1971.88441888315,154.200745710084,"139950000"
"355",419,420,5.34025414271287,33.8116179684359,-95.2116293411319,33.5941608803076,-95.0586422476343,127.951382498412,122.611128355699,1971.88441888315,1977.22467302587,28.0496833023142,"139950000"
"356",419,186,12.1155811168454,33.8116179684359,-95.2116293411319,33.5097135616214,-97.8204157263812,134.726709472544,122.611128355699,1971.88441888315,1984,244.045137177088,"139950000"
"357",420,176,6.77532697413249,33.5941608803076,-95.0586422476343,33.71678,-93.66685,134.726709472544,127.951382498412,1977.22467302587,1984,129.688856777342,"139950000"
"358",420,421,26.610571263427,33.5941608803076,-95.0586422476343,33.4596136172213,-93.9740382976276,154.561953761839,127.951382498412,1977.22467302587,2003.83524428929,101.761869848943,"139950000"
"359",421,422,1.90995018966036,33.4596136172213,-93.9740382976276,33.4654461132382,-93.9548245715425,156.471903951499,154.561953761839,2003.83524428929,2005.74519447895,1.89886804856571,"139950000"
"360",421,423,0.277555399291264,33.4596136172213,-93.9740382976276,34.3551759491868,-93.5408469964922,154.83950916113,154.561953761839,2003.83524428929,2004.11279968859,107.430836923912,"139950000"
"361",422,178,3.25480552104519,33.4654461132382,-93.9548245715425,33.327778,-93.877222,159.726709472544,156.471903951499,2005.74519447895,2009,16.9381024151425,"139950000"
"362",422,177,6.25480552104519,33.4654461132382,-93.9548245715425,29.57219,-98.13921,162.726709472544,156.471903951499,2005.74519447895,2012,587.694826013736,"139950000"
"363",423,424,2.89642581354156,34.3551759491868,-93.5408469964922,34.3061596069718,-93.4004982331293,157.735934974672,154.83950916113,2004.11279968859,2007.00922550213,14.0088154390432,"139950000"
"364",423,428,0.688334780621288,34.3551759491868,-93.5408469964922,34.3612144696113,-93.5633660268989,155.527843941751,154.83950916113,2004.11279968859,2004.80113446921,2.17595623116088,"139950000"
"365",424,425,0.627626069661575,34.3061596069718,-93.4004982331293,34.189298318676,-93.3247641389583,158.363561044333,157.735934974672,2007.00922550213,2007.63685157179,14.7585635201206,"139950000"
"366",424,427,1.86152481990372,34.3061596069718,-93.4004982331293,34.3144257882246,-93.4375475973509,159.597459794575,157.735934974672,2007.00922550213,2008.87075032203,3.52890153987186,"139950000"
"367",425,179,1.36314842821112,34.189298318676,-93.3247641389583,34.1145,-93.07149798,159.726709472544,158.363561044333,2007.63685157179,2009,24.7737814898651,"139950000"
"368",425,426,1.12427074467378,34.189298318676,-93.3247641389583,34.1547769335701,-93.4499347346699,159.487831789007,158.363561044333,2007.63685157179,2008.76112231646,12.1524166335905,"139950000"
"369",426,181,0.238877683537312,34.1547769335701,-93.4499347346699,34.2842338143613,-93.4383707509141,159.726709472544,159.487831789007,2008.76112231646,2009,14.4509012468943,"139950000"
"370",426,180,0.238877683537312,34.1547769335701,-93.4499347346699,34.2564928516776,-93.4889710942737,159.726709472544,159.487831789007,2008.76112231646,2009,11.88008156377,"139950000"
"371",427,182,0.129249677968978,34.3144257882246,-93.4375475973509,34.2704597581681,-93.4617329873496,159.726709472544,159.597459794575,2008.87075032203,2009,5.37622196699822,"139950000"
"372",427,183,0.129249677968978,34.3144257882246,-93.4375475973509,34.2839930946633,-93.4190456477089,159.726709472544,159.597459794575,2008.87075032203,2009,3.79117362271335,"139950000"
"373",428,184,4.198865530793,34.3612144696113,-93.5633660268989,33.5984911190109,-97.8585487122707,159.726709472544,155.527843941751,2004.80113446921,2009,405.45800741008,"139950000"
"374",428,185,4.198865530793,34.3612144696113,-93.5633660268989,34.2301242667871,-93.4103403083113,159.726709472544,155.527843941751,2004.80113446921,2009,20.2740426325567,"139950000"
"375",429,430,19.826235869236,32.7379416895092,-96.4204234313452,31.9294062570412,-95.6092807183879,122.326014394682,102.499778525446,1951.7730690529,1971.59930492214,117.995240327907,"139950000"
"376",429,431,37.7543731272067,32.7379416895092,-96.4204234313452,30.2222377576405,-92.0828690339417,140.254151652652,102.499778525446,1951.7730690529,1989.52744218011,497.931398182643,"139950000"
"377",430,188,11.4006950778625,31.9294062570412,-95.6092807183879,31.79833,-95.15047,133.726709472544,122.326014394682,1971.59930492214,1983,45.7679805725383,"139950000"
"378",430,187,12.4006950778625,31.9294062570412,-95.6092807183879,31.5733768457355,-94.6608745496959,134.726709472544,122.326014394682,1971.59930492214,1984,98.1380157001436,"139950000"
"379",431,432,0.214219846994439,30.2222377576405,-92.0828690339417,30.3101861876836,-92.0520008604597,140.468371499647,140.254151652652,1989.52744218011,1989.7416620271,10.2307273240109,"139950000"
"380",431,193,3.47255781989186,30.2222377576405,-92.0828690339417,30.2039050867232,-92.0264042244128,143.726709472544,140.254151652652,1989.52744218011,1993,5.80274305217467,"139950000"
"381",432,189,3.25833797289742,30.3101861876836,-92.0520008604597,30.2617272868907,-92.0619000356416,143.726709472544,140.468371499647,1989.7416620271,1993,5.47792132250811,"139950000"
"382",432,433,1.08867629816984,30.3101861876836,-92.0520008604597,30.3113581388909,-92.0497175078928,141.557047797817,140.468371499647,1989.7416620271,1990.83033832527,0.255297891575207,"139950000"
"383",433,434,2.1579618950251,30.3113581388909,-92.0497175078928,30.2244710969549,-92.0061250032789,143.715009692842,141.557047797817,1990.83033832527,1992.9883002203,10.5416543122958,"139950000"
"384",433,190,2.16966167472761,30.3113581388909,-92.0497175078928,30.252572778332,-91.995042000158,143.726709472544,141.557047797817,1990.83033832527,1993,8.39370176557249,"139950000"
"385",434,191,0.0116997797024787,30.2244710969549,-92.0061250032789,30.1692720064902,-92.0449322909336,143.726709472544,143.715009692842,1992.9883002203,1993,7.19048227748464,"139950000"
"386",434,192,0.0116997797024787,30.2244710969549,-92.0061250032789,30.221490687746,-91.9936961322441,143.726709472544,143.715009692842,1992.9883002203,1993,1.24074267253864,"139950000"
"387",435,480,13.556529377308,31.6597522650956,-98.0256643799904,31.7601436364611,-97.5582414472813,79.2775756496534,65.7210462723454,1914.9943367998,1928.55086617711,45.6564181393826,"139950000"
"388",435,436,63.0097742672838,31.6597522650956,-98.0256643799904,38.2682827850008,-97.0539028374355,128.730820539629,65.7210462723454,1914.9943367998,1978.00411106708,740.995142375494,"139950000"
"389",436,437,5.87765458395755,38.2682827850008,-97.0539028374355,38.3451589329654,-97.294849534597,134.608475123587,128.730820539629,1978.00411106708,1983.88176565104,22.721536392047,"139950000"
"390",436,475,20.0555110834906,38.2682827850008,-97.0539028374355,38.0585698367139,-96.7232346039356,148.78633162312,128.730820539629,1978.00411106708,1998.05962215058,37.1850387618307,"139950000"
"391",437,438,3.88310471953187,38.3451589329654,-97.294849534597,38.3320652419383,-97.7421793302855,138.491579843119,134.608475123587,1983.88176565104,1987.76487037057,39.0870160304873,"139950000"
"392",437,194,8.11823434895745,38.3451589329654,-97.294849534597,38.4,-97.1508,142.726709472544,134.608475123587,1983.88176565104,1992,13.9761388374185,"139950000"
"393",438,439,10.3327561329319,38.3320652419383,-97.7421793302855,38.771345092865,-99.5287969501957,148.824335976051,138.491579843119,1987.76487037057,1998.09762650351,163.046482622058,"139950000"
"394",438,459,3.06994198381063,38.3320652419383,-97.7421793302855,37.7781613589816,-97.6753488438093,141.561521826929,138.491579843119,1987.76487037057,1990.83481235439,61.9403747686597,"139950000"
"395",439,442,0.788519849254559,38.771345092865,-99.5287969501957,38.8913378017814,-99.3611741099308,149.612855825305,148.824335976051,1998.09762650351,1998.88614635276,19.7419245538505,"139950000"
"396",439,440,1.18203546016265,38.771345092865,-99.5287969501957,38.7747479814025,-99.485685925603,150.006371436213,148.824335976051,1998.09762650351,1999.27966196367,3.76080802863445,"139950000"
"397",440,441,4.05906411479795,38.7747479814025,-99.485685925603,38.5955512868528,-99.422600135197,154.065435551011,150.006371436213,1999.27966196367,2003.33872607847,20.6884115325557,"139950000"
"398",440,195,9.72033803633102,38.7747479814025,-99.485685925603,39.6413,-98.04428,159.726709472544,150.006371436213,1999.27966196367,2009,157.366450762916,"139950000"
"399",441,197,5.66127392153308,38.5955512868528,-99.422600135197,39.453032,-98.9576,159.726709472544,154.065435551011,2003.33872607847,2009,103.58304322834,"139950000"
"400",441,196,5.66127392153308,38.5955512868528,-99.422600135197,38.520718,-99.197528,159.726709472544,154.065435551011,2003.33872607847,2009,21.2906307123651,"139950000"
"401",442,443,1.24185937558948,38.8913378017814,-99.3611741099308,40.007265449293,-101.13721379442,150.854715200895,149.612855825305,1998.88614635276,2000.12800572835,196.822599055499,"139950000"
"402",442,455,4.32380325642036,38.8913378017814,-99.3611741099308,38.6872422503628,-100.156962932888,153.936659081725,149.612855825305,1998.88614635276,2003.20994960918,72.6937792791276,"139950000"
"403",443,448,0.461789178075731,40.007265449293,-101.13721379442,40.0266532269371,-101.14910727006,151.31650437897,150.854715200895,2000.12800572835,2000.58979490643,2.38465437277341,"139950000"
"404",443,444,1.45158350392948,40.007265449293,-101.13721379442,39.7591974480089,-100.969578473073,152.306298704824,150.854715200895,2000.12800572835,2001.57958923228,31.1079466042095,"139950000"
"405",444,445,1.787497680375,39.7591974480089,-100.969578473073,39.5797282125818,-102.348254440585,154.093796385199,152.306298704824,2001.57958923228,2003.36708691265,119.81552749273,"139950000"
"406",444,198,7.42041076772015,39.7591974480089,-100.969578473073,38.3656,-98.77695,159.726709472544,152.306298704824,2001.57958923228,2009,244.912909497068,"139950000"
"407",445,446,1.96708876028326,39.5797282125818,-102.348254440585,39.4224099208891,-102.928291274771,156.060885145482,154.093796385199,2003.36708691265,2005.33417567294,52.8127442042739,"139950000"
"408",445,447,2.66883189768053,39.5797282125818,-102.348254440585,39.797909779003,-105.041352997344,156.76262828288,154.093796385199,2003.36708691265,2006.03591881034,231.974084785165,"139950000"
"409",446,199,3.66582432706187,39.4224099208891,-102.928291274771,39.302976,-102.604272,159.726709472544,156.060885145482,2005.33417567294,2009,30.8954946987568,"139950000"
"410",446,200,7.66582432706187,39.4224099208891,-102.928291274771,38.14899,-104.51574,163.726709472544,156.060885145482,2005.33417567294,2013,197.660275351731,"139950000"
"411",447,202,1.9640811896646,39.797909779003,-105.041352997344,39.7723129456362,-104.935437862151,158.726709472544,156.76262828288,2006.03591881034,2008,9.49821969196783,"139950000"
"412",447,201,1.9640811896646,39.797909779003,-105.041352997344,39.7561540713834,-104.960376930157,158.726709472544,156.76262828288,2006.03591881034,2008,8.34300071426218,"139950000"
"413",448,449,6.08303154858245,40.0266532269371,-101.14910727006,40.1985848774518,-101.06647594524,157.399535927553,151.31650437897,2000.58979490643,2006.67282645501,20.3920473379242,"139950000"
"414",448,203,11.4102050935739,40.0266532269371,-101.14910727006,40.55931,-105.07696,162.726709472544,151.31650437897,2000.58979490643,2012,338.721523544669,"139950000"
"415",449,450,0.443583609741566,40.1985848774518,-101.06647594524,40.3525093679458,-101.125086587625,157.843119537294,157.399535927553,2006.67282645501,2007.11641006475,17.8439089385005,"139950000"
"416",449,453,2.17020981027041,40.1985848774518,-101.06647594524,39.8547638045997,-101.057558789269,159.569745737823,157.399535927553,2006.67282645501,2008.84303626528,38.2830404049274,"139950000"
"417",450,452,1.63263584510948,40.3525093679458,-101.125086587625,38.4986016491449,-101.147786631069,159.475755382404,157.843119537294,2007.11641006475,2008.74904590986,206.393413485044,"139950000"
"418",450,451,0.779405230353917,40.3525093679458,-101.125086587625,40.3409658241721,-101.119106503752,158.622524767648,157.843119537294,2007.11641006475,2007.8958152951,1.3816081983981,"139950000"
"419",451,205,1.10418470489594,40.3409658241721,-101.119106503752,40.4154,-101.407401,159.726709472544,158.622524767648,2007.8958152951,2009,25.8148127340514,"139950000"
"420",451,204,1.10418470489594,40.3409658241721,-101.119106503752,40.5101,-101.019681,159.726709472544,158.622524767648,2007.8958152951,2009,20.6279767527252,"139950000"
"421",452,207,0.250954090140378,38.4986016491449,-101.147786631069,38.4532,-101.12763,159.726709472544,159.475755382404,2008.74904590986,2009,5.35086818516538,"139950000"
"422",452,206,0.250954090140378,38.4986016491449,-101.147786631069,38.4788,-101.35829,159.726709472544,159.475755382404,2008.74904590986,2009,18.4745375559064,"139950000"
"423",453,210,0.156963734721011,39.8547638045997,-101.057558789269,39.8467369777123,-101.025598117035,159.726709472544,159.569745737823,2008.84303626528,2009,2.87396953704016,"139950000"
"424",453,454,0.0599065974276396,39.8547638045997,-101.057558789269,39.7990515012833,-101.064329426703,159.629652335251,159.569745737823,2008.84303626528,2008.90294286271,6.22906350396144,"139950000"
"425",454,209,0.0970571372933717,39.7990515012833,-101.064329426703,39.7846019448603,-101.080168348691,159.726709472544,159.629652335251,2008.90294286271,2009,2.10312023467406,"139950000"
"426",454,208,0.0970571372933717,39.7990515012833,-101.064329426703,39.8064,-101.04196,159.726709472544,159.629652335251,2008.90294286271,2009,2.08070761210495,"139950000"
"427",455,215,5.79005039081872,38.6872422503628,-100.156962932888,38.642899,-100.169024,159.726709472544,153.936659081725,2003.20994960918,2009,5.0465600192829,"139950000"
"428",455,456,1.40905710641135,38.6872422503628,-100.156962932888,38.6079341360312,-100.115795079169,155.345716188137,153.936659081725,2003.20994960918,2004.61900671559,9.52683845196847,"139950000"
"429",456,457,3.99044745361247,38.6079341360312,-100.115795079169,38.485815662069,-99.8958443155244,159.336163641749,155.345716188137,2004.61900671559,2008.60945416921,23.4850764416583,"139950000"
"430",456,458,3.97811712497573,38.6079341360312,-100.115795079169,38.4795787609631,-99.8066469224463,159.323833313113,155.345716188137,2004.61900671559,2008.59712384057,30.4750423567405,"139950000"
"431",457,212,0.390545830794908,38.485815662069,-99.8958443155244,38.4491759388588,-99.8923166564385,159.726709472544,159.336163641749,2008.60945416921,2009,4.09044879144494,"139950000"
"432",457,211,0.390545830794908,38.485815662069,-99.8958443155244,38.6365,-99.9318,159.726709472544,159.336163641749,2008.60945416921,2009,17.0642605787582,"139950000"
"433",458,214,0.402876159431645,38.4795787609631,-99.8066469224463,38.4751713311519,-99.8596542174168,159.726709472544,159.323833313113,2008.59712384057,2009,4.64558633698165,"139950000"
"434",458,213,0.402876159431645,38.4795787609631,-99.8066469224463,38.445977,-99.692549,159.726709472544,159.323833313113,2008.59712384057,2009,10.6258784978897,"139950000"
"435",459,461,11.290441433761,37.7781613589816,-97.6753488438093,41.7853408771363,-97.5237405952915,152.85196326069,141.561521826929,1990.83481235439,2002.12525378815,446.283016727285,"139950000"
"436",459,460,3.04562870883084,37.7781613589816,-97.6753488438093,37.5029493658078,-97.3610438269453,144.60715053576,141.561521826929,1990.83481235439,1993.88044106322,41.3077420303753,"139950000"
"437",460,216,15.1195589367841,37.5029493658078,-97.3610438269453,37.795228,-97.27866,159.726709472544,144.60715053576,1993.88044106322,2009,33.3380268580051,"139950000"
"438",460,217,15.1195589367841,37.5029493658078,-97.3610438269453,38.8217022098159,-97.6200369575413,159.726709472544,144.60715053576,1993.88044106322,2009,148.548421940822,"139950000"
"439",461,462,0.377376563257611,41.7853408771363,-97.5237405952915,41.779985228361,-97.4428670690908,153.229339823948,152.85196326069,2002.12525378815,2002.5026303514,6.73987282492028,"139950000"
"440",461,465,0.929502557913789,41.7853408771363,-97.5237405952915,41.7855994487629,-97.4782256667952,153.781465818604,152.85196326069,2002.12525378815,2003.05475634606,3.77821682948453,"139950000"
"441",462,464,1.57321839272795,41.779985228361,-97.4428670690908,41.9397443757167,-97.4465121576788,154.802558216676,153.229339823948,2002.5026303514,2004.07584874413,17.787574426583,"139950000"
"442",462,463,0.566231036863471,41.779985228361,-97.4428670690908,41.8150288382744,-97.4811672266709,153.795570860811,153.229339823948,2002.5026303514,2003.06886138827,5.0321911323245,"139950000"
"443",463,218,5.93113861173284,41.8150288382744,-97.4811672266709,41.990852130115,-97.4152030198618,159.726709472544,153.795570860811,2003.06886138827,2009,20.3220827107015,"139950000"
"444",463,219,5.93113861173287,41.8150288382744,-97.4811672266709,41.4048,-99.639673,159.726709472544,153.795570860811,2003.06886138827,2009,185.37073262176,"139950000"
"445",464,220,0.924151255868361,41.9397443757167,-97.4465121576788,41.9931879714979,-97.4078954132902,155.726709472544,154.802558216676,2004.07584874413,2005,6.75383802763268,"139950000"
"446",464,221,4.92415125586836,41.9397443757167,-97.4465121576788,42.4177,-97.09605602,159.726709472544,154.802558216676,2004.07584874413,2009,60.5552556920276,"139950000"
"447",465,467,0.469833956847614,41.7855994487629,-97.4782256667952,41.6760698956577,-97.6690630481349,154.251299775452,153.781465818604,2003.05475634606,2003.52459030291,20.001036380445,"139950000"
"448",465,466,0.993104263164128,41.7855994487629,-97.4782256667952,41.4107822315947,-96.6856393291892,154.774570081768,153.781465818604,2003.05475634606,2004.04786060922,78.0687402401705,"139950000"
"449",466,223,4.95213939077604,41.4107822315947,-96.6856393291892,41.266274,-96.721351,159.726709472544,154.774570081768,2004.04786060922,2009,16.3617943338917,"139950000"
"450",466,222,4.95213939077604,41.4107822315947,-96.6856393291892,41.4839733111216,-97.3826540361039,159.726709472544,154.774570081768,2004.04786060922,2009,58.729728206407,"139950000"
"451",467,468,0.599425259317611,41.6760698956577,-97.6690630481349,41.6517924634668,-97.6355212300045,154.850725034769,154.251299775452,2003.52459030291,2004.12401556223,3.88403735893631,"139950000"
"452",467,224,5.47540969709255,41.6760698956577,-97.6690630481349,40.4404,-95.38151802,159.726709472544,154.251299775452,2003.52459030291,2009,236.196413948963,"139950000"
"453",468,225,4.87598443777494,41.6517924634668,-97.6355212300045,41.4499763045305,-97.3096328889733,159.726709472544,154.850725034769,2004.12401556223,2009,35.2404541667198,"139950000"
"454",468,469,3.10458579543686,41.6517924634668,-97.6355212300045,40.4900985178063,-97.5625309134931,157.955310830206,154.850725034769,2004.12401556223,2007.22860135766,129.469254427407,"139950000"
"455",469,226,1.77139864233805,40.4900985178063,-97.5625309134931,40.4124,-97.44897498,159.726709472544,157.955310830206,2007.22860135766,2009,12.9365679911269,"139950000"
"456",469,470,0.201161596928883,40.4900985178063,-97.5625309134931,39.8397535096251,-97.1638284837133,158.156472427135,157.955310830206,2007.22860135766,2007.42976295459,79.9502423993308,"139950000"
"457",470,227,1.57023704540917,39.8397535096251,-97.1638284837133,38.864866052546,-97.6214926340603,159.726709472544,158.156472427135,2007.42976295459,2009,115.457250903963,"139950000"
"458",470,471,0.439454771680596,39.8397535096251,-97.1638284837133,41.0180413503659,-101.032974913896,158.595927198816,158.156472427135,2007.42976295459,2007.86921772627,353.099098392977,"139950000"
"459",471,474,0.853789638346917,41.0180413503659,-101.032974913896,41.0980600568289,-100.701955378963,159.449716837163,158.595927198816,2007.86921772627,2008.72300736462,29.1797622707483,"139950000"
"460",471,472,0.35011062026043,41.0180413503659,-101.032974913896,39.8290059314049,-100.606650621867,158.946037819076,158.595927198816,2007.86921772627,2008.21932834653,137.209774038048,"139950000"
"461",472,473,0.106761873004179,39.8290059314049,-100.606650621867,39.8121016649904,-100.534842195585,159.05279969208,158.946037819076,2008.21932834653,2008.32609021954,6.42173613296038,"139950000"
"462",472,230,0.780671653468174,39.8290059314049,-100.606650621867,39.7837717629632,-100.571269266277,159.726709472544,158.946037819076,2008.21932834653,2009,5.87480372638044,"139950000"
"463",473,228,0.673909780463966,39.8121016649904,-100.534842195585,39.8490696391883,-100.492522131216,159.726709472544,159.05279969208,2008.32609021954,2009,5.47962088928296,"139950000"
"464",473,229,0.673909780463966,39.8121016649904,-100.534842195585,39.821235,-100.528369,159.726709472544,159.05279969208,2008.32609021954,2009,1.15765601590724,"139950000"
"465",474,231,0.276992635381658,41.0980600568289,-100.701955378963,41.1498257225555,-100.742647407934,159.726709472544,159.449716837163,2008.72300736462,2009,6.69729506413205,"139950000"
"466",474,232,0.276992635381658,41.0980600568289,-100.701955378963,41.1332873508605,-100.76458447841,159.726709472544,159.449716837163,2008.72300736462,2009,6.5551391314048,"139950000"
"467",475,238,10.9403778494245,38.0585698367139,-96.7232346039356,37.922778,-95.400278,159.726709472544,148.78633162312,1998.05962215058,2009,117.049560148035,"139950000"
"468",475,476,3.90852400536188,38.0585698367139,-96.7232346039356,38.17073512203,-97.1485737420986,152.694855628482,148.78633162312,1998.05962215058,2001.96814615594,39.29109124435,"139950000"
"469",476,478,5.29722845301099,38.17073512203,-97.1485737420986,38.3478767248887,-97.3447353589232,157.992084081493,152.694855628482,2001.96814615594,2007.26537460895,26.1324610322503,"139950000"
"470",476,477,5.89140341191466,38.17073512203,-97.1485737420986,37.7077267516668,-97.2618623085279,158.586259040396,152.694855628482,2001.96814615594,2007.85954956785,52.4947749456106,"139950000"
"471",477,233,1.14045043214788,37.7077267516668,-97.2618623085279,37.688889,-97.336111,159.726709472544,158.586259040396,2007.85954956785,2009,6.86811887219794,"139950000"
"472",477,234,1.14045043214788,37.7077267516668,-97.2618623085279,37.7413,-97.24922,159.726709472544,158.586259040396,2007.85954956785,2009,3.89976065076194,"139950000"
"473",478,479,0.0952965080490884,38.3478767248887,-97.3447353589232,38.4013574947558,-97.3665550936183,158.087380589542,157.992084081493,2007.26537460895,2007.360671117,6.25082045825132,"139950000"
"474",478,235,1.73462539105155,38.3478767248887,-97.3447353589232,38.373333,-97.302778,159.726709472544,157.992084081493,2007.26537460895,2009,4.63086809585929,"139950000"
"475",479,236,1.63932888300246,38.4013574947558,-97.3665550936183,38.5023,-97.26126,159.726709472544,158.087380589542,2007.360671117,2009,14.5101667716227,"139950000"
"476",479,237,1.63932888300249,38.4013574947558,-97.3665550936183,38.383056,-97.536944,159.726709472544,158.087380589542,2007.360671117,2009,15.0059284824928,"139950000"
"477",480,481,6.96604762147636,31.7601436364611,-97.5582414472813,31.4206344269647,-97.3208680206219,86.2436232711297,79.2775756496534,1928.55086617711,1935.51691379859,43.9905888532921,"139950000"
"478",480,239,56.4491338228909,31.7601436364611,-97.5582414472813,30.74796,-99.23194,135.726709472544,79.2775756496534,1928.55086617711,1985,195.104817571387,"139950000"
"479",481,240,76.4830862014145,31.4206344269647,-97.3208680206219,32.37986,-95.26828,162.726709472544,86.2436232711297,1935.51691379859,2012,221.432951224695,"139950000"
"480",481,241,48.4830862014145,31.4206344269647,-97.3208680206219,31.90012,-97.62983,134.726709472544,86.2436232711297,1935.51691379859,1984,60.8794259283375,"139950000"
